{"type":"FeatureCollection","features":[{"type":"Feature","geometry":{"type":"Polygon","coordinates":[[[-3.05416,53.44433],[-3.05633,53.44332],[-3.05577,53.4416],[-3.05306,53.44088],[-3.05089,53.44189],[-3.05145,53.44362],[-3.05416,53.44433]]]},"properties":{"h3":"891951008a7ffff","c":0,"f":0,"cs":1.8,"fs":0.0,"score":1.0,"pct":75,"n":3}},{"type":"Feature","geometry":{"type":"Polygon","coordinates":[[[-3.04431,53.42909],[-3.04647,53.42808],[-3.04592,53.42635],[-3.04321,53.42564],[-3.04104,53.42665],[-3.0416,53.42837],[-3.04431,53.42909]]]},"properties":{"h3":"89195100907ffff","c":0,"f":0,"cs":1.6,"fs":0.0,"score":1.0,"pct":75,"price":191000,"n":205,"outcode":"CH45","apprec":1.79,"value":0.153}},{"type":"Feature","geometry":{"type":"Polygon","coordinates":[[[-3.04597,53.43427],[-3.04813,53.43326],[-3.04758,53.43153],[-3.04486,53.43082],[-3.0427,53.43182],[-3.04325,53.43355],[-3.04597,53.43427]]]},"properties":{"h3":"89195100913ffff","c":0,"f":0,"cs":2.8,"fs":0.0,"score":1.0,"pct":75,"price":198497,"n":246,"outcode":"CH45","apprec":1.79,"value":0.131}},{"type":"Feature","geometry":{"type":"Polygon","coordinates":[[[-3.0427,53.43182],[-3.04486,53.43082],[-3.04431,53.42909],[-3.0416,53.42837],[-3.03943,53.42938],[-3.03999,53.43111],[-3.0427,53.43182]]]},"properties":{"h3":"89195100917ffff","c":1,"f":0,"cs":2.3,"fs":0.0,"score":1.0,"pct":75,"price":193000,"n":260,"outcode":"CH45","apprec":1.79,"value":0.146}},{"type":"Feature","geometry":{"type":"Polygon","coordinates":[[[-3.04265,53.42391],[-3.04482,53.4229],[-3.04426,53.42117],[-3.04155,53.42046],[-3.03939,53.42147],[-3.03994,53.42319],[-3.04265,53.42391]]]},"properties":{"h3":"89195100923ffff","c":0,"f":0,"cs":5.7,"fs":0.7,"score":0.768,"pct":27,"price":155475,"n":218,"outcode":"CH45","apprec":1.79,"value":-0.143}},{"type":"Feature","geometry":{"type":"Polygon","coordinates":[[[-3.03939,53.42147],[-3.04155,53.42046],[-3.041,53.41873],[-3.03828,53.41801],[-3.03612,53.41902],[-3.03667,53.42075],[-3.03939,53.42147]]]},"properties":{"h3":"89195100927ffff","c":1,"f":0,"cs":5.4,"fs":0.9,"score":0.72,"pct":23,"price":156725,"n":196,"outcode":"CH44","apprec":1.84,"value":-0.184}},{"type":"Feature","geometry":{"type":"Polygon","coordinates":[[[-3.04753,53.42362],[-3.04969,53.42261],[-3.04914,53.42088],[-3.04642,53.42016],[-3.04426,53.42117],[-3.04482,53.4229],[-3.04753,53.42362]]]},"properties":{"h3":"8919510092bffff","c":2,"f":0,"cs":6.9,"fs":1.2,"score":0.702,"pct":22,"price":159975,"n":228,"outcode":"CH45","apprec":1.79,"value":-0.207}},{"type":"Feature","geometry":{"type":"Polygon","coordinates":[[[-3.04426,53.42117],[-3.04642,53.42016],[-3.04587,53.41844],[-3.04316,53.41772],[-3.041,53.41873],[-3.04155,53.42046],[-3.04426,53.42117]]]},"properties":{"h3":"8919510092fffff","c":4,"f":1,"cs":8.5,"fs":1.6,"score":0.683,"pct":21,"price":152750,"n":206,"outcode":"CH44","apprec":1.84,"value":-0.182}},{"type":"Feature","geometry":{"type":"Polygon","coordinates":[[[-3.04104,53.42665],[-3.04321,53.42564],[-3.04265,53.42391],[-3.03994,53.42319],[-3.03778,53.4242],[-3.03833,53.42593],[-3.04104,53.42665]]]},"properties":{"h3":"89195100933ffff","c":0,"f":0,"cs":2.0,"fs":0.1,"score":0.871,"pct":37,"price":168000,"n":199,"outcode":"CH45","apprec":1.79,"value":-0.111}},{"type":"Feature","geometry":{"type":"Polygon","coordinates":[[[-3.03778,53.4242],[-3.03994,53.42319],[-3.03939,53.42147],[-3.03667,53.42075],[-3.03451,53.42176],[-3.03506,53.42348],[-3.03778,53.4242]]]},"properties":{"h3":"89195100937ffff","c":0,"f":0,"cs":3.0,"fs":0.1,"score":0.915,"pct":44,"price":157500,"n":219,"outcode":"CH44","apprec":1.84,"value":0.024}},{"type":"Feature","geometry":{"type":"Polygon","coordinates":[[[-3.04592,53.42635],[-3.04808,53.42534],[-3.04753,53.42362],[-3.04482,53.4229],[-3.04265,53.42391],[-3.04321,53.42564],[-3.04592,53.42635]]]},"properties":{"h3":"8919510093bffff","c":1,"f":0,"cs":3.4,"fs":0.3,"score":0.854,"pct":35,"price":167750,"n":210,"outcode":"CH45","apprec":1.79,"value":-0.135}},{"type":"Feature","geometry":{"type":"Polygon","coordinates":[[[-3.06548,53.4331],[-3.06764,53.43209],[-3.06709,53.43036],[-3.06437,53.42965],[-3.06221,53.43065],[-3.06276,53.43238],[-3.06548,53.4331]]]},"properties":{"h3":"8919510094bffff","c":0,"f":0,"cs":1.8,"fs":0.1,"score":0.862,"pct":36,"price":225000,"n":98,"outcode":"CH45","apprec":1.79,"value":-0.367}},{"type":"Feature","geometry":{"type":"Polygon","coordinates":[[[-3.06221,53.43065],[-3.06437,53.42965],[-3.06382,53.42792],[-3.0611,53.4272],[-3.05894,53.42821],[-3.05949,53.42994],[-3.06221,53.43065]]]},"properties":{"h3":"8919510094fffff","c":0,"f":0,"cs":2.4,"fs":0.1,"score":0.895,"pct":40,"price":299000,"n":128,"outcode":"CH45","apprec":1.79,"value":-0.514}},{"type":"Feature","geometry":{"type":"Polygon","coordinates":[[[-3.05567,53.42577],[-3.05783,53.42476],[-3.05728,53.42303],[-3.05457,53.42232],[-3.05241,53.42332],[-3.05296,53.42505],[-3.05567,53.42577]]]},"properties":{"h3":"89195100963ffff","c":1,"f":0,"cs":3.4,"fs":0.1,"score":0.923,"pct":45,"price":240000,"n":170,"outcode":"CH45","apprec":1.79,"value":-0.331}},{"type":"Feature","geometry":{"type":"Polygon","coordinates":[[[-3.05241,53.42332],[-3.05457,53.42232],[-3.05401,53.42059],[-3.0513,53.41987],[-3.04914,53.42088],[-3.04969,53.42261],[-3.05241,53.42332]]]},"properties":{"h3":"89195100967ffff","c":0,"f":0,"cs":4.6,"fs":0.7,"score":0.722,"pct":23,"price":189500,"n":216,"outcode":"CH45","apprec":1.79,"value":-0.352}},{"type":"Feature","geometry":{"type":"Polygon","coordinates":[[[-3.06055,53.42548],[-3.06271,53.42447],[-3.06216,53.42274],[-3.05944,53.42202],[-3.05728,53.42303],[-3.05783,53.42476],[-3.06055,53.42548]]]},"properties":{"h3":"8919510096bffff","c":0,"f":0,"cs":6.3,"fs":0.1,"score":0.958,"pct":48,"price":241000,"n":170,"outcode":"CH45","apprec":1.79,"value":-0.299}},{"type":"Feature","geometry":{"type":"Polygon","coordinates":[[[-3.05728,53.42303],[-3.05944,53.42202],[-3.05889,53.4203],[-3.05618,53.41958],[-3.05401,53.42059],[-3.05457,53.42232],[-3.05728,53.42303]]]},"properties":{"h3":"8919510096fffff","c":1,"f":0,"cs":3.7,"fs":0.1,"score":0.929,"pct":45,"price":235000,"n":178,"outcode":"CH44","apprec":1.84,"value":-0.309}},{"type":"Feature","geometry":{"type":"Polygon","coordinates":[[[-3.0508,53.42606],[-3.05296,53.42505],[-3.05241,53.42332],[-3.04969,53.42261],[-3.04753,53.42362],[-3.04808,53.42534],[-3.0508,53.42606]]]},"properties":{"h3":"89195100977ffff","c":0,"f":0,"cs":3.4,"fs":0.3,"score":0.851,"pct":34,"price":195000,"n":208,"outcode":"CH45","apprec":1.79,"value":-0.272}},{"type":"Feature","geometry":{"type":"Polygon","coordinates":[[[-3.05894,53.42821],[-3.0611,53.4272],[-3.06055,53.42548],[-3.05783,53.42476],[-3.05567,53.42577],[-3.05623,53.42749],[-3.05894,53.42821]]]},"properties":{"h3":"8919510097bffff","c":0,"f":0,"cs":2.1,"fs":0.1,"score":0.879,"pct":38,"price":275000,"n":167,"outcode":"CH45","apprec":1.79,"value":-0.497}},{"type":"Feature","geometry":{"type":"Polygon","coordinates":[[[-3.03948,53.4373],[-3.04164,53.43629],[-3.04109,53.43456],[-3.03838,53.43384],[-3.03622,53.43485],[-3.03677,53.43658],[-3.03948,53.4373]]]},"properties":{"h3":"89195100983ffff","c":0,"f":0,"cs":10.0,"fs":0.1,"score":0.973,"pct":50,"price":197000,"n":217,"outcode":"CH45","apprec":1.79,"value":-0.118}},{"type":"Feature","geometry":{"type":"Polygon","coordinates":[[[-3.03622,53.43485],[-3.03838,53.43384],[-3.03782,53.43212],[-3.03511,53.4314],[-3.03295,53.43241],[-3.0335,53.43413],[-3.03622,53.43485]]]},"properties":{"h3":"89195100987ffff","c":4,"f":0,"cs":6.0,"fs":0.0,"score":1.0,"pct":75,"price":226150,"n":175,"outcode":"CH45","apprec":1.79,"value":0.019}},{"type":"Feature","geometry":{"type":"Polygon","coordinates":[[[-3.04436,53.437],[-3.04652,53.43599],[-3.04597,53.43427],[-3.04325,53.43355],[-3.04109,53.43456],[-3.04164,53.43629],[-3.04436,53.437]]]},"properties":{"h3":"8919510098bffff","c":0,"f":0,"cs":7.8,"fs":0.1,"score":0.966,"pct":49,"price":188000,"n":263,"outcode":"CH45","apprec":1.79,"value":-0.082}},{"type":"Feature","geometry":{"type":"Polygon","coordinates":[[[-3.04109,53.43456],[-3.04325,53.43355],[-3.0427,53.43182],[-3.03999,53.43111],[-3.03782,53.43212],[-3.03838,53.43384],[-3.04109,53.43456]]]},"properties":{"h3":"8919510098fffff","c":1,"f":0,"cs":5.5,"fs":0.0,"score":1.0,"pct":75,"price":200000,"n":283,"outcode":"CH45","apprec":1.79,"value":0.121}},{"type":"Feature","geometry":{"type":"Polygon","coordinates":[[[-3.03787,53.44003],[-3.04003,53.43902],[-3.03948,53.4373],[-3.03677,53.43658],[-3.03461,53.43759],[-3.03516,53.43931],[-3.03787,53.44003]]]},"properties":{"h3":"89195100993ffff","c":3,"f":0,"cs":9.1,"fs":0.6,"score":0.876,"pct":38,"price":180000,"n":108,"outcode":"CH45","apprec":1.79,"value":-0.163}},{"type":"Feature","geometry":{"type":"Polygon","coordinates":[[[-3.03461,53.43759],[-3.03677,53.43658],[-3.03622,53.43485],[-3.0335,53.43413],[-3.03134,53.43514],[-3.03189,53.43687],[-3.03461,53.43759]]]},"properties":{"h3":"89195100997ffff","c":0,"f":0,"cs":5.3,"fs":0.1,"score":0.95,"pct":48,"price":209500,"n":94,"outcode":"CH45","apprec":1.79,"value":-0.181}},{"type":"Feature","geometry":{"type":"Polygon","coordinates":[[[-3.04275,53.43974],[-3.04491,53.43873],[-3.04436,53.437],[-3.04164,53.43629],[-3.03948,53.4373],[-3.04003,53.43902],[-3.04275,53.43974]]]},"properties":{"h3":"8919510099bffff","c":6,"f":0,"cs":14.7,"fs":0.6,"score":0.921,"pct":44,"price":190000,"n":173,"outcode":"CH45","apprec":1.79,"value":-0.145}},{"type":"Feature","geometry":{"type":"Polygon","coordinates":[[[-3.03943,53.42938],[-3.0416,53.42837],[-3.04104,53.42665],[-3.03833,53.42593],[-3.03617,53.42694],[-3.03672,53.42866],[-3.03943,53.42938]]]},"properties":{"h3":"891951009abffff","c":0,"f":0,"cs":1.7,"fs":0.0,"score":1.0,"pct":75,"price":200000,"n":220,"outcode":"CH45","apprec":1.79,"value":0.121}},{"type":"Feature","geometry":{"type":"Polygon","coordinates":[[[-3.03617,53.42694],[-3.03833,53.42593],[-3.03778,53.4242],[-3.03506,53.42348],[-3.0329,53.42449],[-3.03345,53.42622],[-3.03617,53.42694]]]},"properties":{"h3":"891951009afffff","c":0,"f":0,"cs":1.6,"fs":0.0,"score":1.0,"pct":75,"price":178250,"n":202,"outcode":"CH45","apprec":1.79,"value":0.223}},{"type":"Feature","geometry":{"type":"Polygon","coordinates":[[[-3.03295,53.43241],[-3.03511,53.4314],[-3.03456,53.42967],[-3.03184,53.42896],[-3.02968,53.42996],[-3.03023,53.43169],[-3.03295,53.43241]]]},"properties":{"h3":"891951009b3ffff","c":0,"f":0,"cs":2.7,"fs":0.0,"score":1.0,"pct":75,"price":248725,"n":124,"outcode":"CH45","apprec":1.79,"value":-0.054}},{"type":"Feature","geometry":{"type":"Polygon","coordinates":[[[-3.03782,53.43212],[-3.03999,53.43111],[-3.03943,53.42938],[-3.03672,53.42866],[-3.03456,53.42967],[-3.03511,53.4314],[-3.03782,53.43212]]]},"properties":{"h3":"891951009bbffff","c":0,"f":0,"cs":3.6,"fs":0.0,"score":1.0,"pct":75,"price":220000,"n":256,"outcode":"CH45","apprec":1.79,"value":0.051}},{"type":"Feature","geometry":{"type":"Polygon","coordinates":[[[-3.0525,53.43915],[-3.05467,53.43815],[-3.05411,53.43642],[-3.0514,53.4357],[-3.04924,53.43671],[-3.04979,53.43844],[-3.0525,53.43915]]]},"properties":{"h3":"891951009c3ffff","c":0,"f":0,"cs":3.6,"fs":0.0,"score":1.0,"pct":75,"price":189975,"n":180,"outcode":"CH45","apprec":1.79,"value":0.169}},{"type":"Feature","geometry":{"type":"Polygon","coordinates":[[[-3.04924,53.43671],[-3.0514,53.4357],[-3.05085,53.43398],[-3.04813,53.43326],[-3.04597,53.43427],[-3.04652,53.43599],[-3.04924,53.43671]]]},"properties":{"h3":"891951009c7ffff","c":0,"f":0,"cs":3.4,"fs":0.0,"score":1.0,"pct":75,"price":183000,"n":249,"outcode":"CH45","apprec":1.79,"value":0.194}},{"type":"Feature","geometry":{"type":"Polygon","coordinates":[[[-3.05089,53.44189],[-3.05306,53.44088],[-3.0525,53.43915],[-3.04979,53.43844],[-3.04763,53.43945],[-3.04818,53.44117],[-3.05089,53.44189]]]},"properties":{"h3":"891951009d3ffff","c":1,"f":0,"cs":7.4,"fs":0.1,"score":0.964,"pct":49,"price":180000,"n":80,"outcode":"CH45","apprec":1.79,"value":-0.051}},{"type":"Feature","geometry":{"type":"Polygon","coordinates":[[[-3.04763,53.43945],[-3.04979,53.43844],[-3.04924,53.43671],[-3.04652,53.43599],[-3.04436,53.437],[-3.04491,53.43873],[-3.04763,53.43945]]]},"properties":{"h3":"891951009d7ffff","c":2,"f":0,"cs":11.2,"fs":0.1,"score":0.976,"pct":50,"price":180000,"n":167,"outcode":"CH45","apprec":1.79,"value":-0.041}},{"type":"Feature","geometry":{"type":"Polygon","coordinates":[[[-3.05577,53.4416],[-3.05794,53.44059],[-3.05738,53.43886],[-3.05467,53.43815],[-3.0525,53.43915],[-3.05306,53.44088],[-3.05577,53.4416]]]},"properties":{"h3":"891951009dbffff","c":0,"f":0,"cs":1.8,"fs":0.0,"score":1.0,"pct":75,"price":180000,"n":88,"outcode":"CH45","apprec":1.79,"value":0.21}},{"type":"Feature","geometry":{"type":"Polygon","coordinates":[[[-3.06869,53.42763],[-3.07086,53.42662],[-3.0703,53.42489],[-3.06759,53.42417],[-3.06543,53.42518],[-3.06598,53.42691],[-3.06869,53.42763]]]},"properties":{"h3":"89195100ba3ffff","c":0,"f":1,"cs":5.6,"fs":1.0,"score":0.697,"pct":22,"price":250000,"n":164,"outcode":"CH45","apprec":1.79,"value":-0.604}},{"type":"Feature","geometry":{"type":"Polygon","coordinates":[[[-3.06543,53.42518],[-3.06759,53.42417],[-3.06703,53.42245],[-3.06432,53.42173],[-3.06216,53.42274],[-3.06271,53.42447],[-3.06543,53.42518]]]},"properties":{"h3":"89195100ba7ffff","c":7,"f":0,"cs":8.1,"fs":0.6,"score":0.861,"pct":36,"price":212500,"n":165,"outcode":"CH45","apprec":1.79,"value":-0.321}},{"type":"Feature","geometry":{"type":"Polygon","coordinates":[[[-3.07357,53.42733],[-3.07573,53.42632],[-3.07518,53.4246],[-3.07246,53.42388],[-3.0703,53.42489],[-3.07086,53.42662],[-3.07357,53.42733]]]},"properties":{"h3":"89195100babffff","c":0,"f":0,"cs":1.2,"fs":0.6,"score":0.335,"pct":4,"price":270000,"n":123,"outcode":"CH45","apprec":1.79,"value":-0.831}},{"type":"Feature","geometry":{"type":"Polygon","coordinates":[[[-3.0703,53.42489],[-3.07246,53.42388],[-3.07191,53.42215],[-3.0692,53.42144],[-3.06703,53.42245],[-3.06759,53.42417],[-3.0703,53.42489]]]},"properties":{"h3":"89195100bafffff","c":0,"f":0,"cs":4.7,"fs":0.6,"score":0.769,"pct":27,"price":225000,"n":159,"outcode":"CH45","apprec":1.79,"value":-0.46}},{"type":"Feature","geometry":{"type":"Polygon","coordinates":[[[-3.06709,53.43036],[-3.06925,53.42935],[-3.06869,53.42763],[-3.06598,53.42691],[-3.06382,53.42792],[-3.06437,53.42965],[-3.06709,53.43036]]]},"properties":{"h3":"89195100bb3ffff","c":2,"f":0,"cs":3.1,"fs":0.6,"score":0.671,"pct":19,"price":275000,"n":119,"outcode":"CH45","apprec":1.79,"value":-0.693}},{"type":"Feature","geometry":{"type":"Polygon","coordinates":[[[-3.06382,53.42792],[-3.06598,53.42691],[-3.06543,53.42518],[-3.06271,53.42447],[-3.06055,53.42548],[-3.0611,53.4272],[-3.06382,53.42792]]]},"properties":{"h3":"89195100bb7ffff","c":0,"f":0,"cs":5.9,"fs":0.6,"score":0.813,"pct":30,"price":232500,"n":158,"outcode":"CH45","apprec":1.79,"value":-0.463}},{"type":"Feature","geometry":{"type":"Polygon","coordinates":[[[-3.07196,53.43007],[-3.07413,53.42906],[-3.07357,53.42733],[-3.07086,53.42662],[-3.06869,53.42763],[-3.06925,53.42935],[-3.07196,53.43007]]]},"properties":{"h3":"89195100bbbffff","c":0,"f":0,"cs":2.2,"fs":0.6,"score":0.562,"pct":13,"price":295000,"n":93,"outcode":"CH45","apprec":1.79,"value":-0.792}},{"type":"Feature","geometry":{"type":"Polygon","coordinates":[[[-3.03626,53.44277],[-3.03842,53.44176],[-3.03787,53.44003],[-3.03516,53.43931],[-3.033,53.44032],[-3.03355,53.44205],[-3.03626,53.44277]]]},"properties":{"h3":"89195100d2bffff","c":0,"f":0,"cs":4.2,"fs":0.6,"score":0.747,"pct":25,"price":167500,"n":35,"outcode":"CH45","apprec":1.79,"value":-0.236}},{"type":"Feature","geometry":{"type":"Polygon","coordinates":[[[-3.033,53.44032],[-3.03516,53.43931],[-3.03461,53.43759],[-3.03189,53.43687],[-3.02973,53.43788],[-3.03028,53.4396],[-3.033,53.44032]]]},"properties":{"h3":"89195100d2fffff","c":0,"f":0,"cs":3.3,"fs":0.1,"score":0.921,"pct":44,"price":172500,"n":37,"outcode":"CH45","apprec":1.79,"value":-0.059}},{"type":"Feature","geometry":{"type":"Polygon","coordinates":[[[-3.04441,53.44492],[-3.04657,53.44391],[-3.04602,53.44218],[-3.0433,53.44147],[-3.04114,53.44247],[-3.04169,53.4442],[-3.04441,53.44492]]]},"properties":{"h3":"89195100d63ffff","c":0,"f":0,"cs":6.5,"fs":0.6,"score":0.829,"pct":31,"n":1}},{"type":"Feature","geometry":{"type":"Polygon","coordinates":[[[-3.04114,53.44247],[-3.0433,53.44147],[-3.04275,53.43974],[-3.04003,53.43902],[-3.03787,53.44003],[-3.03842,53.44176],[-3.04114,53.44247]]]},"properties":{"h3":"89195100d67ffff","c":1,"f":1,"cs":11.1,"fs":1.0,"score":0.835,"pct":32,"price":172500,"n":67,"outcode":"CH45","apprec":1.79,"value":-0.183}},{"type":"Feature","geometry":{"type":"Polygon","coordinates":[[[-3.04929,53.44463],[-3.05145,53.44362],[-3.05089,53.44189],[-3.04818,53.44117],[-3.04602,53.44218],[-3.04657,53.44391],[-3.04929,53.44463]]]},"properties":{"h3":"89195100d6bffff","c":0,"f":0,"cs":6.1,"fs":0.1,"score":0.956,"pct":48,"n":3}},{"type":"Feature","geometry":{"type":"Polygon","coordinates":[[[-3.04602,53.44218],[-3.04818,53.44117],[-3.04763,53.43945],[-3.04491,53.43873],[-3.04275,53.43974],[-3.0433,53.44147],[-3.04602,53.44218]]]},"properties":{"h3":"89195100d6fffff","c":7,"f":0,"cs":13.5,"fs":0.6,"score":0.914,"pct":43,"price":196500,"n":68,"outcode":"CH45","apprec":1.79,"value":-0.181}},{"type":"Feature","geometry":{"type":"Polygon","coordinates":[[[-3.03953,53.44521],[-3.04169,53.4442],[-3.04114,53.44247],[-3.03842,53.44176],[-3.03626,53.44277],[-3.03681,53.44449],[-3.03953,53.44521]]]},"properties":{"h3":"89195100d77ffff","c":0,"f":0,"cs":2.8,"fs":0.6,"score":0.641,"pct":17,"n":1}},{"type":"Feature","geometry":{"type":"Polygon","coordinates":[[[-3.0532,53.54989],[-3.05536,53.54888],[-3.05481,53.54716],[-3.05209,53.54644],[-3.04992,53.54745],[-3.05048,53.54917],[-3.0532,53.54989]]]},"properties":{"h3":"891951020c3ffff","c":1,"f":0,"cs":2.2,"fs":0.0,"score":1.0,"pct":75,"price":285000,"n":200,"outcode":"L37","apprec":1.58,"value":-0.146}},{"type":"Feature","geometry":{"type":"Polygon","coordinates":[[[-3.05808,53.5496],[-3.06025,53.54859],[-3.0597,53.54687],[-3.05698,53.54615],[-3.05481,53.54716],[-3.05536,53.54888],[-3.05808,53.5496]]]},"properties":{"h3":"891951020cbffff","c":0,"f":0,"cs":1.8,"fs":0.0,"score":1.0,"pct":75,"price":285000,"n":121,"outcode":"L37","apprec":1.58,"value":-0.146}},{"type":"Feature","geometry":{"type":"Polygon","coordinates":[[[-3.05158,53.55262],[-3.05375,53.55162],[-3.0532,53.54989],[-3.05048,53.54917],[-3.04831,53.55018],[-3.04886,53.55191],[-3.05158,53.55262]]]},"properties":{"h3":"891951020d3ffff","c":0,"f":0,"cs":2.0,"fs":0.0,"score":1.0,"pct":75,"price":265000,"n":213,"outcode":"L37","apprec":1.58,"value":-0.104}},{"type":"Feature","geometry":{"type":"Polygon","coordinates":[[[-3.05647,53.55233],[-3.05864,53.55133],[-3.05808,53.5496],[-3.05536,53.54888],[-3.0532,53.54989],[-3.05375,53.55162],[-3.05647,53.55233]]]},"properties":{"h3":"891951020dbffff","c":2,"f":0,"cs":3.8,"fs":0.0,"score":1.0,"pct":75,"price":267900,"n":162,"outcode":"L37","apprec":1.58,"value":-0.11}},{"type":"Feature","geometry":{"type":"Polygon","coordinates":[[[-3.02862,53.52762],[-3.03079,53.52662],[-3.03024,53.52489],[-3.02752,53.52417],[-3.02535,53.52518],[-3.0259,53.52691],[-3.02862,53.52762]]]},"properties":{"h3":"8919510211bffff","c":0,"f":0,"cs":1.8,"fs":0.0,"score":1.0,"pct":75,"price":245000,"n":15,"outcode":"L38","value":-0.043}},{"type":"Feature","geometry":{"type":"Polygon","coordinates":[[[-3.0319,53.53007],[-3.03406,53.52906],[-3.03351,53.52733],[-3.03079,53.52662],[-3.02862,53.52762],[-3.02918,53.52935],[-3.0319,53.53007]]]},"properties":{"h3":"891951021cfffff","c":2,"f":0,"cs":2.1,"fs":0.0,"score":1.0,"pct":75,"n":1}},{"type":"Feature","geometry":{"type":"Polygon","coordinates":[[[-3.07119,53.55937],[-3.07336,53.55836],[-3.0728,53.55664],[-3.07008,53.55592],[-3.06791,53.55693],[-3.06847,53.55865],[-3.07119,53.55937]]]},"properties":{"h3":"89195102603ffff","c":0,"f":0,"cs":2.0,"fs":0.0,"score":1.0,"pct":75,"price":430000,"n":87,"outcode":"L37","apprec":1.58,"value":-0.243}},{"type":"Feature","geometry":{"type":"Polygon","coordinates":[[[-3.06791,53.55693],[-3.07008,53.55592],[-3.06952,53.55419],[-3.0668,53.55348],[-3.06464,53.55448],[-3.06519,53.55621],[-3.06791,53.55693]]]},"properties":{"h3":"89195102607ffff","c":0,"f":0,"cs":6.1,"fs":0.0,"score":1.0,"pct":75,"price":340000,"n":105,"outcode":"L37","apprec":1.58,"value":-0.204}},{"type":"Feature","geometry":{"type":"Polygon","coordinates":[[[-3.06958,53.5621],[-3.07174,53.56109],[-3.07119,53.55937],[-3.06847,53.55865],[-3.0663,53.55966],[-3.06685,53.56138],[-3.06958,53.5621]]]},"properties":{"h3":"89195102613ffff","c":0,"f":0,"cs":2.2,"fs":0.0,"score":1.0,"pct":75,"price":400000,"n":71,"outcode":"L37","apprec":1.58,"value":-0.236}},{"type":"Feature","geometry":{"type":"Polygon","coordinates":[[[-3.0663,53.55966],[-3.06847,53.55865],[-3.06791,53.55693],[-3.06519,53.55621],[-3.06302,53.55722],[-3.06358,53.55894],[-3.0663,53.55966]]]},"properties":{"h3":"89195102617ffff","c":0,"f":0,"cs":8.5,"fs":0.0,"score":1.0,"pct":75,"price":340000,"n":81,"outcode":"L37","apprec":1.58,"value":-0.204}},{"type":"Feature","geometry":{"type":"Polygon","coordinates":[[[-3.06464,53.55448],[-3.0668,53.55348],[-3.06625,53.55175],[-3.06353,53.55104],[-3.06136,53.55204],[-3.06191,53.55377],[-3.06464,53.55448]]]},"properties":{"h3":"89195102633ffff","c":0,"f":0,"cs":6.4,"fs":0.0,"score":1.0,"pct":75,"price":321000,"n":113,"outcode":"L37","apprec":1.58,"value":-0.191}},{"type":"Feature","geometry":{"type":"Polygon","coordinates":[[[-3.06136,53.55204],[-3.06353,53.55104],[-3.06297,53.54931],[-3.06025,53.54859],[-3.05808,53.5496],[-3.05864,53.55133],[-3.06136,53.55204]]]},"properties":{"h3":"89195102637ffff","c":0,"f":0,"cs":2.6,"fs":0.0,"score":1.0,"pct":75,"price":310000,"n":111,"outcode":"L37","apprec":1.58,"value":-0.181}},{"type":"Feature","geometry":{"type":"Polygon","coordinates":[[[-3.0598,53.56268],[-3.06197,53.56167],[-3.06141,53.55995],[-3.05869,53.55923],[-3.05652,53.56024],[-3.05708,53.56196],[-3.0598,53.56268]]]},"properties":{"h3":"89195102687ffff","c":0,"f":0,"cs":4.3,"fs":0.0,"score":1.0,"pct":75,"price":270000,"n":105,"outcode":"L37","apprec":1.58,"value":-0.117}},{"type":"Feature","geometry":{"type":"Polygon","coordinates":[[[-3.06469,53.56239],[-3.06685,53.56138],[-3.0663,53.55966],[-3.06358,53.55894],[-3.06141,53.55995],[-3.06197,53.56167],[-3.06469,53.56239]]]},"properties":{"h3":"8919510268fffff","c":0,"f":0,"cs":4.4,"fs":0.0,"score":1.0,"pct":75,"price":290000,"n":99,"outcode":"L37","apprec":1.58,"value":-0.151}},{"type":"Feature","geometry":{"type":"Polygon","coordinates":[[[-3.05813,53.55751],[-3.0603,53.5565],[-3.05975,53.55477],[-3.05703,53.55406],[-3.05486,53.55506],[-3.05541,53.55679],[-3.05813,53.55751]]]},"properties":{"h3":"891951026a3ffff","c":0,"f":0,"cs":8.8,"fs":0.0,"score":1.0,"pct":75,"price":235000,"n":139,"outcode":"L37","apprec":1.58,"value":-0.013}},{"type":"Feature","geometry":{"type":"Polygon","coordinates":[[[-3.05486,53.55506],[-3.05703,53.55406],[-3.05647,53.55233],[-3.05375,53.55162],[-3.05158,53.55262],[-3.05214,53.55435],[-3.05486,53.55506]]]},"properties":{"h3":"891951026a7ffff","c":0,"f":0,"cs":3.4,"fs":0.0,"score":1.0,"pct":75,"price":245000,"n":155,"outcode":"L37","apprec":1.58,"value":-0.043}},{"type":"Feature","geometry":{"type":"Polygon","coordinates":[[[-3.06302,53.55722],[-3.06519,53.55621],[-3.06464,53.55448],[-3.06191,53.55377],[-3.05975,53.55477],[-3.0603,53.5565],[-3.06302,53.55722]]]},"properties":{"h3":"891951026abffff","c":9,"f":0,"cs":12.3,"fs":0.0,"score":1.0,"pct":75,"price":275000,"n":121,"outcode":"L37","apprec":1.58,"value":-0.128}},{"type":"Feature","geometry":{"type":"Polygon","coordinates":[[[-3.05975,53.55477],[-3.06191,53.55377],[-3.06136,53.55204],[-3.05864,53.55133],[-3.05647,53.55233],[-3.05703,53.55406],[-3.05975,53.55477]]]},"properties":{"h3":"891951026afffff","c":0,"f":0,"cs":7.5,"fs":0.0,"score":1.0,"pct":75,"price":259000,"n":114,"outcode":"L37","apprec":1.58,"value":-0.083}},{"type":"Feature","geometry":{"type":"Polygon","coordinates":[[[-3.05652,53.56024],[-3.05869,53.55923],[-3.05813,53.55751],[-3.05541,53.55679],[-3.05325,53.5578],[-3.0538,53.55952],[-3.05652,53.56024]]]},"properties":{"h3":"891951026b3ffff","c":0,"f":0,"cs":4.3,"fs":0.0,"score":1.0,"pct":75,"price":249450,"n":158,"outcode":"L37","apprec":1.58,"value":-0.055}},{"type":"Feature","geometry":{"type":"Polygon","coordinates":[[[-3.05325,53.5578],[-3.05541,53.55679],[-3.05486,53.55506],[-3.05214,53.55435],[-3.04997,53.55535],[-3.05053,53.55708],[-3.05325,53.5578]]]},"properties":{"h3":"891951026b7ffff","c":0,"f":0,"cs":2.3,"fs":0.0,"score":1.0,"pct":75,"price":245000,"n":165,"outcode":"L37","apprec":1.58,"value":-0.043}},{"type":"Feature","geometry":{"type":"Polygon","coordinates":[[[-3.06141,53.55995],[-3.06358,53.55894],[-3.06302,53.55722],[-3.0603,53.5565],[-3.05813,53.55751],[-3.05869,53.55923],[-3.06141,53.55995]]]},"properties":{"h3":"891951026bbffff","c":5,"f":0,"cs":10.5,"fs":0.0,"score":1.0,"pct":75,"price":245000,"n":117,"outcode":"L37","apprec":1.58,"value":-0.043}},{"type":"Feature","geometry":{"type":"Polygon","coordinates":[[[-3.02678,53.49082],[-3.02895,53.48981],[-3.02839,53.48808],[-3.02568,53.48737],[-3.02351,53.48837],[-3.02406,53.4901],[-3.02678,53.49082]]]},"properties":{"h3":"89195102843ffff","c":1,"f":0,"cs":8.4,"fs":0.1,"score":0.968,"pct":49,"price":240000,"n":194,"outcode":"L23","apprec":1.78,"value":-0.284}},{"type":"Feature","geometry":{"type":"Polygon","coordinates":[[[-3.02351,53.48837],[-3.02568,53.48737],[-3.02512,53.48564],[-3.02241,53.48492],[-3.02024,53.48593],[-3.0208,53.48766],[-3.02351,53.48837]]]},"properties":{"h3":"89195102847ffff","c":0,"f":0,"cs":2.8,"fs":0.1,"score":0.907,"pct":42,"price":274700,"n":161,"outcode":"L23","apprec":1.78,"value":-0.454}},{"type":"Feature","geometry":{"type":"Polygon","coordinates":[[[-3.03166,53.49053],[-3.03383,53.48952],[-3.03327,53.48779],[-3.03056,53.48708],[-3.02839,53.48808],[-3.02895,53.48981],[-3.03166,53.49053]]]},"properties":{"h3":"8919510284bffff","c":0,"f":0,"cs":6.6,"fs":0.1,"score":0.96,"pct":49,"price":250000,"n":216,"outcode":"L23","apprec":1.78,"value":-0.327}},{"type":"Feature","geometry":{"type":"Polygon","coordinates":[[[-3.02839,53.48808],[-3.03056,53.48708],[-3.03001,53.48535],[-3.02729,53.48463],[-3.02512,53.48564],[-3.02568,53.48737],[-3.02839,53.48808]]]},"properties":{"h3":"8919510284fffff","c":0,"f":0,"cs":5.7,"fs":0.6,"score":0.809,"pct":29,"price":280000,"n":168,"outcode":"L23","apprec":1.78,"value":-0.599}},{"type":"Feature","geometry":{"type":"Polygon","coordinates":[[[-3.02517,53.49355],[-3.02733,53.49254],[-3.02678,53.49082],[-3.02406,53.4901],[-3.0219,53.49111],[-3.02245,53.49283],[-3.02517,53.49355]]]},"properties":{"h3":"89195102853ffff","c":9,"f":0,"cs":12.0,"fs":0.0,"score":1.0,"pct":75,"price":232000,"n":196,"outcode":"L23","apprec":1.78,"value":-0.002}},{"type":"Feature","geometry":{"type":"Polygon","coordinates":[[[-3.0219,53.49111],[-3.02406,53.4901],[-3.02351,53.48837],[-3.0208,53.48766],[-3.01863,53.48866],[-3.01918,53.49039],[-3.0219,53.49111]]]},"properties":{"h3":"89195102857ffff","c":0,"f":0,"cs":6.6,"fs":0.0,"score":1.0,"pct":75,"price":250000,"n":157,"outcode":"L23","apprec":1.78,"value":-0.064}},{"type":"Feature","geometry":{"type":"Polygon","coordinates":[[[-3.03005,53.49326],[-3.03222,53.49225],[-3.03166,53.49053],[-3.02895,53.48981],[-3.02678,53.49082],[-3.02733,53.49254],[-3.03005,53.49326]]]},"properties":{"h3":"8919510285bffff","c":1,"f":0,"cs":9.7,"fs":0.0,"score":1.0,"pct":75,"price":232000,"n":163,"outcode":"L23","apprec":1.78,"value":-0.002}},{"type":"Feature","geometry":{"type":"Polygon","coordinates":[[[-3.02186,53.4832],[-3.02402,53.48219],[-3.02347,53.48046],[-3.02075,53.47975],[-3.01859,53.48075],[-3.01914,53.48248],[-3.02186,53.4832]]]},"properties":{"h3":"89195102863ffff","c":0,"f":0,"cs":3.8,"fs":0.3,"score":0.868,"pct":37,"price":234250,"n":196,"outcode":"L22","apprec":1.7,"value":-0.393}},{"type":"Feature","geometry":{"type":"Polygon","coordinates":[[[-3.01859,53.48075],[-3.02075,53.47975],[-3.0202,53.47802],[-3.01748,53.4773],[-3.01532,53.47831],[-3.01587,53.48004],[-3.01859,53.48075]]]},"properties":{"h3":"89195102867ffff","c":0,"f":0,"cs":3.7,"fs":0.1,"score":0.93,"pct":45,"price":225000,"n":156,"outcode":"L22","apprec":1.7,"value":-0.268}},{"type":"Feature","geometry":{"type":"Polygon","coordinates":[[[-3.02674,53.48291],[-3.0289,53.4819],[-3.02835,53.48017],[-3.02563,53.47946],[-3.02347,53.48046],[-3.02402,53.48219],[-3.02674,53.48291]]]},"properties":{"h3":"8919510286bffff","c":0,"f":0,"cs":6.2,"fs":0.7,"score":0.786,"pct":28,"price":231250,"n":222,"outcode":"L22","apprec":1.7,"value":-0.475}},{"type":"Feature","geometry":{"type":"Polygon","coordinates":[[[-3.02347,53.48046],[-3.02563,53.47946],[-3.02508,53.47773],[-3.02236,53.47701],[-3.0202,53.47802],[-3.02075,53.47975],[-3.02347,53.48046]]]},"properties":{"h3":"8919510286fffff","c":5,"f":0,"cs":8.8,"fs":0.7,"score":0.845,"pct":33,"price":221500,"n":256,"outcode":"L22","apprec":1.7,"value":-0.377}},{"type":"Feature","geometry":{"type":"Polygon","coordinates":[[[-3.02512,53.48564],[-3.02729,53.48463],[-3.02674,53.48291],[-3.02402,53.48219],[-3.02186,53.4832],[-3.02241,53.48492],[-3.02512,53.48564]]]},"properties":{"h3":"8919510287bffff","c":0,"f":0,"cs":2.4,"fs":0.6,"score":0.592,"pct":14,"price":276000,"n":167,"outcode":"L23","apprec":1.78,"value":-0.752}},{"type":"Feature","geometry":{"type":"Polygon","coordinates":[[[-3.01868,53.49657],[-3.02084,53.49556],[-3.02029,53.49384],[-3.01757,53.49312],[-3.01541,53.49413],[-3.01596,53.49585],[-3.01868,53.49657]]]},"properties":{"h3":"891951028c3ffff","c":0,"f":0,"cs":1.6,"fs":0.0,"score":1.0,"pct":75,"price":333045,"n":103,"outcode":"L23","apprec":1.78,"value":-0.198}},{"type":"Feature","geometry":{"type":"Polygon","coordinates":[[[-3.02356,53.49628],[-3.02572,53.49527],[-3.02517,53.49355],[-3.02245,53.49283],[-3.02029,53.49384],[-3.02084,53.49556],[-3.02356,53.49628]]]},"properties":{"h3":"891951028cbffff","c":0,"f":0,"cs":7.5,"fs":0.0,"score":1.0,"pct":75,"price":317000,"n":125,"outcode":"L23","apprec":1.78,"value":-0.188}},{"type":"Feature","geometry":{"type":"Polygon","coordinates":[[[-3.02029,53.49384],[-3.02245,53.49283],[-3.0219,53.49111],[-3.01918,53.49039],[-3.01702,53.4914],[-3.01757,53.49312],[-3.02029,53.49384]]]},"properties":{"h3":"891951028cfffff","c":0,"f":0,"cs":6.1,"fs":0.0,"score":1.0,"pct":75,"price":295000,"n":148,"outcode":"L23","apprec":1.78,"value":-0.159}},{"type":"Feature","geometry":{"type":"Polygon","coordinates":[[[-3.02195,53.49902],[-3.02411,53.49801],[-3.02356,53.49628],[-3.02084,53.49556],[-3.01868,53.49657],[-3.01923,53.4983],[-3.02195,53.49902]]]},"properties":{"h3":"891951028dbffff","c":0,"f":0,"cs":1.6,"fs":0.0,"score":1.0,"pct":75,"price":272500,"n":76,"outcode":"L23","apprec":1.78,"value":-0.123}},{"type":"Feature","geometry":{"type":"Polygon","coordinates":[[[-2.99088,53.47185],[-2.99304,53.47084],[-2.99249,53.46911],[-2.98978,53.4684],[-2.98761,53.4694],[-2.98817,53.47113],[-2.99088,53.47185]]]},"properties":{"h3":"89195102903ffff","c":0,"f":0,"cs":1.5,"fs":0.1,"score":0.833,"pct":32,"price":219502,"n":194,"outcode":"L21","apprec":1.94,"value":-0.377}},{"type":"Feature","geometry":{"type":"Polygon","coordinates":[[[-2.98761,53.4694],[-2.98978,53.4684],[-2.98923,53.46667],[-2.98651,53.46595],[-2.98435,53.46696],[-2.9849,53.46868],[-2.98761,53.4694]]]},"properties":{"h3":"89195102907ffff","c":1,"f":0,"cs":1.7,"fs":0.0,"score":1.0,"pct":75,"price":197875,"n":221,"outcode":"L20","apprec":1.6,"value":0.132}},{"type":"Feature","geometry":{"type":"Polygon","coordinates":[[[-2.99576,53.47156],[-2.99792,53.47055],[-2.99737,53.46883],[-2.99466,53.46811],[-2.99249,53.46911],[-2.99304,53.47084],[-2.99576,53.47156]]]},"properties":{"h3":"8919510290bffff","c":1,"f":0,"cs":2.6,"fs":0.6,"score":0.616,"pct":15,"price":222500,"n":166,"outcode":"L21","apprec":1.94,"value":-0.566}},{"type":"Feature","geometry":{"type":"Polygon","coordinates":[[[-2.99249,53.46911],[-2.99466,53.46811],[-2.99411,53.46638],[-2.99139,53.46566],[-2.98923,53.46667],[-2.98978,53.4684],[-2.99249,53.46911]]]},"properties":{"h3":"8919510290fffff","c":0,"f":0,"cs":2.8,"fs":0.1,"score":0.907,"pct":42,"price":190000,"n":214,"outcode":"L21","apprec":1.94,"value":-0.166}},{"type":"Feature","geometry":{"type":"Polygon","coordinates":[[[-2.98596,53.46423],[-2.98813,53.46322],[-2.98757,53.46149],[-2.98486,53.46077],[-2.9827,53.46178],[-2.98325,53.46351],[-2.98596,53.46423]]]},"properties":{"h3":"89195102923ffff","c":0,"f":0,"cs":1.9,"fs":0.0,"score":1.0,"pct":75,"price":160000,"n":108,"outcode":"L20","apprec":1.6,"value":0.32}},{"type":"Feature","geometry":{"type":"Polygon","coordinates":[[[-2.9827,53.46178],[-2.98486,53.46077],[-2.98431,53.45905],[-2.9816,53.45833],[-2.97943,53.45934],[-2.97998,53.46106],[-2.9827,53.46178]]]},"properties":{"h3":"89195102927ffff","c":1,"f":0,"cs":2.0,"fs":0.0,"score":1.0,"pct":75,"price":132500,"n":75,"outcode":"L20","apprec":1.6,"value":0.506}},{"type":"Feature","geometry":{"type":"Polygon","coordinates":[[[-2.99084,53.46394],[-2.993,53.46293],[-2.99245,53.4612],[-2.98974,53.46049],[-2.98757,53.46149],[-2.98813,53.46322],[-2.99084,53.46394]]]},"properties":{"h3":"8919510292bffff","c":0,"f":0,"cs":3.0,"fs":0.0,"score":1.0,"pct":75,"price":135000,"n":137,"outcode":"L20","apprec":1.6,"value":0.491}},{"type":"Feature","geometry":{"type":"Polygon","coordinates":[[[-2.98757,53.46149],[-2.98974,53.46049],[-2.98919,53.45876],[-2.98647,53.45804],[-2.98431,53.45905],[-2.98486,53.46077],[-2.98757,53.46149]]]},"properties":{"h3":"8919510292fffff","c":0,"f":0,"cs":3.0,"fs":0.0,"score":1.0,"pct":75,"price":120000,"n":79,"outcode":"L20","apprec":1.6,"value":0.592}},{"type":"Feature","geometry":{"type":"Polygon","coordinates":[[[-2.98108,53.46452],[-2.98325,53.46351],[-2.9827,53.46178],[-2.97998,53.46106],[-2.97782,53.46207],[-2.97837,53.4638],[-2.98108,53.46452]]]},"properties":{"h3":"89195102937ffff","c":0,"f":0,"cs":1.6,"fs":0.0,"score":1.0,"pct":75,"price":150000,"n":87,"outcode":"L20","apprec":1.6,"value":0.392}},{"type":"Feature","geometry":{"type":"Polygon","coordinates":[[[-2.98923,53.46667],[-2.99139,53.46566],[-2.99084,53.46394],[-2.98813,53.46322],[-2.98596,53.46423],[-2.98651,53.46595],[-2.98923,53.46667]]]},"properties":{"h3":"8919510293bffff","c":1,"f":0,"cs":2.4,"fs":0.0,"score":1.0,"pct":75,"price":185000,"n":195,"outcode":"L20","apprec":1.6,"value":0.186}},{"type":"Feature","geometry":{"type":"Polygon","coordinates":[[[-3.0039,53.47371],[-3.00607,53.47271],[-3.00552,53.47098],[-3.0028,53.47026],[-3.00064,53.47127],[-3.00119,53.47299],[-3.0039,53.47371]]]},"properties":{"h3":"89195102943ffff","c":0,"f":0,"cs":1.4,"fs":0.6,"score":0.401,"pct":6,"price":160000,"n":90,"outcode":"L21","apprec":1.94,"value":-0.377}},{"type":"Feature","geometry":{"type":"Polygon","coordinates":[[[-3.00064,53.47127],[-3.0028,53.47026],[-3.00225,53.46854],[-2.99953,53.46782],[-2.99737,53.46883],[-2.99792,53.47055],[-3.00064,53.47127]]]},"properties":{"h3":"89195102947ffff","c":1,"f":1,"cs":4.3,"fs":1.0,"score":0.623,"pct":16,"price":142500,"n":105,"outcode":"L21","apprec":1.94,"value":-0.167}},{"type":"Feature","geometry":{"type":"Polygon","coordinates":[[[-3.00552,53.47098],[-3.00768,53.46997],[-3.00713,53.46825],[-3.00441,53.46753],[-3.00225,53.46854],[-3.0028,53.47026],[-3.00552,53.47098]]]},"properties":{"h3":"8919510294fffff","c":0,"f":0,"cs":4.2,"fs":0.6,"score":0.747,"pct":25,"price":140000,"n":95,"outcode":"L21","apprec":1.94,"value":-0.052}},{"type":"Feature","geometry":{"type":"Polygon","coordinates":[[[-2.99902,53.474],[-3.00119,53.47299],[-3.00064,53.47127],[-2.99792,53.47055],[-2.99576,53.47156],[-2.99631,53.47328],[-2.99902,53.474]]]},"properties":{"h3":"89195102957ffff","c":0,"f":0,"cs":1.8,"fs":0.6,"score":0.486,"pct":9,"price":180000,"n":88,"outcode":"L21","apprec":1.94,"value":-0.457}},{"type":"Feature","geometry":{"type":"Polygon","coordinates":[[[-2.99898,53.46609],[-3.00115,53.46508],[-3.0006,53.46336],[-2.99788,53.46264],[-2.99572,53.46365],[-2.99627,53.46537],[-2.99898,53.46609]]]},"properties":{"h3":"89195102963ffff","c":1,"f":0,"cs":5.3,"fs":0.1,"score":0.95,"pct":48,"price":105000,"n":121,"outcode":"L21","apprec":1.94,"value":0.394}},{"type":"Feature","geometry":{"type":"Polygon","coordinates":[[[-2.99572,53.46365],[-2.99788,53.46264],[-2.99733,53.46091],[-2.99462,53.4602],[-2.99245,53.4612],[-2.993,53.46293],[-2.99572,53.46365]]]},"properties":{"h3":"89195102967ffff","c":1,"f":0,"cs":3.8,"fs":0.0,"score":1.0,"pct":75,"price":103000,"n":131,"outcode":"L20","apprec":1.6,"value":0.672}},{"type":"Feature","geometry":{"type":"Polygon","coordinates":[[[-3.00386,53.4658],[-3.00603,53.46479],[-3.00547,53.46307],[-3.00276,53.46235],[-3.0006,53.46336],[-3.00115,53.46508],[-3.00386,53.4658]]]},"properties":{"h3":"8919510296bffff","c":0,"f":0,"cs":5.4,"fs":0.1,"score":0.951,"pct":48,"price":88000,"n":115,"outcode":"L21","apprec":1.94,"value":0.462}},{"type":"Feature","geometry":{"type":"Polygon","coordinates":[[[-3.0006,53.46336],[-3.00276,53.46235],[-3.00221,53.46062],[-2.99949,53.45991],[-2.99733,53.46091],[-2.99788,53.46264],[-3.0006,53.46336]]]},"properties":{"h3":"8919510296fffff","c":0,"f":0,"cs":3.6,"fs":0.0,"score":1.0,"pct":75,"price":83000,"n":124,"outcode":"L21","apprec":1.94,"value":0.746}},{"type":"Feature","geometry":{"type":"Polygon","coordinates":[[[-2.99737,53.46883],[-2.99953,53.46782],[-2.99898,53.46609],[-2.99627,53.46537],[-2.99411,53.46638],[-2.99466,53.46811],[-2.99737,53.46883]]]},"properties":{"h3":"89195102973ffff","c":0,"f":0,"cs":4.7,"fs":0.6,"score":0.769,"pct":27,"price":180000,"n":163,"outcode":"L21","apprec":1.94,"value":-0.278}},{"type":"Feature","geometry":{"type":"Polygon","coordinates":[[[-2.99411,53.46638],[-2.99627,53.46537],[-2.99572,53.46365],[-2.993,53.46293],[-2.99084,53.46394],[-2.99139,53.46566],[-2.99411,53.46638]]]},"properties":{"h3":"89195102977ffff","c":0,"f":0,"cs":3.0,"fs":0.1,"score":0.915,"pct":44,"price":175000,"n":185,"outcode":"L21","apprec":1.94,"value":-0.076}},{"type":"Feature","geometry":{"type":"Polygon","coordinates":[[[-3.00225,53.46854],[-3.00441,53.46753],[-3.00386,53.4658],[-3.00115,53.46508],[-2.99898,53.46609],[-2.99953,53.46782],[-3.00225,53.46854]]]},"properties":{"h3":"8919510297bffff","c":4,"f":0,"cs":6.0,"fs":0.6,"score":0.817,"pct":30,"price":130000,"n":95,"outcode":"L21","apprec":1.94,"value":0.071}},{"type":"Feature","geometry":{"type":"Polygon","coordinates":[[[-2.97786,53.46998],[-2.98002,53.46897],[-2.97947,53.46725],[-2.97676,53.46653],[-2.97459,53.46754],[-2.97514,53.46926],[-2.97786,53.46998]]]},"properties":{"h3":"891951029a3ffff","c":0,"f":0,"cs":1.9,"fs":0.0,"score":1.0,"pct":75,"price":178000,"n":101,"outcode":"L20","apprec":1.6,"value":0.224}},{"type":"Feature","geometry":{"type":"Polygon","coordinates":[[[-2.97459,53.46754],[-2.97676,53.46653],[-2.97621,53.4648],[-2.97349,53.46409],[-2.97133,53.46509],[-2.97188,53.46682],[-2.97459,53.46754]]]},"properties":{"h3":"891951029a7ffff","c":0,"f":0,"cs":2.8,"fs":0.0,"score":1.0,"pct":75,"price":165250,"n":118,"outcode":"L20","apprec":1.6,"value":0.281}},{"type":"Feature","geometry":{"type":"Polygon","coordinates":[[[-2.97624,53.47271],[-2.97841,53.47171],[-2.97786,53.46998],[-2.97514,53.46926],[-2.97298,53.47027],[-2.97353,53.47199],[-2.97624,53.47271]]]},"properties":{"h3":"891951029b3ffff","c":2,"f":0,"cs":2.1,"fs":0.0,"score":1.0,"pct":75,"price":177500,"n":56,"outcode":"L20","apprec":1.6,"value":0.227}},{"type":"Feature","geometry":{"type":"Polygon","coordinates":[[[-2.97298,53.47027],[-2.97514,53.46926],[-2.97459,53.46754],[-2.97188,53.46682],[-2.96972,53.46782],[-2.97027,53.46955],[-2.97298,53.47027]]]},"properties":{"h3":"891951029b7ffff","c":0,"f":0,"cs":2.0,"fs":0.0,"score":1.0,"pct":75,"price":177750,"n":54,"outcode":"L20","apprec":1.6,"value":0.225}},{"type":"Feature","geometry":{"type":"Polygon","coordinates":[[[-3.04465,53.48448],[-3.04681,53.48347],[-3.04626,53.48174],[-3.04354,53.48103],[-3.04138,53.48203],[-3.04193,53.48376],[-3.04465,53.48448]]]},"properties":{"h3":"89195102a07ffff","c":0,"f":0,"cs":1.3,"fs":0.6,"score":0.379,"pct":5,"price":230000,"n":164,"outcode":"L23","apprec":1.78,"value":-0.697}},{"type":"Feature","geometry":{"type":"Polygon","coordinates":[[[-3.04304,53.48721],[-3.0452,53.4862],[-3.04465,53.48448],[-3.04193,53.48376],[-3.03977,53.48477],[-3.04032,53.48649],[-3.04304,53.48721]]]},"properties":{"h3":"89195102a17ffff","c":0,"f":0,"cs":2.2,"fs":0.6,"score":0.562,"pct":13,"price":223600,"n":215,"outcode":"L23","apprec":1.78,"value":-0.598}},{"type":"Feature","geometry":{"type":"Polygon","coordinates":[[[-3.04138,53.48203],[-3.04354,53.48103],[-3.04299,53.4793],[-3.04027,53.47858],[-3.03811,53.47959],[-3.03866,53.48132],[-3.04138,53.48203]]]},"properties":{"h3":"89195102a33ffff","c":0,"f":0,"cs":1.8,"fs":0.6,"score":0.5,"pct":10,"price":238000,"n":171,"outcode":"L22","apprec":1.7,"value":-0.682}},{"type":"Feature","geometry":{"type":"Polygon","coordinates":[[[-3.03811,53.47959],[-3.04027,53.47858],[-3.03972,53.47686],[-3.037,53.47614],[-3.03484,53.47715],[-3.03539,53.47887],[-3.03811,53.47959]]]},"properties":{"h3":"89195102a37ffff","c":0,"f":0,"cs":1.4,"fs":0.1,"score":0.826,"pct":31,"price":253500,"n":114,"outcode":"L22","apprec":1.7,"value":-0.522}},{"type":"Feature","geometry":{"type":"Polygon","coordinates":[[[-3.03654,53.49024],[-3.03871,53.48923],[-3.03816,53.4875],[-3.03544,53.48678],[-3.03327,53.48779],[-3.03383,53.48952],[-3.03654,53.49024]]]},"properties":{"h3":"89195102a87ffff","c":1,"f":0,"cs":4.7,"fs":0.3,"score":0.891,"pct":39,"price":265000,"n":172,"outcode":"L23","apprec":1.78,"value":-0.461}},{"type":"Feature","geometry":{"type":"Polygon","coordinates":[[[-3.04143,53.48995],[-3.04359,53.48894],[-3.04304,53.48721],[-3.04032,53.48649],[-3.03816,53.4875],[-3.03871,53.48923],[-3.04143,53.48995]]]},"properties":{"h3":"89195102a8fffff","c":0,"f":0,"cs":1.6,"fs":0.1,"score":0.84,"pct":33,"price":207000,"n":140,"outcode":"L23","apprec":1.78,"value":-0.328}},{"type":"Feature","geometry":{"type":"Polygon","coordinates":[[[-3.03493,53.49297],[-3.0371,53.49196],[-3.03654,53.49024],[-3.03383,53.48952],[-3.03166,53.49053],[-3.03222,53.49225],[-3.03493,53.49297]]]},"properties":{"h3":"89195102a97ffff","c":0,"f":0,"cs":3.6,"fs":0.0,"score":1.0,"pct":75,"price":282000,"n":147,"outcode":"L23","apprec":1.78,"value":-0.143}},{"type":"Feature","geometry":{"type":"Polygon","coordinates":[[[-3.03489,53.48506],[-3.03705,53.48405],[-3.0365,53.48233],[-3.03378,53.48161],[-3.03162,53.48262],[-3.03217,53.48434],[-3.03489,53.48506]]]},"properties":{"h3":"89195102aa3ffff","c":0,"f":0,"cs":5.9,"fs":1.2,"score":0.657,"pct":19,"price":245000,"n":230,"outcode":"L23","apprec":1.78,"value":-0.617}},{"type":"Feature","geometry":{"type":"Polygon","coordinates":[[[-3.03162,53.48262],[-3.03378,53.48161],[-3.03323,53.47988],[-3.03051,53.47917],[-3.02835,53.48017],[-3.0289,53.4819],[-3.03162,53.48262]]]},"properties":{"h3":"89195102aa7ffff","c":0,"f":0,"cs":4.6,"fs":0.9,"score":0.679,"pct":20,"price":240000,"n":235,"outcode":"L22","apprec":1.7,"value":-0.584}},{"type":"Feature","geometry":{"type":"Polygon","coordinates":[[[-3.03977,53.48477],[-3.04193,53.48376],[-3.04138,53.48203],[-3.03866,53.48132],[-3.0365,53.48233],[-3.03705,53.48405],[-3.03977,53.48477]]]},"properties":{"h3":"89195102aabffff","c":2,"f":1,"cs":3.6,"fs":1.1,"score":0.516,"pct":11,"price":228000,"n":255,"outcode":"L22","apprec":1.7,"value":-0.639}},{"type":"Feature","geometry":{"type":"Polygon","coordinates":[[[-3.0365,53.48233],[-3.03866,53.48132],[-3.03811,53.47959],[-3.03539,53.47887],[-3.03323,53.47988],[-3.03378,53.48161],[-3.0365,53.48233]]]},"properties":{"h3":"89195102aafffff","c":1,"f":0,"cs":3.4,"fs":0.7,"score":0.644,"pct":17,"price":245000,"n":216,"outcode":"L22","apprec":1.7,"value":-0.632}},{"type":"Feature","geometry":{"type":"Polygon","coordinates":[[[-3.03327,53.48779],[-3.03544,53.48678],[-3.03489,53.48506],[-3.03217,53.48434],[-3.03001,53.48535],[-3.03056,53.48708],[-3.03327,53.48779]]]},"properties":{"h3":"89195102ab3ffff","c":5,"f":0,"cs":6.9,"fs":0.7,"score":0.806,"pct":29,"price":265000,"n":229,"outcode":"L23","apprec":1.78,"value":-0.568}},{"type":"Feature","geometry":{"type":"Polygon","coordinates":[[[-3.03001,53.48535],[-3.03217,53.48434],[-3.03162,53.48262],[-3.0289,53.4819],[-3.02674,53.48291],[-3.02729,53.48463],[-3.03001,53.48535]]]},"properties":{"h3":"89195102ab7ffff","c":1,"f":1,"cs":5.7,"fs":1.1,"score":0.666,"pct":19,"price":258750,"n":208,"outcode":"L23","apprec":1.78,"value":-0.649}},{"type":"Feature","geometry":{"type":"Polygon","coordinates":[[[-3.03816,53.4875],[-3.04032,53.48649],[-3.03977,53.48477],[-3.03705,53.48405],[-3.03489,53.48506],[-3.03544,53.48678],[-3.03816,53.4875]]]},"properties":{"h3":"89195102abbffff","c":0,"f":0,"cs":5.1,"fs":0.7,"score":0.747,"pct":25,"price":230000,"n":237,"outcode":"L23","apprec":1.78,"value":-0.504}},{"type":"Feature","geometry":{"type":"Polygon","coordinates":[[[-3.02342,53.47255],[-3.02559,53.47154],[-3.02503,53.46982],[-3.02232,53.4691],[-3.02015,53.47011],[-3.02071,53.47184],[-3.02342,53.47255]]]},"properties":{"h3":"89195102b13ffff","c":0,"f":0,"cs":3.1,"fs":0.1,"score":0.916,"pct":44,"price":140000,"n":137,"outcode":"L22","apprec":1.7,"value":0.145}},{"type":"Feature","geometry":{"type":"Polygon","coordinates":[[[-3.0283,53.47226],[-3.03047,53.47125],[-3.02991,53.46953],[-3.0272,53.46881],[-3.02503,53.46982],[-3.02559,53.47154],[-3.0283,53.47226]]]},"properties":{"h3":"89195102b1bffff","c":0,"f":0,"cs":3.6,"fs":0.1,"score":0.927,"pct":45,"price":140750,"n":52,"outcode":"L22","apprec":1.7,"value":0.145}},{"type":"Feature","geometry":{"type":"Polygon","coordinates":[[[-3.01693,53.47558],[-3.01909,53.47457],[-3.01854,53.47284],[-3.01583,53.47213],[-3.01366,53.47313],[-3.01421,53.47486],[-3.01693,53.47558]]]},"properties":{"h3":"89195102b83ffff","c":0,"f":0,"cs":1.8,"fs":0.1,"score":0.857,"pct":35,"price":173000,"n":125,"outcode":"L22","apprec":1.7,"value":-0.156}},{"type":"Feature","geometry":{"type":"Polygon","coordinates":[[[-3.02181,53.47529],[-3.02397,53.47428],[-3.02342,53.47255],[-3.02071,53.47184],[-3.01854,53.47284],[-3.01909,53.47457],[-3.02181,53.47529]]]},"properties":{"h3":"89195102b8bffff","c":0,"f":0,"cs":5.5,"fs":0.6,"score":0.8,"pct":29,"price":160500,"n":204,"outcode":"L22","apprec":1.7,"value":-0.159}},{"type":"Feature","geometry":{"type":"Polygon","coordinates":[[[-3.0202,53.47802],[-3.02236,53.47701],[-3.02181,53.47529],[-3.01909,53.47457],[-3.01693,53.47558],[-3.01748,53.4773],[-3.0202,53.47802]]]},"properties":{"h3":"89195102b9bffff","c":0,"f":0,"cs":5.8,"fs":0.6,"score":0.811,"pct":30,"price":176000,"n":191,"outcode":"L22","apprec":1.7,"value":-0.228}},{"type":"Feature","geometry":{"type":"Polygon","coordinates":[[[-3.01201,53.46796],[-3.01417,53.46695],[-3.01362,53.46522],[-3.0109,53.4645],[-3.00874,53.46551],[-3.00929,53.46724],[-3.01201,53.46796]]]},"properties":{"h3":"89195102ba3ffff","c":0,"f":0,"cs":2.5,"fs":0.0,"score":1.0,"pct":75,"price":134000,"n":80,"outcode":"L21","apprec":1.94,"value":0.5}},{"type":"Feature","geometry":{"type":"Polygon","coordinates":[[[-3.00874,53.46551],[-3.0109,53.4645],[-3.01035,53.46278],[-3.00764,53.46206],[-3.00547,53.46307],[-3.00603,53.46479],[-3.00874,53.46551]]]},"properties":{"h3":"89195102ba7ffff","c":2,"f":0,"cs":3.6,"fs":0.0,"score":1.0,"pct":75,"price":108000,"n":109,"outcode":"L21","apprec":1.94,"value":0.658}},{"type":"Feature","geometry":{"type":"Polygon","coordinates":[[[-3.0104,53.47069],[-3.01256,53.46968],[-3.01201,53.46796],[-3.00929,53.46724],[-3.00713,53.46825],[-3.00768,53.46997],[-3.0104,53.47069]]]},"properties":{"h3":"89195102bb3ffff","c":1,"f":0,"cs":1.9,"fs":0.1,"score":0.87,"pct":37,"price":145000,"n":73,"outcode":"L21","apprec":1.94,"value":0.038}},{"type":"Feature","geometry":{"type":"Polygon","coordinates":[[[-3.00713,53.46825],[-3.00929,53.46724],[-3.00874,53.46551],[-3.00603,53.46479],[-3.00386,53.4658],[-3.00441,53.46753],[-3.00713,53.46825]]]},"properties":{"h3":"89195102bb7ffff","c":0,"f":0,"cs":4.7,"fs":0.1,"score":0.943,"pct":46,"price":133000,"n":87,"outcode":"L21","apprec":1.94,"value":0.219}},{"type":"Feature","geometry":{"type":"Polygon","coordinates":[[[-3.02996,53.47744],[-3.03212,53.47643],[-3.03157,53.47471],[-3.02885,53.47399],[-3.02669,53.475],[-3.02724,53.47672],[-3.02996,53.47744]]]},"properties":{"h3":"89195102bc3ffff","c":1,"f":0,"cs":7.9,"fs":0.6,"score":0.857,"pct":35,"price":210000,"n":184,"outcode":"L22","apprec":1.7,"value":-0.316}},{"type":"Feature","geometry":{"type":"Polygon","coordinates":[[[-3.02669,53.475],[-3.02885,53.47399],[-3.0283,53.47226],[-3.02559,53.47154],[-3.02342,53.47255],[-3.02397,53.47428],[-3.02669,53.475]]]},"properties":{"h3":"89195102bc7ffff","c":4,"f":0,"cs":8.0,"fs":0.6,"score":0.859,"pct":35,"price":154000,"n":161,"outcode":"L22","apprec":1.7,"value":-0.038}},{"type":"Feature","geometry":{"type":"Polygon","coordinates":[[[-3.03484,53.47715],[-3.037,53.47614],[-3.03645,53.47442],[-3.03373,53.4737],[-3.03157,53.47471],[-3.03212,53.47643],[-3.03484,53.47715]]]},"properties":{"h3":"89195102bcbffff","c":0,"f":0,"cs":2.6,"fs":0.1,"score":0.9,"pct":41,"price":220000,"n":89,"outcode":"L22","apprec":1.7,"value":-0.29}},{"type":"Feature","geometry":{"type":"Polygon","coordinates":[[[-3.03157,53.47471],[-3.03373,53.4737],[-3.03318,53.47197],[-3.03047,53.47125],[-3.0283,53.47226],[-3.02885,53.47399],[-3.03157,53.47471]]]},"properties":{"h3":"89195102bcfffff","c":1,"f":0,"cs":4.7,"fs":0.1,"score":0.944,"pct":47,"price":188750,"n":74,"outcode":"L22","apprec":1.7,"value":-0.108}},{"type":"Feature","geometry":{"type":"Polygon","coordinates":[[[-3.02835,53.48017],[-3.03051,53.47917],[-3.02996,53.47744],[-3.02724,53.47672],[-3.02508,53.47773],[-3.02563,53.47946],[-3.02835,53.48017]]]},"properties":{"h3":"89195102bd3ffff","c":2,"f":0,"cs":8.4,"fs":0.7,"score":0.838,"pct":33,"price":224000,"n":243,"outcode":"L22","apprec":1.7,"value":-0.395}},{"type":"Feature","geometry":{"type":"Polygon","coordinates":[[[-3.02508,53.47773],[-3.02724,53.47672],[-3.02669,53.475],[-3.02397,53.47428],[-3.02181,53.47529],[-3.02236,53.47701],[-3.02508,53.47773]]]},"properties":{"h3":"89195102bd7ffff","c":3,"f":1,"cs":10.4,"fs":1.0,"score":0.825,"pct":30,"price":175000,"n":239,"outcode":"L22","apprec":1.7,"value":-0.213}},{"type":"Feature","geometry":{"type":"Polygon","coordinates":[[[-3.03323,53.47988],[-3.03539,53.47887],[-3.03484,53.47715],[-3.03212,53.47643],[-3.02996,53.47744],[-3.03051,53.47917],[-3.03323,53.47988]]]},"properties":{"h3":"89195102bdbffff","c":0,"f":0,"cs":4.6,"fs":0.4,"score":0.838,"pct":33,"price":230000,"n":188,"outcode":"L22","apprec":1.7,"value":-0.423}},{"type":"Feature","geometry":{"type":"Polygon","coordinates":[[[-2.99423,53.49011],[-2.99639,53.4891],[-2.99584,53.48738],[-2.99313,53.48666],[-2.99096,53.48767],[-2.99151,53.48939],[-2.99423,53.49011]]]},"properties":{"h3":"89195102d4fffff","c":1,"f":0,"cs":1.6,"fs":0.0,"score":1.0,"pct":75,"price":129000,"n":38,"outcode":"L21","apprec":1.94,"value":0.542}},{"type":"Feature","geometry":{"type":"Polygon","coordinates":[[[-2.99096,53.48767],[-2.99313,53.48666],[-2.99257,53.48493],[-2.98986,53.48422],[-2.98769,53.48522],[-2.98825,53.48695],[-2.99096,53.48767]]]},"properties":{"h3":"89195102d7bffff","c":1,"f":0,"cs":1.6,"fs":0.0,"score":1.0,"pct":75,"price":140000,"n":81,"outcode":"L30","apprec":1.88,"value":0.457}},{"type":"Feature","geometry":{"type":"Polygon","coordinates":[[[-2.96656,53.48911],[-2.96873,53.4881],[-2.96818,53.48637],[-2.96546,53.48566],[-2.9633,53.48666],[-2.96385,53.48839],[-2.96656,53.48911]]]},"properties":{"h3":"89195102da3ffff","c":1,"f":0,"cs":1.7,"fs":0.0,"score":1.0,"pct":75,"price":146000,"n":68,"outcode":"L30","apprec":1.88,"value":0.414}},{"type":"Feature","geometry":{"type":"Polygon","coordinates":[[[-2.9633,53.48666],[-2.96546,53.48566],[-2.96491,53.48393],[-2.9622,53.48321],[-2.96003,53.48422],[-2.96058,53.48594],[-2.9633,53.48666]]]},"properties":{"h3":"89195102da7ffff","c":1,"f":0,"cs":2.5,"fs":0.0,"score":1.0,"pct":75,"price":130000,"n":21,"outcode":"L30","apprec":1.88,"value":0.528}},{"type":"Feature","geometry":{"type":"Polygon","coordinates":[[[-2.96818,53.48637],[-2.97034,53.48537],[-2.96979,53.48364],[-2.96708,53.48292],[-2.96491,53.48393],[-2.96546,53.48566],[-2.96818,53.48637]]]},"properties":{"h3":"89195102dafffff","c":0,"f":0,"cs":2.0,"fs":0.0,"score":1.0,"pct":75,"price":163500,"n":69,"outcode":"L30","apprec":1.88,"value":0.298}},{"type":"Feature","geometry":{"type":"Polygon","coordinates":[[[-3.03171,53.49844],[-3.03387,53.49743],[-3.03332,53.4957],[-3.0306,53.49498],[-3.02844,53.49599],[-3.02899,53.49772],[-3.03171,53.49844]]]},"properties":{"h3":"89195102e23ffff","c":0,"f":0,"cs":3.2,"fs":0.0,"score":1.0,"pct":75,"price":370000,"n":79,"outcode":"L23","apprec":1.78,"value":-0.221}},{"type":"Feature","geometry":{"type":"Polygon","coordinates":[[[-3.02844,53.49599],[-3.0306,53.49498],[-3.03005,53.49326],[-3.02733,53.49254],[-3.02517,53.49355],[-3.02572,53.49527],[-3.02844,53.49599]]]},"properties":{"h3":"89195102e27ffff","c":3,"f":0,"cs":9.2,"fs":0.0,"score":1.0,"pct":75,"price":257500,"n":158,"outcode":"L23","apprec":1.78,"value":-0.079}},{"type":"Feature","geometry":{"type":"Polygon","coordinates":[[[-3.03332,53.4957],[-3.03549,53.49469],[-3.03493,53.49297],[-3.03222,53.49225],[-3.03005,53.49326],[-3.0306,53.49498],[-3.03332,53.4957]]]},"properties":{"h3":"89195102e2fffff","c":0,"f":0,"cs":3.9,"fs":0.0,"score":1.0,"pct":75,"price":348500,"n":142,"outcode":"L23","apprec":1.78,"value":-0.21}},{"type":"Feature","geometry":{"type":"Polygon","coordinates":[[[-3.02683,53.49873],[-3.02899,53.49772],[-3.02844,53.49599],[-3.02572,53.49527],[-3.02356,53.49628],[-3.02411,53.49801],[-3.02683,53.49873]]]},"properties":{"h3":"89195102e37ffff","c":0,"f":0,"cs":3.2,"fs":0.0,"score":1.0,"pct":75,"price":315000,"n":94,"outcode":"L23","apprec":1.78,"value":-0.185}},{"type":"Feature","geometry":{"type":"Polygon","coordinates":[[[-2.94496,53.38223],[-2.94712,53.38122],[-2.94657,53.37949],[-2.94386,53.37877],[-2.9417,53.37978],[-2.94225,53.38151],[-2.94496,53.38223]]]},"properties":{"h3":"89195104003ffff","c":2,"f":0,"cs":7.9,"fs":0.1,"score":0.966,"pct":49,"price":221925,"n":242,"outcode":"L17","apprec":1.73,"value":-0.214}},{"type":"Feature","geometry":{"type":"Polygon","coordinates":[[[-2.9417,53.37978],[-2.94386,53.37877],[-2.94331,53.37705],[-2.9406,53.37633],[-2.93844,53.37733],[-2.93899,53.37906],[-2.9417,53.37978]]]},"properties":{"h3":"89195104007ffff","c":1,"f":0,"cs":4.6,"fs":0.0,"score":1.0,"pct":75,"price":258750,"n":178,"outcode":"L17","apprec":1.73,"value":-0.082}},{"type":"Feature","geometry":{"type":"Polygon","coordinates":[[[-2.94983,53.38194],[-2.95199,53.38093],[-2.95144,53.3792],[-2.94873,53.37848],[-2.94657,53.37949],[-2.94712,53.38122],[-2.94983,53.38194]]]},"properties":{"h3":"8919510400bffff","c":3,"f":0,"cs":6.7,"fs":0.6,"score":0.834,"pct":32,"price":227500,"n":337,"outcode":"L17","apprec":1.73,"value":-0.416}},{"type":"Feature","geometry":{"type":"Polygon","coordinates":[[[-2.94657,53.37949],[-2.94873,53.37848],[-2.94818,53.37676],[-2.94547,53.37604],[-2.94331,53.37705],[-2.94386,53.37877],[-2.94657,53.37949]]]},"properties":{"h3":"8919510400fffff","c":1,"f":0,"cs":5.5,"fs":0.1,"score":0.952,"pct":48,"price":243750,"n":276,"outcode":"L17","apprec":1.73,"value":-0.307}},{"type":"Feature","geometry":{"type":"Polygon","coordinates":[[[-2.94334,53.38496],[-2.94551,53.38395],[-2.94496,53.38223],[-2.94225,53.38151],[-2.94009,53.38252],[-2.94064,53.38424],[-2.94334,53.38496]]]},"properties":{"h3":"89195104013ffff","c":3,"f":0,"cs":6.1,"fs":0.0,"score":1.0,"pct":75,"price":195000,"n":132,"outcode":"L17","apprec":1.73,"value":0.14}},{"type":"Feature","geometry":{"type":"Polygon","coordinates":[[[-2.94009,53.38252],[-2.94225,53.38151],[-2.9417,53.37978],[-2.93899,53.37906],[-2.93683,53.38007],[-2.93738,53.3818],[-2.94009,53.38252]]]},"properties":{"h3":"89195104017ffff","c":0,"f":0,"cs":5.2,"fs":0.0,"score":1.0,"pct":75,"price":260000,"n":91,"outcode":"L17","apprec":1.73,"value":-0.087}},{"type":"Feature","geometry":{"type":"Polygon","coordinates":[[[-2.94821,53.38467],[-2.95037,53.38366],[-2.94983,53.38194],[-2.94712,53.38122],[-2.94496,53.38223],[-2.94551,53.38395],[-2.94821,53.38467]]]},"properties":{"h3":"8919510401bffff","c":1,"f":0,"cs":6.4,"fs":0.1,"score":0.959,"pct":48,"price":187250,"n":218,"outcode":"L17","apprec":1.73,"value":-0.086}},{"type":"Feature","geometry":{"type":"Polygon","coordinates":[[[-2.93844,53.37733],[-2.9406,53.37633],[-2.94005,53.3746],[-2.93735,53.37388],[-2.93519,53.37489],[-2.93573,53.37662],[-2.93844,53.37733]]]},"properties":{"h3":"89195104033ffff","c":1,"f":0,"cs":2.9,"fs":0.0,"score":1.0,"pct":75,"price":268000,"n":167,"outcode":"L17","apprec":1.73,"value":-0.111}},{"type":"Feature","geometry":{"type":"Polygon","coordinates":[[[-2.93519,53.37489],[-2.93735,53.37388],[-2.9368,53.37215],[-2.93409,53.37143],[-2.93193,53.37244],[-2.93248,53.37417],[-2.93519,53.37489]]]},"properties":{"h3":"89195104037ffff","c":0,"f":0,"cs":2.6,"fs":0.0,"score":1.0,"pct":75,"price":290000,"n":201,"outcode":"L17","apprec":1.73,"value":-0.151}},{"type":"Feature","geometry":{"type":"Polygon","coordinates":[[[-2.94331,53.37705],[-2.94547,53.37604],[-2.94492,53.37431],[-2.94221,53.37359],[-2.94005,53.3746],[-2.9406,53.37633],[-2.94331,53.37705]]]},"properties":{"h3":"8919510403bffff","c":0,"f":0,"cs":2.6,"fs":0.0,"score":1.0,"pct":75,"price":265000,"n":214,"outcode":"L17","apprec":1.73,"value":-0.104}},{"type":"Feature","geometry":{"type":"Polygon","coordinates":[[[-2.95795,53.38409],[-2.96011,53.38309],[-2.95957,53.38136],[-2.95686,53.38064],[-2.9547,53.38165],[-2.95524,53.38338],[-2.95795,53.38409]]]},"properties":{"h3":"89195104043ffff","c":0,"f":0,"cs":2.8,"fs":0.7,"score":0.577,"pct":13,"price":175750,"n":184,"outcode":"L8","apprec":2.21,"value":-0.394}},{"type":"Feature","geometry":{"type":"Polygon","coordinates":[[[-2.9547,53.38165],[-2.95686,53.38064],[-2.95631,53.37891],[-2.9536,53.37819],[-2.95144,53.3792],[-2.95199,53.38093],[-2.9547,53.38165]]]},"properties":{"h3":"89195104047ffff","c":1,"f":1,"cs":4.1,"fs":1.0,"score":0.608,"pct":15,"price":222550,"n":294,"outcode":"L17","apprec":1.73,"value":-0.574}},{"type":"Feature","geometry":{"type":"Polygon","coordinates":[[[-2.96282,53.3838],[-2.96498,53.3828],[-2.96443,53.38107],[-2.96173,53.38035],[-2.95957,53.38136],[-2.96011,53.38309],[-2.96282,53.3838]]]},"properties":{"h3":"8919510404bffff","c":1,"f":0,"cs":3.7,"fs":0.7,"score":0.666,"pct":19,"price":150000,"n":155,"outcode":"L8","apprec":2.21,"value":-0.176}},{"type":"Feature","geometry":{"type":"Polygon","coordinates":[[[-2.95957,53.38136],[-2.96173,53.38035],[-2.96118,53.37862],[-2.95847,53.3779],[-2.95631,53.37891],[-2.95686,53.38064],[-2.95957,53.38136]]]},"properties":{"h3":"8919510404fffff","c":1,"f":0,"cs":3.0,"fs":0.7,"score":0.606,"pct":15,"price":215000,"n":233,"outcode":"L17","apprec":1.73,"value":-0.544}},{"type":"Feature","geometry":{"type":"Polygon","coordinates":[[[-2.95634,53.38683],[-2.9585,53.38582],[-2.95795,53.38409],[-2.95524,53.38338],[-2.95308,53.38438],[-2.95363,53.38611],[-2.95634,53.38683]]]},"properties":{"h3":"89195104053ffff","c":0,"f":0,"cs":1.4,"fs":0.3,"score":0.667,"pct":19,"price":176500,"n":101,"outcode":"L8","apprec":2.21,"value":-0.335}},{"type":"Feature","geometry":{"type":"Polygon","coordinates":[[[-2.95308,53.38438],[-2.95524,53.38338],[-2.9547,53.38165],[-2.95199,53.38093],[-2.94983,53.38194],[-2.95037,53.38366],[-2.95308,53.38438]]]},"properties":{"h3":"89195104057ffff","c":0,"f":0,"cs":4.1,"fs":0.6,"score":0.743,"pct":24,"price":195000,"n":220,"outcode":"L17","apprec":1.73,"value":-0.373}},{"type":"Feature","geometry":{"type":"Polygon","coordinates":[[[-2.96121,53.38654],[-2.96337,53.38553],[-2.96282,53.3838],[-2.96011,53.38309],[-2.95795,53.38409],[-2.9585,53.38582],[-2.96121,53.38654]]]},"properties":{"h3":"8919510405bffff","c":0,"f":0,"cs":2.5,"fs":0.7,"score":0.542,"pct":12,"price":155000,"n":109,"outcode":"L8","apprec":2.21,"value":-0.288}},{"type":"Feature","geometry":{"type":"Polygon","coordinates":[[[-2.95305,53.37647],[-2.95521,53.37546],[-2.95466,53.37373],[-2.95195,53.37301],[-2.94979,53.37402],[-2.95034,53.37575],[-2.95305,53.37647]]]},"properties":{"h3":"89195104063ffff","c":0,"f":0,"cs":1.4,"fs":0.1,"score":0.826,"pct":31,"price":245000,"n":176,"outcode":"L17","apprec":1.73,"value":-0.49}},{"type":"Feature","geometry":{"type":"Polygon","coordinates":[[[-2.95144,53.3792],[-2.9536,53.37819],[-2.95305,53.37647],[-2.95034,53.37575],[-2.94818,53.37676],[-2.94873,53.37848],[-2.95144,53.3792]]]},"properties":{"h3":"89195104073ffff","c":0,"f":0,"cs":3.8,"fs":0.6,"score":0.727,"pct":24,"price":243000,"n":304,"outcode":"L17","apprec":1.73,"value":-0.555}},{"type":"Feature","geometry":{"type":"Polygon","coordinates":[[[-2.94818,53.37676],[-2.95034,53.37575],[-2.94979,53.37402],[-2.94708,53.3733],[-2.94492,53.37431],[-2.94547,53.37604],[-2.94818,53.37676]]]},"properties":{"h3":"89195104077ffff","c":0,"f":0,"cs":1.8,"fs":0.1,"score":0.862,"pct":36,"price":250000,"n":204,"outcode":"L17","apprec":1.73,"value":-0.459}},{"type":"Feature","geometry":{"type":"Polygon","coordinates":[[[-2.95631,53.37891],[-2.95847,53.3779],[-2.95792,53.37618],[-2.95521,53.37546],[-2.95305,53.37647],[-2.9536,53.37819],[-2.95631,53.37891]]]},"properties":{"h3":"8919510407bffff","c":0,"f":0,"cs":2.0,"fs":0.6,"score":0.539,"pct":12,"price":235000,"n":258,"outcode":"L17","apprec":1.73,"value":-0.653}},{"type":"Feature","geometry":{"type":"Polygon","coordinates":[[[-2.93686,53.38798],[-2.93902,53.38698],[-2.93848,53.38525],[-2.93577,53.38453],[-2.93361,53.38554],[-2.93415,53.38727],[-2.93686,53.38798]]]},"properties":{"h3":"89195104083ffff","c":0,"f":0,"cs":1.7,"fs":0.3,"score":0.724,"pct":24,"price":167500,"n":28,"outcode":"L17","apprec":1.73,"value":-0.248}},{"type":"Feature","geometry":{"type":"Polygon","coordinates":[[[-2.94173,53.3877],[-2.94389,53.38669],[-2.94334,53.38496],[-2.94064,53.38424],[-2.93848,53.38525],[-2.93902,53.38698],[-2.94173,53.3877]]]},"properties":{"h3":"8919510408bffff","c":0,"f":0,"cs":2.8,"fs":0.0,"score":1.0,"pct":75,"price":180000,"n":53,"outcode":"L17","apprec":1.73,"value":0.21}},{"type":"Feature","geometry":{"type":"Polygon","coordinates":[[[-2.93848,53.38525],[-2.94064,53.38424],[-2.94009,53.38252],[-2.93738,53.3818],[-2.93522,53.3828],[-2.93577,53.38453],[-2.93848,53.38525]]]},"properties":{"h3":"8919510408fffff","c":1,"f":0,"cs":3.4,"fs":0.0,"score":1.0,"pct":75,"price":165000,"n":26,"outcode":"L17","apprec":1.73,"value":0.287}},{"type":"Feature","geometry":{"type":"Polygon","coordinates":[[[-2.93525,53.39072],[-2.93741,53.38971],[-2.93686,53.38798],[-2.93415,53.38727],[-2.93199,53.38827],[-2.93254,53.39],[-2.93525,53.39072]]]},"properties":{"h3":"89195104093ffff","c":0,"f":0,"cs":3.7,"fs":1.5,"score":0.429,"pct":7,"price":213000,"n":100,"outcode":"L17","apprec":1.73,"value":-0.613}},{"type":"Feature","geometry":{"type":"Polygon","coordinates":[[[-2.93199,53.38827],[-2.93415,53.38727],[-2.93361,53.38554],[-2.9309,53.38482],[-2.92874,53.38583],[-2.92929,53.38755],[-2.93199,53.38827]]]},"properties":{"h3":"89195104097ffff","c":0,"f":0,"cs":2.6,"fs":0.4,"score":0.727,"pct":24,"price":252500,"n":34,"outcode":"L17","apprec":1.73,"value":-0.594}},{"type":"Feature","geometry":{"type":"Polygon","coordinates":[[[-2.93683,53.38007],[-2.93899,53.37906],[-2.93844,53.37733],[-2.93573,53.37662],[-2.93357,53.37762],[-2.93412,53.37935],[-2.93683,53.38007]]]},"properties":{"h3":"891951040abffff","c":0,"f":0,"cs":2.8,"fs":0.0,"score":1.0,"pct":75,"price":269000,"n":90,"outcode":"L17","apprec":1.73,"value":-0.113}},{"type":"Feature","geometry":{"type":"Polygon","coordinates":[[[-2.93357,53.37762],[-2.93573,53.37662],[-2.93519,53.37489],[-2.93248,53.37417],[-2.93032,53.37518],[-2.93087,53.3769],[-2.93357,53.37762]]]},"properties":{"h3":"891951040afffff","c":1,"f":0,"cs":2.0,"fs":0.0,"score":1.0,"pct":75,"price":268000,"n":188,"outcode":"L17","apprec":1.73,"value":-0.111}},{"type":"Feature","geometry":{"type":"Polygon","coordinates":[[[-2.93522,53.3828],[-2.93738,53.3818],[-2.93683,53.38007],[-2.93412,53.37935],[-2.93196,53.38036],[-2.93251,53.38208],[-2.93522,53.3828]]]},"properties":{"h3":"891951040bbffff","c":0,"f":0,"cs":1.7,"fs":0.0,"score":1.0,"pct":75,"price":266500,"n":28,"outcode":"L17","apprec":1.73,"value":-0.108}},{"type":"Feature","geometry":{"type":"Polygon","coordinates":[[[-2.9466,53.38741],[-2.94876,53.3864],[-2.94821,53.38467],[-2.94551,53.38395],[-2.94334,53.38496],[-2.94389,53.38669],[-2.9466,53.38741]]]},"properties":{"h3":"891951040c7ffff","c":0,"f":0,"cs":3.2,"fs":0.0,"score":1.0,"pct":75,"price":175000,"n":157,"outcode":"L17","apprec":1.73,"value":0.239}},{"type":"Feature","geometry":{"type":"Polygon","coordinates":[[[-2.95147,53.38712],[-2.95363,53.38611],[-2.95308,53.38438],[-2.95037,53.38366],[-2.94821,53.38467],[-2.94876,53.3864],[-2.95147,53.38712]]]},"properties":{"h3":"891951040cfffff","c":0,"f":0,"cs":1.8,"fs":0.1,"score":0.862,"pct":36,"price":175000,"n":155,"outcode":"L17","apprec":1.73,"value":-0.156}},{"type":"Feature","geometry":{"type":"Polygon","coordinates":[[[-2.92216,53.3651],[-2.92432,53.36409],[-2.92378,53.36237],[-2.92107,53.36165],[-2.91891,53.36266],[-2.91946,53.36438],[-2.92216,53.3651]]]},"properties":{"h3":"89195104103ffff","c":0,"f":0,"cs":2.1,"fs":0.0,"score":1.0,"pct":75,"price":225500,"n":170,"outcode":"L19","apprec":1.81,"value":0.021}},{"type":"Feature","geometry":{"type":"Polygon","coordinates":[[[-2.92703,53.36481],[-2.92919,53.36381],[-2.92864,53.36208],[-2.92594,53.36136],[-2.92378,53.36237],[-2.92432,53.36409],[-2.92703,53.36481]]]},"properties":{"h3":"8919510410bffff","c":0,"f":0,"cs":3.0,"fs":0.0,"score":1.0,"pct":75,"price":175000,"n":111,"outcode":"L17","apprec":1.73,"value":0.239}},{"type":"Feature","geometry":{"type":"Polygon","coordinates":[[[-2.92055,53.36784],[-2.92271,53.36683],[-2.92216,53.3651],[-2.91946,53.36438],[-2.9173,53.36539],[-2.91784,53.36712],[-2.92055,53.36784]]]},"properties":{"h3":"89195104113ffff","c":0,"f":0,"cs":2.1,"fs":0.0,"score":1.0,"pct":75,"price":396000,"n":114,"outcode":"L19","apprec":1.81,"value":-0.234}},{"type":"Feature","geometry":{"type":"Polygon","coordinates":[[[-2.92542,53.36755],[-2.92758,53.36654],[-2.92703,53.36481],[-2.92432,53.36409],[-2.92216,53.3651],[-2.92271,53.36683],[-2.92542,53.36755]]]},"properties":{"h3":"8919510411bffff","c":3,"f":0,"cs":3.5,"fs":0.0,"score":1.0,"pct":75,"price":375000,"n":111,"outcode":"L17","apprec":1.73,"value":-0.223}},{"type":"Feature","geometry":{"type":"Polygon","coordinates":[[[-2.93515,53.36697],[-2.93731,53.36596],[-2.93677,53.36424],[-2.93406,53.36352],[-2.9319,53.36452],[-2.93245,53.36625],[-2.93515,53.36697]]]},"properties":{"h3":"89195104143ffff","c":0,"f":0,"cs":1.9,"fs":0.0,"score":1.0,"pct":75,"n":2}},{"type":"Feature","geometry":{"type":"Polygon","coordinates":[[[-2.9319,53.36452],[-2.93406,53.36352],[-2.93351,53.36179],[-2.9308,53.36107],[-2.92864,53.36208],[-2.92919,53.36381],[-2.9319,53.36452]]]},"properties":{"h3":"89195104147ffff","c":2,"f":0,"cs":2.4,"fs":0.0,"score":1.0,"pct":75,"price":367500,"n":17,"outcode":"L17","apprec":1.73,"value":-0.219}},{"type":"Feature","geometry":{"type":"Polygon","coordinates":[[[-2.93354,53.36971],[-2.9357,53.3687],[-2.93515,53.36697],[-2.93245,53.36625],[-2.93029,53.36726],[-2.93083,53.36899],[-2.93354,53.36971]]]},"properties":{"h3":"89195104153ffff","c":0,"f":0,"cs":1.9,"fs":0.0,"score":1.0,"pct":75,"price":315000,"n":68,"outcode":"L17","apprec":1.73,"value":-0.185}},{"type":"Feature","geometry":{"type":"Polygon","coordinates":[[[-2.93029,53.36726],[-2.93245,53.36625],[-2.9319,53.36452],[-2.92919,53.36381],[-2.92703,53.36481],[-2.92758,53.36654],[-2.93029,53.36726]]]},"properties":{"h3":"89195104157ffff","c":0,"f":0,"cs":3.3,"fs":0.0,"score":1.0,"pct":75,"price":364750,"n":64,"outcode":"L17","apprec":1.73,"value":-0.217}},{"type":"Feature","geometry":{"type":"Polygon","coordinates":[[[-2.92864,53.36208],[-2.9308,53.36107],[-2.93025,53.35934],[-2.92755,53.35862],[-2.92539,53.35963],[-2.92594,53.36136],[-2.92864,53.36208]]]},"properties":{"h3":"89195104173ffff","c":0,"f":0,"cs":1.6,"fs":0.0,"score":1.0,"pct":75,"price":157000,"n":66,"outcode":"L17","apprec":1.73,"value":0.34}},{"type":"Feature","geometry":{"type":"Polygon","coordinates":[[[-2.91407,53.37086],[-2.91623,53.36985],[-2.91568,53.36813],[-2.91298,53.36741],[-2.91082,53.36841],[-2.91136,53.37014],[-2.91407,53.37086]]]},"properties":{"h3":"89195104183ffff","c":2,"f":0,"cs":2.6,"fs":0.0,"score":1.0,"pct":75,"price":415000,"n":97,"outcode":"L18","apprec":1.78,"value":-0.239}},{"type":"Feature","geometry":{"type":"Polygon","coordinates":[[[-2.91082,53.36841],[-2.91298,53.36741],[-2.91243,53.36568],[-2.90972,53.36496],[-2.90756,53.36597],[-2.90811,53.36769],[-2.91082,53.36841]]]},"properties":{"h3":"89195104187ffff","c":0,"f":0,"cs":2.2,"fs":0.0,"score":1.0,"pct":75,"price":399000,"n":126,"outcode":"L19","apprec":1.81,"value":-0.234}},{"type":"Feature","geometry":{"type":"Polygon","coordinates":[[[-2.91894,53.37057],[-2.9211,53.36956],[-2.92055,53.36784],[-2.91784,53.36712],[-2.91568,53.36813],[-2.91623,53.36985],[-2.91894,53.37057]]]},"properties":{"h3":"8919510418bffff","c":0,"f":0,"cs":1.8,"fs":0.0,"score":1.0,"pct":75,"price":425000,"n":85,"outcode":"L19","apprec":1.81,"value":-0.242}},{"type":"Feature","geometry":{"type":"Polygon","coordinates":[[[-2.91568,53.36813],[-2.91784,53.36712],[-2.9173,53.36539],[-2.91459,53.36467],[-2.91243,53.36568],[-2.91298,53.36741],[-2.91568,53.36813]]]},"properties":{"h3":"8919510418fffff","c":0,"f":0,"cs":1.9,"fs":0.0,"score":1.0,"pct":75,"price":410500,"n":112,"outcode":"L19","apprec":1.81,"value":-0.239}},{"type":"Feature","geometry":{"type":"Polygon","coordinates":[[[-2.91246,53.37359],[-2.91462,53.37259],[-2.91407,53.37086],[-2.91136,53.37014],[-2.9092,53.37115],[-2.90975,53.37287],[-2.91246,53.37359]]]},"properties":{"h3":"89195104193ffff","c":0,"f":0,"cs":2.0,"fs":0.0,"score":1.0,"pct":75,"price":392500,"n":96,"outcode":"L18","apprec":1.78,"value":-0.231}},{"type":"Feature","geometry":{"type":"Polygon","coordinates":[[[-2.9092,53.37115],[-2.91136,53.37014],[-2.91082,53.36841],[-2.90811,53.36769],[-2.90595,53.3687],[-2.9065,53.37043],[-2.9092,53.37115]]]},"properties":{"h3":"89195104197ffff","c":1,"f":0,"cs":2.3,"fs":0.0,"score":1.0,"pct":75,"price":385000,"n":101,"outcode":"L18","apprec":1.78,"value":-0.228}},{"type":"Feature","geometry":{"type":"Polygon","coordinates":[[[-2.90918,53.36323],[-2.91134,53.36222],[-2.91079,53.3605],[-2.90808,53.35978],[-2.90592,53.36078],[-2.90647,53.36251],[-2.90918,53.36323]]]},"properties":{"h3":"891951041a3ffff","c":1,"f":0,"cs":2.2,"fs":0.0,"score":1.0,"pct":75,"price":290000,"n":209,"outcode":"L19","apprec":1.81,"value":-0.151}},{"type":"Feature","geometry":{"type":"Polygon","coordinates":[[[-2.90592,53.36078],[-2.90808,53.35978],[-2.90754,53.35805],[-2.90483,53.35733],[-2.90267,53.35834],[-2.90322,53.36006],[-2.90592,53.36078]]]},"properties":{"h3":"891951041a7ffff","c":0,"f":0,"cs":2.6,"fs":0.1,"score":0.902,"pct":41,"price":213500,"n":216,"outcode":"L19","apprec":1.81,"value":-0.264}},{"type":"Feature","geometry":{"type":"Polygon","coordinates":[[[-2.90756,53.36597],[-2.90972,53.36496],[-2.90918,53.36323],[-2.90647,53.36251],[-2.90431,53.36352],[-2.90486,53.36525],[-2.90756,53.36597]]]},"properties":{"h3":"891951041b3ffff","c":0,"f":0,"cs":2.2,"fs":0.0,"score":1.0,"pct":75,"price":360000,"n":157,"outcode":"L19","apprec":1.81,"value":-0.215}},{"type":"Feature","geometry":{"type":"Polygon","coordinates":[[[-2.90431,53.36352],[-2.90647,53.36251],[-2.90592,53.36078],[-2.90322,53.36006],[-2.90106,53.36107],[-2.9016,53.3628],[-2.90431,53.36352]]]},"properties":{"h3":"891951041b7ffff","c":2,"f":0,"cs":2.7,"fs":0.0,"score":1.0,"pct":75,"price":260333,"n":216,"outcode":"L19","apprec":1.81,"value":-0.09}},{"type":"Feature","geometry":{"type":"Polygon","coordinates":[[[-2.92706,53.37273],[-2.92922,53.37172],[-2.92867,53.37],[-2.92597,53.36928],[-2.92381,53.37028],[-2.92435,53.37201],[-2.92706,53.37273]]]},"properties":{"h3":"891951041c3ffff","c":0,"f":0,"cs":1.8,"fs":0.0,"score":1.0,"pct":75,"price":325000,"n":171,"outcode":"L17","apprec":1.73,"value":-0.194}},{"type":"Feature","geometry":{"type":"Polygon","coordinates":[[[-2.92381,53.37028],[-2.92597,53.36928],[-2.92542,53.36755],[-2.92271,53.36683],[-2.92055,53.36784],[-2.9211,53.36956],[-2.92381,53.37028]]]},"properties":{"h3":"891951041c7ffff","c":0,"f":0,"cs":2.4,"fs":0.0,"score":1.0,"pct":75,"price":375000,"n":129,"outcode":"L17","apprec":1.73,"value":-0.223}},{"type":"Feature","geometry":{"type":"Polygon","coordinates":[[[-2.93193,53.37244],[-2.93409,53.37143],[-2.93354,53.36971],[-2.93083,53.36899],[-2.92867,53.37],[-2.92922,53.37172],[-2.93193,53.37244]]]},"properties":{"h3":"891951041cbffff","c":2,"f":0,"cs":2.7,"fs":0.0,"score":1.0,"pct":75,"price":308375,"n":194,"outcode":"L17","apprec":1.73,"value":-0.18}},{"type":"Feature","geometry":{"type":"Polygon","coordinates":[[[-2.92867,53.37],[-2.93083,53.36899],[-2.93029,53.36726],[-2.92758,53.36654],[-2.92542,53.36755],[-2.92597,53.36928],[-2.92867,53.37]]]},"properties":{"h3":"891951041cfffff","c":0,"f":0,"cs":3.3,"fs":0.0,"score":1.0,"pct":75,"price":330000,"n":141,"outcode":"L17","apprec":1.73,"value":-0.197}},{"type":"Feature","geometry":{"type":"Polygon","coordinates":[[[-2.93032,53.37518],[-2.93248,53.37417],[-2.93193,53.37244],[-2.92922,53.37172],[-2.92706,53.37273],[-2.92761,53.37446],[-2.93032,53.37518]]]},"properties":{"h3":"891951041dbffff","c":0,"f":0,"cs":2.0,"fs":0.0,"score":1.0,"pct":75,"price":290000,"n":243,"outcode":"L17","apprec":1.73,"value":-0.151}},{"type":"Feature","geometry":{"type":"Polygon","coordinates":[[[-2.97095,53.38596],[-2.97311,53.38495],[-2.97256,53.38322],[-2.96985,53.38251],[-2.96769,53.38351],[-2.96824,53.38524],[-2.97095,53.38596]]]},"properties":{"h3":"89195104283ffff","c":0,"f":0,"cs":2.8,"fs":0.6,"score":0.647,"pct":17,"price":150000,"n":96,"outcode":"L8","apprec":2.21,"value":-0.193}},{"type":"Feature","geometry":{"type":"Polygon","coordinates":[[[-2.96769,53.38351],[-2.96985,53.38251],[-2.9693,53.38078],[-2.96659,53.38006],[-2.96443,53.38107],[-2.96498,53.3828],[-2.96769,53.38351]]]},"properties":{"h3":"89195104287ffff","c":1,"f":0,"cs":3.6,"fs":0.6,"score":0.709,"pct":22,"price":149975,"n":226,"outcode":"L8","apprec":2.21,"value":-0.132}},{"type":"Feature","geometry":{"type":"Polygon","coordinates":[[[-2.97582,53.38567],[-2.97798,53.38466],[-2.97743,53.38293],[-2.97472,53.38222],[-2.97256,53.38322],[-2.97311,53.38495],[-2.97582,53.38567]]]},"properties":{"h3":"8919510428bffff","c":0,"f":0,"cs":1.6,"fs":0.1,"score":0.846,"pct":33,"price":150500,"n":52,"outcode":"L8","apprec":2.21,"value":-0.04}},{"type":"Feature","geometry":{"type":"Polygon","coordinates":[[[-2.97256,53.38322],[-2.97472,53.38222],[-2.97417,53.38049],[-2.97146,53.37977],[-2.9693,53.38078],[-2.96985,53.38251],[-2.97256,53.38322]]]},"properties":{"h3":"8919510428fffff","c":1,"f":0,"cs":2.1,"fs":0.1,"score":0.881,"pct":39,"price":147000,"n":162,"outcode":"L8","apprec":2.21,"value":0.045}},{"type":"Feature","geometry":{"type":"Polygon","coordinates":[[[-2.96934,53.3887],[-2.9715,53.38769],[-2.97095,53.38596],[-2.96824,53.38524],[-2.96608,53.38625],[-2.96663,53.38798],[-2.96934,53.3887]]]},"properties":{"h3":"89195104293ffff","c":0,"f":0,"cs":2.6,"fs":0.6,"score":0.625,"pct":16,"price":156500,"n":90,"outcode":"L8","apprec":2.21,"value":-0.255}},{"type":"Feature","geometry":{"type":"Polygon","coordinates":[[[-2.96608,53.38625],[-2.96824,53.38524],[-2.96769,53.38351],[-2.96498,53.3828],[-2.96282,53.3838],[-2.96337,53.38553],[-2.96608,53.38625]]]},"properties":{"h3":"89195104297ffff","c":2,"f":1,"cs":3.8,"fs":1.0,"score":0.579,"pct":13,"price":154000,"n":105,"outcode":"L8","apprec":2.21,"value":-0.265}},{"type":"Feature","geometry":{"type":"Polygon","coordinates":[[[-2.96443,53.38107],[-2.96659,53.38006],[-2.96605,53.37833],[-2.96334,53.37761],[-2.96118,53.37862],[-2.96173,53.38035],[-2.96443,53.38107]]]},"properties":{"h3":"891951042b3ffff","c":0,"f":0,"cs":2.4,"fs":0.3,"score":0.794,"pct":28,"price":150000,"n":236,"outcode":"L8","apprec":2.21,"value":-0.08}},{"type":"Feature","geometry":{"type":"Polygon","coordinates":[[[-2.9693,53.38078],[-2.97146,53.37977],[-2.97092,53.37804],[-2.96821,53.37732],[-2.96605,53.37833],[-2.96659,53.38006],[-2.9693,53.38078]]]},"properties":{"h3":"891951042bbffff","c":0,"f":0,"cs":1.8,"fs":0.1,"score":0.857,"pct":35,"price":150000,"n":191,"outcode":"L3","apprec":1.17,"value":-0.011}},{"type":"Feature","geometry":{"type":"Polygon","coordinates":[[[-2.98234,53.39056],[-2.9845,53.38955],[-2.98395,53.38783],[-2.98124,53.38711],[-2.97908,53.38812],[-2.97963,53.38984],[-2.98234,53.39056]]]},"properties":{"h3":"891951042d3ffff","c":0,"f":0,"cs":3.4,"fs":0.0,"score":1.0,"pct":75,"price":186950,"n":151,"outcode":"L3","apprec":1.17,"value":0.181}},{"type":"Feature","geometry":{"type":"Polygon","coordinates":[[[-2.93367,53.40137],[-2.93583,53.40036],[-2.93528,53.39863],[-2.93257,53.39791],[-2.93041,53.39892],[-2.93096,53.40065],[-2.93367,53.40137]]]},"properties":{"h3":"89195104403ffff","c":0,"f":0,"cs":3.4,"fs":0.1,"score":0.924,"pct":45,"price":119000,"n":228,"outcode":"L15","apprec":1.94,"value":0.299}},{"type":"Feature","geometry":{"type":"Polygon","coordinates":[[[-2.93041,53.39892],[-2.93257,53.39791],[-2.93203,53.39619],[-2.92932,53.39547],[-2.92716,53.39648],[-2.9277,53.3982],[-2.93041,53.39892]]]},"properties":{"h3":"89195104407ffff","c":0,"f":0,"cs":3.0,"fs":1.0,"score":0.5,"pct":10,"price":123000,"n":211,"outcode":"L15","apprec":1.94,"value":-0.088}},{"type":"Feature","geometry":{"type":"Polygon","coordinates":[[[-2.93854,53.40108],[-2.9407,53.40007],[-2.94015,53.39835],[-2.93744,53.39763],[-2.93528,53.39863],[-2.93583,53.40036],[-2.93854,53.40108]]]},"properties":{"h3":"8919510440bffff","c":1,"f":0,"cs":2.5,"fs":0.1,"score":0.897,"pct":40,"price":123000,"n":215,"outcode":"L15","apprec":1.94,"value":0.226}},{"type":"Feature","geometry":{"type":"Polygon","coordinates":[[[-2.93528,53.39863],[-2.93744,53.39763],[-2.9369,53.3959],[-2.93419,53.39518],[-2.93203,53.39619],[-2.93257,53.39791],[-2.93528,53.39863]]]},"properties":{"h3":"8919510440fffff","c":1,"f":0,"cs":2.4,"fs":0.9,"score":0.468,"pct":9,"price":124000,"n":273,"outcode":"L15","apprec":1.94,"value":-0.1}},{"type":"Feature","geometry":{"type":"Polygon","coordinates":[[[-2.93206,53.4041],[-2.93422,53.40309],[-2.93367,53.40137],[-2.93096,53.40065],[-2.9288,53.40166],[-2.92935,53.40338],[-2.93206,53.4041]]]},"properties":{"h3":"89195104413ffff","c":0,"f":0,"cs":3.1,"fs":0.0,"score":1.0,"pct":75,"price":117000,"n":119,"outcode":"L15","apprec":1.94,"value":0.61}},{"type":"Feature","geometry":{"type":"Polygon","coordinates":[[[-2.9288,53.40166],[-2.93096,53.40065],[-2.93041,53.39892],[-2.9277,53.3982],[-2.92554,53.39921],[-2.92609,53.40094],[-2.9288,53.40166]]]},"properties":{"h3":"89195104417ffff","c":2,"f":0,"cs":4.4,"fs":0.3,"score":0.883,"pct":39,"price":126550,"n":230,"outcode":"L15","apprec":1.94,"value":0.187}},{"type":"Feature","geometry":{"type":"Polygon","coordinates":[[[-2.93693,53.40381],[-2.93909,53.40281],[-2.93854,53.40108],[-2.93583,53.40036],[-2.93367,53.40137],[-2.93422,53.40309],[-2.93693,53.40381]]]},"properties":{"h3":"8919510441bffff","c":1,"f":0,"cs":2.3,"fs":0.0,"score":1.0,"pct":75,"price":120000,"n":123,"outcode":"L15","apprec":1.94,"value":0.592}},{"type":"Feature","geometry":{"type":"Polygon","coordinates":[[[-2.92877,53.39374],[-2.93093,53.39273],[-2.93038,53.39101],[-2.92767,53.39029],[-2.92551,53.3913],[-2.92606,53.39302],[-2.92877,53.39374]]]},"properties":{"h3":"89195104423ffff","c":0,"f":0,"cs":5.7,"fs":2.4,"score":0.405,"pct":6,"price":210500,"n":198,"outcode":"L15","apprec":1.94,"value":-0.614}},{"type":"Feature","geometry":{"type":"Polygon","coordinates":[[[-2.92551,53.3913],[-2.92767,53.39029],[-2.92712,53.38856],[-2.92442,53.38784],[-2.92226,53.38885],[-2.9228,53.39058],[-2.92551,53.3913]]]},"properties":{"h3":"89195104427ffff","c":4,"f":1,"cs":6.9,"fs":1.5,"score":0.635,"pct":17,"price":250000,"n":235,"outcode":"L18","apprec":1.78,"value":-0.657}},{"type":"Feature","geometry":{"type":"Polygon","coordinates":[[[-2.93364,53.39345],[-2.9358,53.39245],[-2.93525,53.39072],[-2.93254,53.39],[-2.93038,53.39101],[-2.93093,53.39273],[-2.93364,53.39345]]]},"properties":{"h3":"8919510442bffff","c":3,"f":2,"cs":4.9,"fs":2.7,"score":0.281,"pct":3,"price":200000,"n":182,"outcode":"L15","apprec":1.94,"value":-0.604}},{"type":"Feature","geometry":{"type":"Polygon","coordinates":[[[-2.93038,53.39101],[-2.93254,53.39],[-2.93199,53.38827],[-2.92929,53.38755],[-2.92712,53.38856],[-2.92767,53.39029],[-2.93038,53.39101]]]},"properties":{"h3":"8919510442fffff","c":2,"f":0,"cs":6.5,"fs":2.0,"score":0.538,"pct":12,"price":225000,"n":166,"outcode":"L15","apprec":1.94,"value":-0.614}},{"type":"Feature","geometry":{"type":"Polygon","coordinates":[[[-2.92716,53.39648],[-2.92932,53.39547],[-2.92877,53.39374],[-2.92606,53.39302],[-2.9239,53.39403],[-2.92445,53.39576],[-2.92716,53.39648]]]},"properties":{"h3":"89195104433ffff","c":0,"f":0,"cs":2.0,"fs":1.1,"score":0.278,"pct":3,"price":167500,"n":152,"outcode":"L15","apprec":1.94,"value":-0.452}},{"type":"Feature","geometry":{"type":"Polygon","coordinates":[[[-2.9239,53.39403],[-2.92606,53.39302],[-2.92551,53.3913],[-2.9228,53.39058],[-2.92064,53.39158],[-2.92119,53.39331],[-2.9239,53.39403]]]},"properties":{"h3":"89195104437ffff","c":0,"f":0,"cs":3.9,"fs":1.3,"score":0.506,"pct":10,"price":240000,"n":190,"outcode":"L15","apprec":1.94,"value":-0.687}},{"type":"Feature","geometry":{"type":"Polygon","coordinates":[[[-2.93203,53.39619],[-2.93419,53.39518],[-2.93364,53.39345],[-2.93093,53.39273],[-2.92877,53.39374],[-2.92932,53.39547],[-2.93203,53.39619]]]},"properties":{"h3":"8919510443bffff","c":0,"f":1,"cs":3.6,"fs":2.3,"score":0.216,"pct":2,"price":155000,"n":271,"outcode":"L15","apprec":1.94,"value":-0.385}},{"type":"Feature","geometry":{"type":"Polygon","coordinates":[[[-2.94667,53.40324],[-2.94883,53.40223],[-2.94828,53.4005],[-2.94557,53.39978],[-2.94341,53.40079],[-2.94396,53.40252],[-2.94667,53.40324]]]},"properties":{"h3":"89195104443ffff","c":0,"f":0,"cs":1.8,"fs":0.0,"score":1.0,"pct":75,"price":135000,"n":71,"outcode":"L7","apprec":1.72,"value":0.491}},{"type":"Feature","geometry":{"type":"Polygon","coordinates":[[[-2.94341,53.40079],[-2.94557,53.39978],[-2.94502,53.39806],[-2.94231,53.39734],[-2.94015,53.39835],[-2.9407,53.40007],[-2.94341,53.40079]]]},"properties":{"h3":"89195104447ffff","c":0,"f":0,"cs":2.0,"fs":0.0,"score":1.0,"pct":75,"price":120000,"n":157,"outcode":"L15","apprec":1.94,"value":0.592}},{"type":"Feature","geometry":{"type":"Polygon","coordinates":[[[-2.95154,53.40295],[-2.9537,53.40194],[-2.95315,53.40021],[-2.95044,53.3995],[-2.94828,53.4005],[-2.94883,53.40223],[-2.95154,53.40295]]]},"properties":{"h3":"8919510444bffff","c":0,"f":0,"cs":2.0,"fs":0.0,"score":1.0,"pct":75,"price":125000,"n":72,"outcode":"L7","apprec":1.72,"value":0.562}},{"type":"Feature","geometry":{"type":"Polygon","coordinates":[[[-2.94828,53.4005],[-2.95044,53.3995],[-2.9499,53.39777],[-2.94719,53.39705],[-2.94502,53.39806],[-2.94557,53.39978],[-2.94828,53.4005]]]},"properties":{"h3":"8919510444fffff","c":0,"f":0,"cs":4.5,"fs":0.0,"score":1.0,"pct":75,"price":93000,"n":85,"outcode":"L7","apprec":1.72,"value":0.72}},{"type":"Feature","geometry":{"type":"Polygon","coordinates":[[[-2.94177,53.39561],[-2.94393,53.3946],[-2.94338,53.39288],[-2.94067,53.39216],[-2.93851,53.39317],[-2.93906,53.39489],[-2.94177,53.39561]]]},"properties":{"h3":"89195104463ffff","c":0,"f":0,"cs":1.5,"fs":0.4,"score":0.571,"pct":13,"price":133500,"n":144,"outcode":"L8","apprec":2.21,"value":-0.13}},{"type":"Feature","geometry":{"type":"Polygon","coordinates":[[[-2.93851,53.39317],[-2.94067,53.39216],[-2.94012,53.39043],[-2.93741,53.38971],[-2.93525,53.39072],[-2.9358,53.39245],[-2.93851,53.39317]]]},"properties":{"h3":"89195104467ffff","c":0,"f":0,"cs":2.2,"fs":1.3,"score":0.245,"pct":2,"price":215000,"n":115,"outcode":"L17","apprec":1.73,"value":-0.661}},{"type":"Feature","geometry":{"type":"Polygon","coordinates":[[[-2.94664,53.39532],[-2.9488,53.39431],[-2.94825,53.39259],[-2.94554,53.39187],[-2.94338,53.39288],[-2.94393,53.3946],[-2.94664,53.39532]]]},"properties":{"h3":"8919510446bffff","c":0,"f":0,"cs":3.8,"fs":0.0,"score":1.0,"pct":75,"price":109000,"n":106,"outcode":"L8","apprec":2.21,"value":0.655}},{"type":"Feature","geometry":{"type":"Polygon","coordinates":[[[-2.94015,53.39835],[-2.94231,53.39734],[-2.94177,53.39561],[-2.93906,53.39489],[-2.9369,53.3959],[-2.93744,53.39763],[-2.94015,53.39835]]]},"properties":{"h3":"89195104473ffff","c":0,"f":0,"cs":2.6,"fs":0.4,"score":0.727,"pct":24,"price":121500,"n":174,"outcode":"L15","apprec":1.94,"value":0.062}},{"type":"Feature","geometry":{"type":"Polygon","coordinates":[[[-2.9369,53.3959],[-2.93906,53.39489],[-2.93851,53.39317],[-2.9358,53.39245],[-2.93364,53.39345],[-2.93419,53.39518],[-2.9369,53.3959]]]},"properties":{"h3":"89195104477ffff","c":0,"f":0,"cs":2.8,"fs":1.8,"score":0.218,"pct":2,"price":152000,"n":210,"outcode":"L15","apprec":1.94,"value":-0.362}},{"type":"Feature","geometry":{"type":"Polygon","coordinates":[[[-2.94502,53.39806],[-2.94719,53.39705],[-2.94664,53.39532],[-2.94393,53.3946],[-2.94177,53.39561],[-2.94231,53.39734],[-2.94502,53.39806]]]},"properties":{"h3":"8919510447bffff","c":0,"f":0,"cs":4.0,"fs":0.0,"score":1.0,"pct":75,"price":115000,"n":144,"outcode":"L8","apprec":2.21,"value":0.62}},{"type":"Feature","geometry":{"type":"Polygon","coordinates":[[[-2.92557,53.40712],[-2.92774,53.40612],[-2.92719,53.40439],[-2.92448,53.40367],[-2.92232,53.40468],[-2.92286,53.4064],[-2.92557,53.40712]]]},"properties":{"h3":"89195104483ffff","c":0,"f":0,"cs":2.0,"fs":0.7,"score":0.451,"pct":8,"price":140000,"n":89,"outcode":"L15","apprec":1.94,"value":-0.225}},{"type":"Feature","geometry":{"type":"Polygon","coordinates":[[[-2.92232,53.40468],[-2.92448,53.40367],[-2.92393,53.40194],[-2.92122,53.40122],[-2.91906,53.40223],[-2.91961,53.40396],[-2.92232,53.40468]]]},"properties":{"h3":"89195104487ffff","c":0,"f":0,"cs":2.4,"fs":0.3,"score":0.794,"pct":28,"price":165000,"n":206,"outcode":"L15","apprec":1.94,"value":-0.185}},{"type":"Feature","geometry":{"type":"Polygon","coordinates":[[[-2.93044,53.40684],[-2.93261,53.40583],[-2.93206,53.4041],[-2.92935,53.40338],[-2.92719,53.40439],[-2.92774,53.40612],[-2.93044,53.40684]]]},"properties":{"h3":"8919510448bffff","c":0,"f":0,"cs":2.2,"fs":0.1,"score":0.882,"pct":39,"price":130000,"n":45,"outcode":"L15","apprec":1.94,"value":0.164}},{"type":"Feature","geometry":{"type":"Polygon","coordinates":[[[-2.92719,53.40439],[-2.92935,53.40338],[-2.9288,53.40166],[-2.92609,53.40094],[-2.92393,53.40194],[-2.92448,53.40367],[-2.92719,53.40439]]]},"properties":{"h3":"8919510448fffff","c":1,"f":0,"cs":3.8,"fs":0.3,"score":0.868,"pct":37,"price":144500,"n":180,"outcode":"L15","apprec":1.94,"value":0.041}},{"type":"Feature","geometry":{"type":"Polygon","coordinates":[[[-2.92396,53.40986],[-2.92612,53.40885],[-2.92557,53.40712],[-2.92286,53.4064],[-2.9207,53.40741],[-2.92125,53.40914],[-2.92396,53.40986]]]},"properties":{"h3":"89195104493ffff","c":0,"f":1,"cs":3.3,"fs":1.6,"score":0.346,"pct":4,"price":110000,"n":61,"outcode":"L13","apprec":1.86,"value":-0.066}},{"type":"Feature","geometry":{"type":"Polygon","coordinates":[[[-2.9207,53.40741],[-2.92286,53.4064],[-2.92232,53.40468],[-2.91961,53.40396],[-2.91745,53.40497],[-2.91799,53.40669],[-2.9207,53.40741]]]},"properties":{"h3":"89195104497ffff","c":0,"f":0,"cs":1.1,"fs":0.7,"score":0.187,"pct":1,"price":140000,"n":124,"outcode":"L15","apprec":1.94,"value":-0.283}},{"type":"Feature","geometry":{"type":"Polygon","coordinates":[[[-2.92883,53.40957],[-2.93099,53.40856],[-2.93044,53.40684],[-2.92774,53.40612],[-2.92557,53.40712],[-2.92612,53.40885],[-2.92883,53.40957]]]},"properties":{"h3":"8919510449bffff","c":0,"f":0,"cs":2.4,"fs":0.7,"score":0.522,"pct":11,"price":138000,"n":30,"outcode":"L7","apprec":1.72,"value":-0.176}},{"type":"Feature","geometry":{"type":"Polygon","coordinates":[[[-2.92067,53.3995],[-2.92283,53.39849],[-2.92229,53.39676],[-2.91958,53.39604],[-2.91742,53.39705],[-2.91796,53.39878],[-2.92067,53.3995]]]},"properties":{"h3":"891951044a3ffff","c":1,"f":1,"cs":3.2,"fs":1.0,"score":0.527,"pct":11,"price":160000,"n":141,"outcode":"L15","apprec":1.94,"value":-0.325}},{"type":"Feature","geometry":{"type":"Polygon","coordinates":[[[-2.91742,53.39705],[-2.91958,53.39604],[-2.91903,53.39432],[-2.91632,53.3936],[-2.91416,53.39461],[-2.91471,53.39633],[-2.91742,53.39705]]]},"properties":{"h3":"891951044a7ffff","c":0,"f":0,"cs":2.0,"fs":0.7,"score":0.464,"pct":9,"price":248000,"n":133,"outcode":"L15","apprec":1.94,"value":-0.723}},{"type":"Feature","geometry":{"type":"Polygon","coordinates":[[[-2.92554,53.39921],[-2.9277,53.3982],[-2.92716,53.39648],[-2.92445,53.39576],[-2.92229,53.39676],[-2.92283,53.39849],[-2.92554,53.39921]]]},"properties":{"h3":"891951044abffff","c":0,"f":0,"cs":3.4,"fs":0.7,"score":0.645,"pct":17,"price":136000,"n":175,"outcode":"L15","apprec":1.94,"value":-0.105}},{"type":"Feature","geometry":{"type":"Polygon","coordinates":[[[-2.92229,53.39676],[-2.92445,53.39576],[-2.9239,53.39403],[-2.92119,53.39331],[-2.91903,53.39432],[-2.91958,53.39604],[-2.92229,53.39676]]]},"properties":{"h3":"891951044afffff","c":0,"f":0,"cs":2.2,"fs":1.0,"score":0.376,"pct":5,"price":207500,"n":63,"outcode":"L15","apprec":1.94,"value":-0.609}},{"type":"Feature","geometry":{"type":"Polygon","coordinates":[[[-2.91906,53.40223],[-2.92122,53.40122],[-2.92067,53.3995],[-2.91796,53.39878],[-2.9158,53.39979],[-2.91635,53.40151],[-2.91906,53.40223]]]},"properties":{"h3":"891951044b3ffff","c":0,"f":0,"cs":2.8,"fs":0.6,"score":0.647,"pct":17,"price":167000,"n":215,"outcode":"L15","apprec":1.94,"value":-0.308}},{"type":"Feature","geometry":{"type":"Polygon","coordinates":[[[-2.9158,53.39979],[-2.91796,53.39878],[-2.91742,53.39705],[-2.91471,53.39633],[-2.91255,53.39734],[-2.91309,53.39907],[-2.9158,53.39979]]]},"properties":{"h3":"891951044b7ffff","c":1,"f":0,"cs":2.0,"fs":0.6,"score":0.537,"pct":12,"price":190000,"n":128,"outcode":"L15","apprec":1.94,"value":-0.481}},{"type":"Feature","geometry":{"type":"Polygon","coordinates":[[[-2.92393,53.40194],[-2.92609,53.40094],[-2.92554,53.39921],[-2.92283,53.39849],[-2.92067,53.3995],[-2.92122,53.40122],[-2.92393,53.40194]]]},"properties":{"h3":"891951044bbffff","c":2,"f":0,"cs":4.6,"fs":0.6,"score":0.765,"pct":27,"price":144000,"n":215,"outcode":"L15","apprec":1.94,"value":-0.063}},{"type":"Feature","geometry":{"type":"Polygon","coordinates":[[[-2.93532,53.40655],[-2.93748,53.40554],[-2.93693,53.40381],[-2.93422,53.40309],[-2.93206,53.4041],[-2.93261,53.40583],[-2.93532,53.40655]]]},"properties":{"h3":"891951044c7ffff","c":0,"f":0,"cs":1.8,"fs":0.0,"score":1.0,"pct":75,"price":145025,"n":24,"outcode":"L15","apprec":1.94,"value":0.417}},{"type":"Feature","geometry":{"type":"Polygon","coordinates":[[[-2.93696,53.41173],[-2.93912,53.41072],[-2.93857,53.40899],[-2.93586,53.40827],[-2.9337,53.40928],[-2.93425,53.41101],[-2.93696,53.41173]]]},"properties":{"h3":"891951044d3ffff","c":0,"f":0,"cs":1.6,"fs":0.6,"score":0.455,"pct":8,"price":140000,"n":65,"outcode":"L7","apprec":1.72,"value":-0.22}},{"type":"Feature","geometry":{"type":"Polygon","coordinates":[[[-2.9337,53.40928],[-2.93586,53.40827],[-2.93532,53.40655],[-2.93261,53.40583],[-2.93044,53.40684],[-2.93099,53.40856],[-2.9337,53.40928]]]},"properties":{"h3":"891951044d7ffff","c":1,"f":0,"cs":1.7,"fs":0.3,"score":0.722,"pct":23,"price":143500,"n":28,"outcode":"L7","apprec":1.72,"value":-0.095}},{"type":"Feature","geometry":{"type":"Polygon","coordinates":[[[-2.94183,53.41144],[-2.94399,53.41043],[-2.94345,53.40871],[-2.94074,53.40799],[-2.93857,53.40899],[-2.93912,53.41072],[-2.94183,53.41144]]]},"properties":{"h3":"891951044dbffff","c":0,"f":0,"cs":1.5,"fs":0.7,"score":0.333,"pct":4,"price":128500,"n":64,"outcode":"L7","apprec":1.72,"value":-0.172}},{"type":"Feature","geometry":{"type":"Polygon","coordinates":[[[-2.91088,53.38424],[-2.91304,53.38324],[-2.91249,53.38151],[-2.90978,53.38079],[-2.90762,53.3818],[-2.90817,53.38352],[-2.91088,53.38424]]]},"properties":{"h3":"89195104503ffff","c":1,"f":0,"cs":6.9,"fs":0.0,"score":1.0,"pct":75,"price":305000,"n":151,"outcode":"L18","apprec":1.78,"value":-0.175}},{"type":"Feature","geometry":{"type":"Polygon","coordinates":[[[-2.90762,53.3818],[-2.90978,53.38079],[-2.90923,53.37906],[-2.90653,53.37834],[-2.90437,53.37935],[-2.90491,53.38108],[-2.90762,53.3818]]]},"properties":{"h3":"89195104507ffff","c":0,"f":0,"cs":2.6,"fs":0.0,"score":1.0,"pct":75,"price":382500,"n":88,"outcode":"L18","apprec":1.78,"value":-0.226}},{"type":"Feature","geometry":{"type":"Polygon","coordinates":[[[-2.91574,53.38396],[-2.9179,53.38295],[-2.91736,53.38122],[-2.91465,53.3805],[-2.91249,53.38151],[-2.91304,53.38324],[-2.91574,53.38396]]]},"properties":{"h3":"8919510450bffff","c":0,"f":0,"cs":3.8,"fs":0.0,"score":1.0,"pct":75,"price":260500,"n":205,"outcode":"L18","apprec":1.78,"value":-0.09}},{"type":"Feature","geometry":{"type":"Polygon","coordinates":[[[-2.91249,53.38151],[-2.91465,53.3805],[-2.9141,53.37878],[-2.91139,53.37806],[-2.90923,53.37906],[-2.90978,53.38079],[-2.91249,53.38151]]]},"properties":{"h3":"8919510450fffff","c":2,"f":0,"cs":3.4,"fs":0.0,"score":1.0,"pct":75,"price":280000,"n":132,"outcode":"L18","apprec":1.78,"value":-0.138}},{"type":"Feature","geometry":{"type":"Polygon","coordinates":[[[-2.90926,53.38698],[-2.91142,53.38597],[-2.91088,53.38424],[-2.90817,53.38352],[-2.90601,53.38453],[-2.90655,53.38626],[-2.90926,53.38698]]]},"properties":{"h3":"89195104513ffff","c":6,"f":0,"cs":11.7,"fs":0.1,"score":0.977,"pct":50,"price":350000,"n":185,"outcode":"L18","apprec":1.78,"value":-0.462}},{"type":"Feature","geometry":{"type":"Polygon","coordinates":[[[-2.90601,53.38453],[-2.90817,53.38352],[-2.90762,53.3818],[-2.90491,53.38108],[-2.90275,53.38208],[-2.9033,53.38381],[-2.90601,53.38453]]]},"properties":{"h3":"89195104517ffff","c":0,"f":0,"cs":5.5,"fs":0.0,"score":1.0,"pct":75,"price":395000,"n":97,"outcode":"L18","apprec":1.78,"value":-0.232}},{"type":"Feature","geometry":{"type":"Polygon","coordinates":[[[-2.91413,53.38669],[-2.91629,53.38568],[-2.91574,53.38396],[-2.91304,53.38324],[-2.91088,53.38424],[-2.91142,53.38597],[-2.91413,53.38669]]]},"properties":{"h3":"8919510451bffff","c":0,"f":0,"cs":9.6,"fs":0.1,"score":0.972,"pct":49,"price":280000,"n":245,"outcode":"L18","apprec":1.78,"value":-0.392}},{"type":"Feature","geometry":{"type":"Polygon","coordinates":[[[-2.92387,53.38612],[-2.92603,53.38511],[-2.92548,53.38338],[-2.92277,53.38266],[-2.92061,53.38367],[-2.92116,53.3854],[-2.92387,53.38612]]]},"properties":{"h3":"89195104543ffff","c":1,"f":0,"cs":2.6,"fs":0.1,"score":0.899,"pct":41,"price":252000,"n":167,"outcode":"L18","apprec":1.78,"value":-0.416}},{"type":"Feature","geometry":{"type":"Polygon","coordinates":[[[-2.92874,53.38583],[-2.9309,53.38482],[-2.93035,53.38309],[-2.92764,53.38237],[-2.92548,53.38338],[-2.92603,53.38511],[-2.92874,53.38583]]]},"properties":{"h3":"8919510454bffff","c":0,"f":0,"cs":1.7,"fs":0.1,"score":0.852,"pct":34,"price":305000,"n":19,"outcode":"L17","apprec":1.73,"value":-0.583}},{"type":"Feature","geometry":{"type":"Polygon","coordinates":[[[-2.92226,53.38885],[-2.92442,53.38784],[-2.92387,53.38612],[-2.92116,53.3854],[-2.919,53.3864],[-2.91955,53.38813],[-2.92226,53.38885]]]},"properties":{"h3":"89195104553ffff","c":1,"f":0,"cs":6.1,"fs":0.7,"score":0.784,"pct":28,"price":260850,"n":284,"outcode":"L18","apprec":1.78,"value":-0.568}},{"type":"Feature","geometry":{"type":"Polygon","coordinates":[[[-2.919,53.3864],[-2.92116,53.3854],[-2.92061,53.38367],[-2.9179,53.38295],[-2.91574,53.38396],[-2.91629,53.38568],[-2.919,53.3864]]]},"properties":{"h3":"89195104557ffff","c":0,"f":0,"cs":4.8,"fs":0.3,"score":0.893,"pct":40,"price":265000,"n":269,"outcode":"L18","apprec":1.78,"value":-0.459}},{"type":"Feature","geometry":{"type":"Polygon","coordinates":[[[-2.92712,53.38856],[-2.92929,53.38755],[-2.92874,53.38583],[-2.92603,53.38511],[-2.92387,53.38612],[-2.92442,53.38784],[-2.92712,53.38856]]]},"properties":{"h3":"8919510455bffff","c":0,"f":0,"cs":5.4,"fs":0.9,"score":0.72,"pct":23,"price":261250,"n":127,"outcode":"L18","apprec":1.78,"value":-0.62}},{"type":"Feature","geometry":{"type":"Polygon","coordinates":[[[-2.90278,53.39],[-2.90494,53.38899],[-2.90439,53.38727],[-2.90169,53.38655],[-2.89953,53.38755],[-2.90007,53.38928],[-2.90278,53.39]]]},"properties":{"h3":"89195104583ffff","c":0,"f":0,"cs":3.6,"fs":0.0,"score":1.0,"pct":75,"price":395000,"n":140,"outcode":"L18","apprec":1.78,"value":-0.232}},{"type":"Feature","geometry":{"type":"Polygon","coordinates":[[[-2.90765,53.38971],[-2.90981,53.38871],[-2.90926,53.38698],[-2.90655,53.38626],[-2.90439,53.38727],[-2.90494,53.38899],[-2.90765,53.38971]]]},"properties":{"h3":"8919510458bffff","c":1,"f":0,"cs":9.4,"fs":0.1,"score":0.971,"pct":49,"price":349000,"n":209,"outcode":"L18","apprec":1.78,"value":-0.466}},{"type":"Feature","geometry":{"type":"Polygon","coordinates":[[[-2.90439,53.38727],[-2.90655,53.38626],[-2.90601,53.38453],[-2.9033,53.38381],[-2.90114,53.38482],[-2.90169,53.38655],[-2.90439,53.38727]]]},"properties":{"h3":"8919510458fffff","c":0,"f":0,"cs":5.5,"fs":0.0,"score":1.0,"pct":75,"price":395000,"n":148,"outcode":"L18","apprec":1.78,"value":-0.232}},{"type":"Feature","geometry":{"type":"Polygon","coordinates":[[[-2.90117,53.39273],[-2.90333,53.39173],[-2.90278,53.39],[-2.90007,53.38928],[-2.89791,53.39029],[-2.89846,53.39201],[-2.90117,53.39273]]]},"properties":{"h3":"89195104593ffff","c":2,"f":0,"cs":2.4,"fs":0.0,"score":1.0,"pct":75,"price":420000,"n":97,"outcode":"L18","apprec":1.78,"value":-0.241}},{"type":"Feature","geometry":{"type":"Polygon","coordinates":[[[-2.90603,53.39245],[-2.9082,53.39144],[-2.90765,53.38971],[-2.90494,53.38899],[-2.90278,53.39],[-2.90333,53.39173],[-2.90603,53.39245]]]},"properties":{"h3":"8919510459bffff","c":0,"f":0,"cs":4.5,"fs":0.1,"score":0.941,"pct":46,"price":325000,"n":191,"outcode":"L18","apprec":1.78,"value":-0.481}},{"type":"Feature","geometry":{"type":"Polygon","coordinates":[[[-2.91577,53.39187],[-2.91793,53.39086],[-2.91739,53.38914],[-2.91468,53.38842],[-2.91252,53.38942],[-2.91306,53.39115],[-2.91577,53.39187]]]},"properties":{"h3":"891951045c3ffff","c":3,"f":1,"cs":9.0,"fs":1.1,"score":0.776,"pct":27,"price":275000,"n":287,"outcode":"L18","apprec":1.78,"value":-0.612}},{"type":"Feature","geometry":{"type":"Polygon","coordinates":[[[-2.91252,53.38942],[-2.91468,53.38842],[-2.91413,53.38669],[-2.91142,53.38597],[-2.90926,53.38698],[-2.90981,53.38871],[-2.91252,53.38942]]]},"properties":{"h3":"891951045c7ffff","c":6,"f":0,"cs":13.1,"fs":0.6,"score":0.911,"pct":43,"price":305000,"n":225,"outcode":"L18","apprec":1.78,"value":-0.494}},{"type":"Feature","geometry":{"type":"Polygon","coordinates":[[[-2.92064,53.39158],[-2.9228,53.39058],[-2.92226,53.38885],[-2.91955,53.38813],[-2.91739,53.38914],[-2.91793,53.39086],[-2.92064,53.39158]]]},"properties":{"h3":"891951045cbffff","c":0,"f":0,"cs":6.7,"fs":1.2,"score":0.693,"pct":22,"price":260000,"n":265,"outcode":"L18","apprec":1.78,"value":-0.63}},{"type":"Feature","geometry":{"type":"Polygon","coordinates":[[[-2.91739,53.38914],[-2.91955,53.38813],[-2.919,53.3864],[-2.91629,53.38568],[-2.91413,53.38669],[-2.91468,53.38842],[-2.91739,53.38914]]]},"properties":{"h3":"891951045cfffff","c":1,"f":0,"cs":8.8,"fs":0.7,"score":0.845,"pct":33,"price":265250,"n":312,"outcode":"L18","apprec":1.78,"value":-0.53}},{"type":"Feature","geometry":{"type":"Polygon","coordinates":[[[-2.91416,53.39461],[-2.91632,53.3936],[-2.91577,53.39187],[-2.91306,53.39115],[-2.9109,53.39216],[-2.91145,53.39389],[-2.91416,53.39461]]]},"properties":{"h3":"891951045d3ffff","c":0,"f":0,"cs":3.8,"fs":0.7,"score":0.672,"pct":20,"price":280000,"n":195,"outcode":"L15","apprec":1.94,"value":-0.701}},{"type":"Feature","geometry":{"type":"Polygon","coordinates":[[[-2.9109,53.39216],[-2.91306,53.39115],[-2.91252,53.38942],[-2.90981,53.38871],[-2.90765,53.38971],[-2.9082,53.39144],[-2.9109,53.39216]]]},"properties":{"h3":"891951045d7ffff","c":0,"f":0,"cs":7.9,"fs":0.6,"score":0.857,"pct":35,"price":300000,"n":227,"outcode":"L18","apprec":1.78,"value":-0.569}},{"type":"Feature","geometry":{"type":"Polygon","coordinates":[[[-2.91903,53.39432],[-2.92119,53.39331],[-2.92064,53.39158],[-2.91793,53.39086],[-2.91577,53.39187],[-2.91632,53.3936],[-2.91903,53.39432]]]},"properties":{"h3":"891951045dbffff","c":0,"f":0,"cs":3.8,"fs":0.9,"score":0.629,"pct":16,"price":255000,"n":154,"outcode":"L15","apprec":1.94,"value":-0.673}},{"type":"Feature","geometry":{"type":"Polygon","coordinates":[[[-2.96777,53.39935],[-2.96993,53.39834],[-2.96938,53.39661],[-2.96667,53.39589],[-2.96451,53.3969],[-2.96506,53.39863],[-2.96777,53.39935]]]},"properties":{"h3":"89195104603ffff","c":0,"f":0,"cs":10.3,"fs":1.3,"score":0.778,"pct":27,"price":234000,"n":83,"outcode":"L8","apprec":2.21,"value":-0.489}},{"type":"Feature","geometry":{"type":"Polygon","coordinates":[[[-2.96451,53.3969],[-2.96667,53.39589],[-2.96612,53.39417],[-2.96341,53.39345],[-2.96125,53.39446],[-2.9618,53.39618],[-2.96451,53.3969]]]},"properties":{"h3":"89195104607ffff","c":0,"f":0,"cs":2.5,"fs":0.1,"score":0.897,"pct":40,"price":171000,"n":72,"outcode":"L8","apprec":2.21,"value":-0.094}},{"type":"Feature","geometry":{"type":"Polygon","coordinates":[[[-2.97264,53.39906],[-2.9748,53.39805],[-2.97425,53.39632],[-2.97154,53.3956],[-2.96938,53.39661],[-2.96993,53.39834],[-2.97264,53.39906]]]},"properties":{"h3":"8919510460bffff","c":1,"f":0,"cs":14.8,"fs":2.2,"score":0.746,"pct":25,"price":224000,"n":80,"outcode":"L8","apprec":2.21,"value":-0.478}},{"type":"Feature","geometry":{"type":"Polygon","coordinates":[[[-2.96938,53.39661],[-2.97154,53.3956],[-2.97099,53.39388],[-2.96828,53.39316],[-2.96612,53.39417],[-2.96667,53.39589],[-2.96938,53.39661]]]},"properties":{"h3":"8919510460fffff","c":0,"f":0,"cs":5.0,"fs":0.4,"score":0.85,"pct":34,"price":155000,"n":79,"outcode":"L8","apprec":2.21,"value":-0.061}},{"type":"Feature","geometry":{"type":"Polygon","coordinates":[[[-2.96616,53.40208],[-2.96832,53.40107],[-2.96777,53.39935],[-2.96506,53.39863],[-2.9629,53.39964],[-2.96345,53.40136],[-2.96616,53.40208]]]},"properties":{"h3":"89195104613ffff","c":6,"f":1,"cs":16.2,"fs":2.1,"score":0.766,"pct":27,"price":164000,"n":98,"outcode":"L8","apprec":2.21,"value":-0.194}},{"type":"Feature","geometry":{"type":"Polygon","coordinates":[[[-2.9629,53.39964],[-2.96506,53.39863],[-2.96451,53.3969],[-2.9618,53.39618],[-2.95964,53.39719],[-2.96019,53.39892],[-2.9629,53.39964]]]},"properties":{"h3":"89195104617ffff","c":0,"f":0,"cs":5.5,"fs":0.7,"score":0.764,"pct":26,"price":155000,"n":96,"outcode":"L8","apprec":2.21,"value":-0.14}},{"type":"Feature","geometry":{"type":"Polygon","coordinates":[[[-2.97103,53.40179],[-2.97319,53.40078],[-2.97264,53.39906],[-2.96993,53.39834],[-2.96777,53.39935],[-2.96832,53.40107],[-2.97103,53.40179]]]},"properties":{"h3":"8919510461bffff","c":5,"f":0,"cs":26.3,"fs":4.3,"score":0.718,"pct":23,"price":200000,"n":99,"outcode":"L8","apprec":2.21,"value":-0.407}},{"type":"Feature","geometry":{"type":"Polygon","coordinates":[[[-2.96286,53.39172],[-2.96502,53.39071],[-2.96447,53.38899],[-2.96176,53.38827],[-2.9596,53.38927],[-2.96015,53.391],[-2.96286,53.39172]]]},"properties":{"h3":"89195104623ffff","c":1,"f":0,"cs":2.5,"fs":0.1,"score":0.897,"pct":40,"price":140500,"n":90,"outcode":"L8","apprec":2.21,"value":0.098}},{"type":"Feature","geometry":{"type":"Polygon","coordinates":[[[-2.96773,53.39143],[-2.96989,53.39042],[-2.96934,53.3887],[-2.96663,53.38798],[-2.96447,53.38899],[-2.96502,53.39071],[-2.96773,53.39143]]]},"properties":{"h3":"8919510462bffff","c":1,"f":0,"cs":2.6,"fs":0.1,"score":0.902,"pct":41,"price":131750,"n":79,"outcode":"L8","apprec":2.21,"value":0.175}},{"type":"Feature","geometry":{"type":"Polygon","coordinates":[[[-2.96447,53.38899],[-2.96663,53.38798],[-2.96608,53.38625],[-2.96337,53.38553],[-2.96121,53.38654],[-2.96176,53.38827],[-2.96447,53.38899]]]},"properties":{"h3":"8919510462fffff","c":0,"f":0,"cs":2.8,"fs":0.6,"score":0.647,"pct":17,"price":151250,"n":118,"outcode":"L8","apprec":2.21,"value":-0.208}},{"type":"Feature","geometry":{"type":"Polygon","coordinates":[[[-2.96612,53.39417],[-2.96828,53.39316],[-2.96773,53.39143],[-2.96502,53.39071],[-2.96286,53.39172],[-2.96341,53.39345],[-2.96612,53.39417]]]},"properties":{"h3":"8919510463bffff","c":1,"f":0,"cs":2.5,"fs":0.0,"score":1.0,"pct":75,"price":127000,"n":87,"outcode":"L8","apprec":2.21,"value":0.548}},{"type":"Feature","geometry":{"type":"Polygon","coordinates":[[[-2.98077,53.40121],[-2.98293,53.4002],[-2.98238,53.39848],[-2.97967,53.39776],[-2.97751,53.39877],[-2.97806,53.40049],[-2.98077,53.40121]]]},"properties":{"h3":"89195104643ffff","c":3,"f":0,"cs":32.8,"fs":4.7,"score":0.752,"pct":25,"price":155000,"n":406,"outcode":"L1","apprec":1.22,"value":-0.152}},{"type":"Feature","geometry":{"type":"Polygon","coordinates":[[[-2.97751,53.39877],[-2.97967,53.39776],[-2.97912,53.39603],[-2.97641,53.39531],[-2.97425,53.39632],[-2.9748,53.39805],[-2.97751,53.39877]]]},"properties":{"h3":"89195104647ffff","c":0,"f":0,"cs":21.2,"fs":2.4,"score":0.799,"pct":29,"price":159225,"n":298,"outcode":"L1","apprec":1.22,"value":-0.134}},{"type":"Feature","geometry":{"type":"Polygon","coordinates":[[[-2.98564,53.40092],[-2.9878,53.39991],[-2.98725,53.39819],[-2.98454,53.39747],[-2.98238,53.39848],[-2.98293,53.4002],[-2.98564,53.40092]]]},"properties":{"h3":"8919510464bffff","c":1,"f":0,"cs":24.8,"fs":2.1,"score":0.844,"pct":33,"price":170000,"n":430,"outcode":"L1","apprec":1.22,"value":-0.165}},{"type":"Feature","geometry":{"type":"Polygon","coordinates":[[[-2.98238,53.39848],[-2.98454,53.39747],[-2.98399,53.39574],[-2.98128,53.39502],[-2.97912,53.39603],[-2.97967,53.39776],[-2.98238,53.39848]]]},"properties":{"h3":"8919510464fffff","c":8,"f":1,"cs":21.8,"fs":1.5,"score":0.868,"pct":37,"price":154000,"n":397,"outcode":"L1","apprec":1.22,"value":-0.025}},{"type":"Feature","geometry":{"type":"Polygon","coordinates":[[[-2.97916,53.40395],[-2.98132,53.40294],[-2.98077,53.40121],[-2.97806,53.40049],[-2.9759,53.4015],[-2.97645,53.40323],[-2.97916,53.40395]]]},"properties":{"h3":"89195104653ffff","c":16,"f":2,"cs":51.8,"fs":8.7,"score":0.713,"pct":22,"price":170000,"n":298,"outcode":"L1","apprec":1.22,"value":-0.275}},{"type":"Feature","geometry":{"type":"Polygon","coordinates":[[[-2.9759,53.4015],[-2.97806,53.40049],[-2.97751,53.39877],[-2.9748,53.39805],[-2.97264,53.39906],[-2.97319,53.40078],[-2.9759,53.4015]]]},"properties":{"h3":"89195104657ffff","c":4,"f":2,"cs":34.0,"fs":5.5,"score":0.721,"pct":23,"price":170000,"n":119,"outcode":"L1","apprec":1.22,"value":-0.266}},{"type":"Feature","geometry":{"type":"Polygon","coordinates":[[[-2.98403,53.40366],[-2.98619,53.40265],[-2.98564,53.40092],[-2.98293,53.4002],[-2.98077,53.40121],[-2.98132,53.40294],[-2.98403,53.40366]]]},"properties":{"h3":"8919510465bffff","c":3,"f":0,"cs":51.2,"fs":6.8,"score":0.765,"pct":27,"price":172000,"n":410,"outcode":"L1","apprec":1.22,"value":-0.239}},{"type":"Feature","geometry":{"type":"Polygon","coordinates":[[[-2.97586,53.39359],[-2.97802,53.39258],[-2.97747,53.39085],[-2.97476,53.39013],[-2.9726,53.39114],[-2.97315,53.39287],[-2.97586,53.39359]]]},"properties":{"h3":"89195104663ffff","c":1,"f":0,"cs":9.9,"fs":0.1,"score":0.973,"pct":50,"price":161250,"n":368,"outcode":"L8","apprec":2.21,"value":0.054}},{"type":"Feature","geometry":{"type":"Polygon","coordinates":[[[-2.9726,53.39114],[-2.97476,53.39013],[-2.97421,53.38841],[-2.9715,53.38769],[-2.96934,53.3887],[-2.96989,53.39042],[-2.9726,53.39114]]]},"properties":{"h3":"89195104667ffff","c":0,"f":0,"cs":3.4,"fs":0.1,"score":0.923,"pct":45,"price":148700,"n":174,"outcode":"L8","apprec":2.21,"value":0.102}},{"type":"Feature","geometry":{"type":"Polygon","coordinates":[[[-2.98073,53.3933],[-2.98289,53.39229],[-2.98234,53.39056],[-2.97963,53.38984],[-2.97747,53.39085],[-2.97802,53.39258],[-2.98073,53.3933]]]},"properties":{"h3":"8919510466bffff","c":2,"f":0,"cs":10.5,"fs":0.1,"score":0.975,"pct":50,"price":167950,"n":390,"outcode":"L8","apprec":2.21,"value":0.019}},{"type":"Feature","geometry":{"type":"Polygon","coordinates":[[[-2.97747,53.39085],[-2.97963,53.38984],[-2.97908,53.38812],[-2.97637,53.3874],[-2.97421,53.38841],[-2.97476,53.39013],[-2.97747,53.39085]]]},"properties":{"h3":"8919510466fffff","c":0,"f":0,"cs":3.6,"fs":0.0,"score":1.0,"pct":75,"price":174950,"n":205,"outcode":"L8","apprec":2.21,"value":0.244}},{"type":"Feature","geometry":{"type":"Polygon","coordinates":[[[-2.97425,53.39632],[-2.97641,53.39531],[-2.97586,53.39359],[-2.97315,53.39287],[-2.97099,53.39388],[-2.97154,53.3956],[-2.97425,53.39632]]]},"properties":{"h3":"89195104673ffff","c":0,"f":0,"cs":10.5,"fs":0.4,"score":0.926,"pct":45,"price":164950,"n":320,"outcode":"L1","apprec":1.22,"value":-0.008}},{"type":"Feature","geometry":{"type":"Polygon","coordinates":[[[-2.97099,53.39388],[-2.97315,53.39287],[-2.9726,53.39114],[-2.96989,53.39042],[-2.96773,53.39143],[-2.96828,53.39316],[-2.97099,53.39388]]]},"properties":{"h3":"89195104677ffff","c":0,"f":0,"cs":3.7,"fs":0.0,"score":1.0,"pct":75,"price":141000,"n":161,"outcode":"L8","apprec":2.21,"value":0.443}},{"type":"Feature","geometry":{"type":"Polygon","coordinates":[[[-2.97912,53.39603],[-2.98128,53.39502],[-2.98073,53.3933],[-2.97802,53.39258],[-2.97586,53.39359],[-2.97641,53.39531],[-2.97912,53.39603]]]},"properties":{"h3":"8919510467bffff","c":10,"f":0,"cs":18.2,"fs":0.9,"score":0.908,"pct":43,"price":152950,"n":403,"outcode":"L1","apprec":1.22,"value":0.042}},{"type":"Feature","geometry":{"type":"Polygon","coordinates":[[[-2.95967,53.40511],[-2.96183,53.4041],[-2.96128,53.40237],[-2.95857,53.40165],[-2.95641,53.40266],[-2.95696,53.40439],[-2.95967,53.40511]]]},"properties":{"h3":"89195104683ffff","c":0,"f":0,"cs":4.1,"fs":0.3,"score":0.877,"pct":38,"price":107250,"n":38,"outcode":"L7","apprec":1.72,"value":0.29}},{"type":"Feature","geometry":{"type":"Polygon","coordinates":[[[-2.95641,53.40266],[-2.95857,53.40165],[-2.95803,53.39993],[-2.95531,53.39921],[-2.95315,53.40021],[-2.9537,53.40194],[-2.95641,53.40266]]]},"properties":{"h3":"89195104687ffff","c":0,"f":0,"cs":2.8,"fs":0.1,"score":0.907,"pct":42,"price":110500,"n":66,"outcode":"L7","apprec":1.72,"value":0.311}},{"type":"Feature","geometry":{"type":"Polygon","coordinates":[[[-2.96454,53.40482],[-2.96671,53.40381],[-2.96616,53.40208],[-2.96345,53.40136],[-2.96128,53.40237],[-2.96183,53.4041],[-2.96454,53.40482]]]},"properties":{"h3":"8919510468bffff","c":0,"f":0,"cs":13.9,"fs":1.5,"score":0.807,"pct":29,"price":122000,"n":46,"outcode":"L7","apprec":1.72,"value":0.117}},{"type":"Feature","geometry":{"type":"Polygon","coordinates":[[[-2.96128,53.40237],[-2.96345,53.40136],[-2.9629,53.39964],[-2.96019,53.39892],[-2.95803,53.39993],[-2.95857,53.40165],[-2.96128,53.40237]]]},"properties":{"h3":"8919510468fffff","c":0,"f":0,"cs":6.1,"fs":0.7,"score":0.782,"pct":28,"price":117500,"n":64,"outcode":"L7","apprec":1.72,"value":0.128}},{"type":"Feature","geometry":{"type":"Polygon","coordinates":[[[-2.95806,53.40784],[-2.96022,53.40683],[-2.95967,53.40511],[-2.95696,53.40439],[-2.9548,53.40539],[-2.95535,53.40712],[-2.95806,53.40784]]]},"properties":{"h3":"89195104693ffff","c":0,"f":0,"cs":3.0,"fs":0.0,"score":1.0,"pct":75,"price":154000,"n":64,"outcode":"L7","apprec":1.72,"value":0.361}},{"type":"Feature","geometry":{"type":"Polygon","coordinates":[[[-2.96293,53.40755],[-2.96509,53.40654],[-2.96454,53.40482],[-2.96183,53.4041],[-2.95967,53.40511],[-2.96022,53.40683],[-2.96293,53.40755]]]},"properties":{"h3":"8919510469bffff","c":3,"f":0,"cs":8.2,"fs":0.3,"score":0.936,"pct":46,"n":5}},{"type":"Feature","geometry":{"type":"Polygon","coordinates":[[[-2.95477,53.39748],[-2.95693,53.39647],[-2.95638,53.39474],[-2.95367,53.39403],[-2.95151,53.39503],[-2.95206,53.39676],[-2.95477,53.39748]]]},"properties":{"h3":"891951046a3ffff","c":0,"f":0,"cs":4.2,"fs":0.0,"score":1.0,"pct":75,"price":110000,"n":41,"outcode":"L8","apprec":2.21,"value":0.646}},{"type":"Feature","geometry":{"type":"Polygon","coordinates":[[[-2.95151,53.39503],[-2.95367,53.39403],[-2.95312,53.3923],[-2.95041,53.39158],[-2.94825,53.39259],[-2.9488,53.39431],[-2.95151,53.39503]]]},"properties":{"h3":"891951046a7ffff","c":0,"f":0,"cs":3.8,"fs":0.0,"score":1.0,"pct":75,"price":121500,"n":108,"outcode":"L8","apprec":2.21,"value":0.582}},{"type":"Feature","geometry":{"type":"Polygon","coordinates":[[[-2.95964,53.39719],[-2.9618,53.39618],[-2.96125,53.39446],[-2.95854,53.39374],[-2.95638,53.39474],[-2.95693,53.39647],[-2.95964,53.39719]]]},"properties":{"h3":"891951046abffff","c":0,"f":0,"cs":2.0,"fs":0.1,"score":0.875,"pct":38,"price":133000,"n":54,"outcode":"L8","apprec":2.21,"value":0.129}},{"type":"Feature","geometry":{"type":"Polygon","coordinates":[[[-2.95315,53.40021],[-2.95531,53.39921],[-2.95477,53.39748],[-2.95206,53.39676],[-2.9499,53.39777],[-2.95044,53.3995],[-2.95315,53.40021]]]},"properties":{"h3":"891951046b3ffff","c":1,"f":0,"cs":4.8,"fs":0.0,"score":1.0,"pct":75,"price":115000,"n":75,"outcode":"L7","apprec":1.72,"value":0.62}},{"type":"Feature","geometry":{"type":"Polygon","coordinates":[[[-2.9499,53.39777],[-2.95206,53.39676],[-2.95151,53.39503],[-2.9488,53.39431],[-2.94664,53.39532],[-2.94719,53.39705],[-2.9499,53.39777]]]},"properties":{"h3":"891951046b7ffff","c":6,"f":0,"cs":6.6,"fs":0.0,"score":1.0,"pct":75,"price":98500,"n":116,"outcode":"L8","apprec":2.21,"value":0.691}},{"type":"Feature","geometry":{"type":"Polygon","coordinates":[[[-2.95803,53.39993],[-2.96019,53.39892],[-2.95964,53.39719],[-2.95693,53.39647],[-2.95477,53.39748],[-2.95531,53.39921],[-2.95803,53.39993]]]},"properties":{"h3":"891951046bbffff","c":0,"f":0,"cs":2.2,"fs":0.1,"score":0.886,"pct":39,"price":115000,"n":67,"outcode":"L8","apprec":2.21,"value":0.26}},{"type":"Feature","geometry":{"type":"Polygon","coordinates":[[[-2.97268,53.40697],[-2.97484,53.40596],[-2.97429,53.40424],[-2.97158,53.40352],[-2.96942,53.40453],[-2.96997,53.40625],[-2.97268,53.40697]]]},"properties":{"h3":"891951046c3ffff","c":4,"f":0,"cs":30.4,"fs":4.7,"score":0.731,"pct":24,"price":135000,"n":57,"outcode":"L3","apprec":1.17,"value":-0.027}},{"type":"Feature","geometry":{"type":"Polygon","coordinates":[[[-2.96942,53.40453],[-2.97158,53.40352],[-2.97103,53.40179],[-2.96832,53.40107],[-2.96616,53.40208],[-2.96671,53.40381],[-2.96942,53.40453]]]},"properties":{"h3":"891951046c7ffff","c":6,"f":1,"cs":28.1,"fs":3.8,"score":0.763,"pct":26,"price":152000,"n":55,"outcode":"L7","apprec":1.72,"value":-0.12}},{"type":"Feature","geometry":{"type":"Polygon","coordinates":[[[-2.97755,53.40668],[-2.97971,53.40567],[-2.97916,53.40395],[-2.97645,53.40323],[-2.97429,53.40424],[-2.97484,53.40596],[-2.97755,53.40668]]]},"properties":{"h3":"891951046cbffff","c":6,"f":3,"cs":49.8,"fs":8.5,"score":0.709,"pct":22,"price":128750,"n":71,"outcode":"L1","apprec":1.22,"value":0.009}},{"type":"Feature","geometry":{"type":"Polygon","coordinates":[[[-2.97429,53.40424],[-2.97645,53.40323],[-2.9759,53.4015],[-2.97319,53.40078],[-2.97103,53.40179],[-2.97158,53.40352],[-2.97429,53.40424]]]},"properties":{"h3":"891951046cfffff","c":11,"f":2,"cs":41.8,"fs":7.4,"score":0.7,"pct":22,"price":150000,"n":93,"outcode":"L1","apprec":1.22,"value":-0.147}},{"type":"Feature","geometry":{"type":"Polygon","coordinates":[[[-2.97107,53.40971],[-2.97323,53.4087],[-2.97268,53.40697],[-2.96997,53.40625],[-2.9678,53.40726],[-2.96835,53.40899],[-2.97107,53.40971]]]},"properties":{"h3":"891951046d3ffff","c":2,"f":0,"cs":15.0,"fs":0.9,"score":0.881,"pct":39,"price":122750,"n":40,"outcode":"L3","apprec":1.17,"value":0.209}},{"type":"Feature","geometry":{"type":"Polygon","coordinates":[[[-2.9678,53.40726],[-2.96997,53.40625],[-2.96942,53.40453],[-2.96671,53.40381],[-2.96454,53.40482],[-2.96509,53.40654],[-2.9678,53.40726]]]},"properties":{"h3":"891951046d7ffff","c":3,"f":0,"cs":17.0,"fs":1.4,"score":0.846,"pct":33,"price":133350,"n":26,"outcode":"L3","apprec":1.17,"value":0.082}},{"type":"Feature","geometry":{"type":"Polygon","coordinates":[[[-2.97594,53.40942],[-2.9781,53.40841],[-2.97755,53.40668],[-2.97484,53.40596],[-2.97268,53.40697],[-2.97323,53.4087],[-2.97594,53.40942]]]},"properties":{"h3":"891951046dbffff","c":1,"f":0,"cs":26.0,"fs":3.5,"score":0.763,"pct":26,"price":125000,"n":49,"outcode":"L3","apprec":1.17,"value":0.068}},{"type":"Feature","geometry":{"type":"Polygon","coordinates":[[[-2.9577,53.32866],[-2.95986,53.32765],[-2.95931,53.32593],[-2.95661,53.32521],[-2.95445,53.32622],[-2.955,53.32795],[-2.9577,53.32866]]]},"properties":{"h3":"89195104a43ffff","c":0,"f":0,"cs":1.8,"fs":0.0,"score":1.0,"pct":75,"price":295000,"n":11,"outcode":"CH62","apprec":1.71,"value":-0.159}},{"type":"Feature","geometry":{"type":"Polygon","coordinates":[[[-2.95609,53.3314],[-2.95825,53.33039],[-2.9577,53.32866],[-2.955,53.32795],[-2.95284,53.32895],[-2.95339,53.33068],[-2.95609,53.3314]]]},"properties":{"h3":"89195104a53ffff","c":3,"f":0,"cs":3.0,"fs":0.0,"score":1.0,"pct":75,"n":2}},{"type":"Feature","geometry":{"type":"Polygon","coordinates":[[[-2.95284,53.32895],[-2.955,53.32795],[-2.95445,53.32622],[-2.95174,53.3255],[-2.94958,53.32651],[-2.95013,53.32824],[-2.95284,53.32895]]]},"properties":{"h3":"89195104a57ffff","c":0,"f":0,"cs":1.8,"fs":0.0,"score":1.0,"pct":75,"n":2}},{"type":"Feature","geometry":{"type":"Polygon","coordinates":[[[-2.96096,53.33111],[-2.96312,53.3301],[-2.96257,53.32837],[-2.95986,53.32765],[-2.9577,53.32866],[-2.95825,53.33039],[-2.96096,53.33111]]]},"properties":{"h3":"89195104a5bffff","c":0,"f":0,"cs":2.1,"fs":0.0,"score":1.0,"pct":75,"n":2}},{"type":"Feature","geometry":{"type":"Polygon","coordinates":[[[-2.95448,53.33414],[-2.95664,53.33313],[-2.95609,53.3314],[-2.95339,53.33068],[-2.95123,53.33169],[-2.95178,53.33342],[-2.95448,53.33414]]]},"properties":{"h3":"89195104acbffff","c":0,"f":0,"cs":1.8,"fs":0.0,"score":1.0,"pct":75,"n":0}},{"type":"Feature","geometry":{"type":"Polygon","coordinates":[[[-2.95123,53.33169],[-2.95339,53.33068],[-2.95284,53.32895],[-2.95013,53.32824],[-2.94797,53.32924],[-2.94852,53.33097],[-2.95123,53.33169]]]},"properties":{"h3":"89195104acfffff","c":0,"f":0,"cs":1.8,"fs":0.0,"score":1.0,"pct":75,"n":0}},{"type":"Feature","geometry":{"type":"Polygon","coordinates":[[[-2.8913,53.35373],[-2.89346,53.35272],[-2.89291,53.351],[-2.89021,53.35028],[-2.88805,53.35128],[-2.88859,53.35301],[-2.8913,53.35373]]]},"properties":{"h3":"89195104c83ffff","c":0,"f":0,"cs":2.4,"fs":0.7,"score":0.532,"pct":12,"price":171000,"n":68,"outcode":"L19","apprec":1.81,"value":-0.391}},{"type":"Feature","geometry":{"type":"Polygon","coordinates":[[[-2.88805,53.35128],[-2.89021,53.35028],[-2.88966,53.34855],[-2.88695,53.34783],[-2.8848,53.34884],[-2.88534,53.35056],[-2.88805,53.35128]]]},"properties":{"h3":"89195104c87ffff","c":0,"f":0,"cs":1.6,"fs":0.1,"score":0.846,"pct":33,"price":165000,"n":57,"outcode":"L19","apprec":1.81,"value":-0.132}},{"type":"Feature","geometry":{"type":"Polygon","coordinates":[[[-2.89616,53.35344],[-2.89832,53.35244],[-2.89778,53.35071],[-2.89507,53.34999],[-2.89291,53.351],[-2.89346,53.35272],[-2.89616,53.35344]]]},"properties":{"h3":"89195104c8bffff","c":0,"f":0,"cs":3.9,"fs":1.2,"score":0.526,"pct":11,"price":168750,"n":94,"outcode":"L19","apprec":1.81,"value":-0.38}},{"type":"Feature","geometry":{"type":"Polygon","coordinates":[[[-2.88969,53.35646],[-2.89184,53.35546],[-2.8913,53.35373],[-2.88859,53.35301],[-2.88643,53.35402],[-2.88698,53.35574],[-2.88969,53.35646]]]},"properties":{"h3":"89195104c93ffff","c":0,"f":0,"cs":3.5,"fs":0.7,"score":0.651,"pct":18,"price":160000,"n":52,"outcode":"L19","apprec":1.81,"value":-0.261}},{"type":"Feature","geometry":{"type":"Polygon","coordinates":[[[-2.88643,53.35402],[-2.88859,53.35301],[-2.88805,53.35128],[-2.88534,53.35056],[-2.88318,53.35157],[-2.88373,53.3533],[-2.88643,53.35402]]]},"properties":{"h3":"89195104c97ffff","c":1,"f":0,"cs":2.8,"fs":0.3,"score":0.821,"pct":30,"price":170000,"n":51,"outcode":"L19","apprec":1.81,"value":-0.196}},{"type":"Feature","geometry":{"type":"Polygon","coordinates":[[[-2.89455,53.35618],[-2.89671,53.35517],[-2.89616,53.35344],[-2.89346,53.35272],[-2.8913,53.35373],[-2.89184,53.35546],[-2.89455,53.35618]]]},"properties":{"h3":"89195104c9bffff","c":1,"f":1,"cs":5.0,"fs":1.6,"score":0.517,"pct":11,"price":170000,"n":99,"outcode":"L19","apprec":1.81,"value":-0.393}},{"type":"Feature","geometry":{"type":"Polygon","coordinates":[[[-2.90428,53.3556],[-2.90644,53.35459],[-2.90589,53.35287],[-2.90319,53.35215],[-2.90103,53.35316],[-2.90158,53.35488],[-2.90428,53.3556]]]},"properties":{"h3":"89195104cc3ffff","c":0,"f":0,"cs":3.2,"fs":0.7,"score":0.621,"pct":16,"price":166250,"n":108,"outcode":"L19","apprec":1.81,"value":-0.325}},{"type":"Feature","geometry":{"type":"Polygon","coordinates":[[[-2.90103,53.35316],[-2.90319,53.35215],[-2.90264,53.35042],[-2.89994,53.3497],[-2.89778,53.35071],[-2.89832,53.35244],[-2.90103,53.35316]]]},"properties":{"h3":"89195104cc7ffff","c":0,"f":0,"cs":3.2,"fs":0.7,"score":0.621,"pct":16,"price":188250,"n":72,"outcode":"L19","apprec":1.81,"value":-0.428}},{"type":"Feature","geometry":{"type":"Polygon","coordinates":[[[-2.90267,53.35834],[-2.90483,53.35733],[-2.90428,53.3556],[-2.90158,53.35488],[-2.89942,53.35589],[-2.89996,53.35762],[-2.90267,53.35834]]]},"properties":{"h3":"89195104cd3ffff","c":0,"f":0,"cs":3.8,"fs":0.7,"score":0.677,"pct":20,"price":180000,"n":227,"outcode":"L19","apprec":1.81,"value":-0.349}},{"type":"Feature","geometry":{"type":"Polygon","coordinates":[[[-2.89942,53.35589],[-2.90158,53.35488],[-2.90103,53.35316],[-2.89832,53.35244],[-2.89616,53.35344],[-2.89671,53.35517],[-2.89942,53.35589]]]},"properties":{"h3":"89195104cd7ffff","c":5,"f":1,"cs":5.9,"fs":1.6,"score":0.571,"pct":13,"price":156750,"n":150,"outcode":"L19","apprec":1.81,"value":-0.289}},{"type":"Feature","geometry":{"type":"Polygon","coordinates":[[[-3.03598,53.39527],[-3.03814,53.39426],[-3.03759,53.39254],[-3.03488,53.39182],[-3.03272,53.39283],[-3.03327,53.39455],[-3.03598,53.39527]]]},"properties":{"h3":"89195105003ffff","c":0,"f":0,"cs":3.6,"fs":0.1,"score":0.928,"pct":45,"price":101500,"n":96,"outcode":"CH41","apprec":1.91,"value":0.38}},{"type":"Feature","geometry":{"type":"Polygon","coordinates":[[[-3.03272,53.39283],[-3.03488,53.39182],[-3.03432,53.39009],[-3.03161,53.38937],[-3.02945,53.39038],[-3.03,53.39211],[-3.03272,53.39283]]]},"properties":{"h3":"89195105007ffff","c":0,"f":0,"cs":10.5,"fs":0.6,"score":0.891,"pct":39,"price":90000,"n":64,"outcode":"CH41","apprec":1.91,"value":0.372}},{"type":"Feature","geometry":{"type":"Polygon","coordinates":[[[-3.04085,53.39498],[-3.04301,53.39397],[-3.04246,53.39224],[-3.03975,53.39153],[-3.03759,53.39254],[-3.03814,53.39426],[-3.04085,53.39498]]]},"properties":{"h3":"8919510500bffff","c":0,"f":0,"cs":2.3,"fs":0.0,"score":1.0,"pct":75,"price":150000,"n":51,"outcode":"CH41","apprec":1.91,"value":0.392}},{"type":"Feature","geometry":{"type":"Polygon","coordinates":[[[-3.03759,53.39254],[-3.03975,53.39153],[-3.0392,53.3898],[-3.03649,53.38908],[-3.03432,53.39009],[-3.03488,53.39182],[-3.03759,53.39254]]]},"properties":{"h3":"8919510500fffff","c":0,"f":0,"cs":4.7,"fs":0.1,"score":0.944,"pct":47,"price":114000,"n":84,"outcode":"CH43","apprec":1.63,"value":0.345}},{"type":"Feature","geometry":{"type":"Polygon","coordinates":[[[-3.03437,53.39801],[-3.03653,53.397],[-3.03598,53.39527],[-3.03327,53.39455],[-3.03111,53.39556],[-3.03166,53.39729],[-3.03437,53.39801]]]},"properties":{"h3":"89195105013ffff","c":0,"f":0,"cs":3.8,"fs":0.0,"score":1.0,"pct":75,"price":104580,"n":71,"outcode":"CH41","apprec":1.91,"value":0.671}},{"type":"Feature","geometry":{"type":"Polygon","coordinates":[[[-3.03111,53.39556],[-3.03327,53.39455],[-3.03272,53.39283],[-3.03,53.39211],[-3.02784,53.39312],[-3.02839,53.39485],[-3.03111,53.39556]]]},"properties":{"h3":"89195105017ffff","c":1,"f":0,"cs":5.5,"fs":0.1,"score":0.952,"pct":48,"price":90000,"n":81,"outcode":"CH41","apprec":1.91,"value":0.459}},{"type":"Feature","geometry":{"type":"Polygon","coordinates":[[[-3.03924,53.39772],[-3.04141,53.39671],[-3.04085,53.39498],[-3.03814,53.39426],[-3.03598,53.39527],[-3.03653,53.397],[-3.03924,53.39772]]]},"properties":{"h3":"8919510501bffff","c":1,"f":0,"cs":3.2,"fs":0.0,"score":1.0,"pct":75,"price":110000,"n":88,"outcode":"CH41","apprec":1.91,"value":0.646}},{"type":"Feature","geometry":{"type":"Polygon","coordinates":[[[-3.03106,53.38765],[-3.03322,53.38664],[-3.03267,53.38491],[-3.02996,53.38419],[-3.0278,53.3852],[-3.02835,53.38693],[-3.03106,53.38765]]]},"properties":{"h3":"89195105023ffff","c":0,"f":0,"cs":11.5,"fs":0.6,"score":0.9,"pct":41,"price":110000,"n":125,"outcode":"CH42","apprec":1.89,"value":0.304}},{"type":"Feature","geometry":{"type":"Polygon","coordinates":[[[-3.0278,53.3852],[-3.02996,53.38419],[-3.02941,53.38247],[-3.02669,53.38175],[-3.02453,53.38276],[-3.02509,53.38448],[-3.0278,53.3852]]]},"properties":{"h3":"89195105027ffff","c":1,"f":0,"cs":5.3,"fs":0.1,"score":0.95,"pct":48,"price":115000,"n":196,"outcode":"CH42","apprec":1.89,"value":0.346}},{"type":"Feature","geometry":{"type":"Polygon","coordinates":[[[-3.03593,53.38735],[-3.03809,53.38634],[-3.03754,53.38462],[-3.03483,53.3839],[-3.03267,53.38491],[-3.03322,53.38664],[-3.03593,53.38735]]]},"properties":{"h3":"8919510502bffff","c":1,"f":0,"cs":6.5,"fs":0.1,"score":0.959,"pct":48,"price":127000,"n":205,"outcode":"CH43","apprec":1.63,"value":0.283}},{"type":"Feature","geometry":{"type":"Polygon","coordinates":[[[-3.03267,53.38491],[-3.03483,53.3839],[-3.03428,53.38217],[-3.03157,53.38146],[-3.02941,53.38247],[-3.02996,53.38419],[-3.03267,53.38491]]]},"properties":{"h3":"8919510502fffff","c":1,"f":0,"cs":4.8,"fs":0.1,"score":0.945,"pct":47,"price":120500,"n":224,"outcode":"CH42","apprec":1.89,"value":0.305}},{"type":"Feature","geometry":{"type":"Polygon","coordinates":[[[-3.02945,53.39038],[-3.03161,53.38937],[-3.03106,53.38765],[-3.02835,53.38693],[-3.02619,53.38794],[-3.02674,53.38967],[-3.02945,53.39038]]]},"properties":{"h3":"89195105033ffff","c":8,"f":1,"cs":19.5,"fs":1.0,"score":0.903,"pct":41,"price":90000,"n":103,"outcode":"CH41","apprec":1.91,"value":0.393}},{"type":"Feature","geometry":{"type":"Polygon","coordinates":[[[-3.02619,53.38794],[-3.02835,53.38693],[-3.0278,53.3852],[-3.02509,53.38448],[-3.02293,53.38549],[-3.02348,53.38722],[-3.02619,53.38794]]]},"properties":{"h3":"89195105037ffff","c":0,"f":0,"cs":14.8,"fs":0.6,"score":0.921,"pct":44,"price":109000,"n":135,"outcode":"CH41","apprec":1.91,"value":0.348}},{"type":"Feature","geometry":{"type":"Polygon","coordinates":[[[-3.03432,53.39009],[-3.03649,53.38908],[-3.03593,53.38735],[-3.03322,53.38664],[-3.03106,53.38765],[-3.03161,53.38937],[-3.03432,53.39009]]]},"properties":{"h3":"8919510503bffff","c":5,"f":0,"cs":12.5,"fs":0.6,"score":0.907,"pct":42,"price":96450,"n":115,"outcode":"CH41","apprec":1.91,"value":0.37}},{"type":"Feature","geometry":{"type":"Polygon","coordinates":[[[-3.04899,53.39713],[-3.05115,53.39612],[-3.0506,53.39439],[-3.04789,53.39368],[-3.04573,53.39469],[-3.04628,53.39641],[-3.04899,53.39713]]]},"properties":{"h3":"89195105043ffff","c":0,"f":0,"cs":1.4,"fs":0.1,"score":0.826,"pct":31,"price":119000,"n":84,"outcode":"CH41","apprec":1.91,"value":0.154}},{"type":"Feature","geometry":{"type":"Polygon","coordinates":[[[-3.05387,53.39684],[-3.05603,53.39583],[-3.05547,53.3941],[-3.05276,53.39338],[-3.0506,53.39439],[-3.05115,53.39612],[-3.05387,53.39684]]]},"properties":{"h3":"8919510504bffff","c":0,"f":0,"cs":1.8,"fs":0.1,"score":0.857,"pct":35,"price":150000,"n":180,"outcode":"CH41","apprec":1.91,"value":-0.011}},{"type":"Feature","geometry":{"type":"Polygon","coordinates":[[[-3.04738,53.39987],[-3.04954,53.39886],[-3.04899,53.39713],[-3.04628,53.39641],[-3.04412,53.39742],[-3.04467,53.39915],[-3.04738,53.39987]]]},"properties":{"h3":"89195105053ffff","c":0,"f":0,"cs":2.8,"fs":0.1,"score":0.909,"pct":43,"price":114500,"n":106,"outcode":"CH41","apprec":1.91,"value":0.303}},{"type":"Feature","geometry":{"type":"Polygon","coordinates":[[[-3.04412,53.39742],[-3.04628,53.39641],[-3.04573,53.39469],[-3.04301,53.39397],[-3.04085,53.39498],[-3.04141,53.39671],[-3.04412,53.39742]]]},"properties":{"h3":"89195105057ffff","c":1,"f":0,"cs":2.3,"fs":0.0,"score":1.0,"pct":75,"price":125000,"n":70,"outcode":"CH41","apprec":1.91,"value":0.562}},{"type":"Feature","geometry":{"type":"Polygon","coordinates":[[[-3.05226,53.39957],[-3.05442,53.39856],[-3.05387,53.39684],[-3.05115,53.39612],[-3.04899,53.39713],[-3.04954,53.39886],[-3.05226,53.39957]]]},"properties":{"h3":"8919510505bffff","c":0,"f":0,"cs":2.2,"fs":0.6,"score":0.572,"pct":13,"price":140000,"n":128,"outcode":"CH41","apprec":1.91,"value":-0.172}},{"type":"Feature","geometry":{"type":"Polygon","coordinates":[[[-3.04081,53.38706],[-3.04297,53.38605],[-3.04241,53.38432],[-3.0397,53.38361],[-3.03754,53.38462],[-3.03809,53.38634],[-3.04081,53.38706]]]},"properties":{"h3":"89195105067ffff","c":0,"f":0,"cs":4.5,"fs":0.0,"score":1.0,"pct":75,"price":147000,"n":219,"outcode":"CH43","apprec":1.63,"value":0.411}},{"type":"Feature","geometry":{"type":"Polygon","coordinates":[[[-3.04568,53.38677],[-3.04784,53.38576],[-3.04729,53.38403],[-3.04457,53.38331],[-3.04241,53.38432],[-3.04297,53.38605],[-3.04568,53.38677]]]},"properties":{"h3":"8919510506fffff","c":0,"f":0,"cs":3.2,"fs":0.0,"score":1.0,"pct":75,"price":170000,"n":198,"outcode":"CH43","apprec":1.63,"value":0.259}},{"type":"Feature","geometry":{"type":"Polygon","coordinates":[[[-3.0392,53.3898],[-3.04136,53.38879],[-3.04081,53.38706],[-3.03809,53.38634],[-3.03593,53.38735],[-3.03649,53.38908],[-3.0392,53.3898]]]},"properties":{"h3":"89195105077ffff","c":0,"f":0,"cs":5.5,"fs":0.1,"score":0.952,"pct":48,"price":155000,"n":127,"outcode":"CH43","apprec":1.63,"value":0.081}},{"type":"Feature","geometry":{"type":"Polygon","coordinates":[[[-3.02789,53.40104],[-3.03005,53.40003],[-3.0295,53.3983],[-3.02679,53.39758],[-3.02462,53.39859],[-3.02518,53.40032],[-3.02789,53.40104]]]},"properties":{"h3":"89195105083ffff","c":0,"f":0,"cs":2.0,"fs":0.0,"score":1.0,"pct":75,"n":1}},{"type":"Feature","geometry":{"type":"Polygon","coordinates":[[[-3.02462,53.39859],[-3.02679,53.39758],[-3.02623,53.39586],[-3.02352,53.39514],[-3.02136,53.39615],[-3.02191,53.39788],[-3.02462,53.39859]]]},"properties":{"h3":"89195105087ffff","c":0,"f":0,"cs":4.1,"fs":0.0,"score":1.0,"pct":75,"price":108975,"n":14,"outcode":"CH41","apprec":1.91,"value":0.656}},{"type":"Feature","geometry":{"type":"Polygon","coordinates":[[[-3.03276,53.40075],[-3.03492,53.39974],[-3.03437,53.39801],[-3.03166,53.39729],[-3.0295,53.3983],[-3.03005,53.40003],[-3.03276,53.40075]]]},"properties":{"h3":"8919510508bffff","c":2,"f":0,"cs":3.5,"fs":0.0,"score":1.0,"pct":75,"price":86500,"n":40,"outcode":"CH41","apprec":1.91,"value":0.738}},{"type":"Feature","geometry":{"type":"Polygon","coordinates":[[[-3.0295,53.3983],[-3.03166,53.39729],[-3.03111,53.39556],[-3.02839,53.39485],[-3.02623,53.39586],[-3.02679,53.39758],[-3.0295,53.3983]]]},"properties":{"h3":"8919510508fffff","c":0,"f":0,"cs":2.8,"fs":0.0,"score":1.0,"pct":75,"price":101000,"n":47,"outcode":"CH41","apprec":1.91,"value":0.679}},{"type":"Feature","geometry":{"type":"Polygon","coordinates":[[[-3.02302,53.40133],[-3.02518,53.40032],[-3.02462,53.39859],[-3.02191,53.39788],[-3.01975,53.39888],[-3.0203,53.40061],[-3.02302,53.40133]]]},"properties":{"h3":"89195105097ffff","c":0,"f":0,"cs":2.0,"fs":0.0,"score":1.0,"pct":75,"n":1}},{"type":"Feature","geometry":{"type":"Polygon","coordinates":[[[-3.02297,53.39341],[-3.02513,53.3924],[-3.02458,53.39068],[-3.02187,53.38996],[-3.01971,53.39097],[-3.02026,53.39269],[-3.02297,53.39341]]]},"properties":{"h3":"891951050a3ffff","c":1,"f":0,"cs":18.6,"fs":0.1,"score":0.986,"pct":50,"price":119001,"n":45,"outcode":"CH41","apprec":1.91,"value":0.351}},{"type":"Feature","geometry":{"type":"Polygon","coordinates":[[[-3.01971,53.39097],[-3.02187,53.38996],[-3.02132,53.38823],[-3.0186,53.38751],[-3.01644,53.38852],[-3.017,53.39025],[-3.01971,53.39097]]]},"properties":{"h3":"891951050a7ffff","c":3,"f":0,"cs":19.1,"fs":0.1,"score":0.986,"pct":50,"price":116250,"n":38,"outcode":"CH41","apprec":1.91,"value":0.363}},{"type":"Feature","geometry":{"type":"Polygon","coordinates":[[[-3.02784,53.39312],[-3.03,53.39211],[-3.02945,53.39038],[-3.02674,53.38967],[-3.02458,53.39068],[-3.02513,53.3924],[-3.02784,53.39312]]]},"properties":{"h3":"891951050abffff","c":0,"f":0,"cs":15.9,"fs":0.6,"score":0.927,"pct":45,"price":98000,"n":67,"outcode":"CH41","apprec":1.91,"value":0.393}},{"type":"Feature","geometry":{"type":"Polygon","coordinates":[[[-3.02458,53.39068],[-3.02674,53.38967],[-3.02619,53.38794],[-3.02348,53.38722],[-3.02132,53.38823],[-3.02187,53.38996],[-3.02458,53.39068]]]},"properties":{"h3":"891951050afffff","c":12,"f":0,"cs":22.3,"fs":0.6,"score":0.947,"pct":47,"price":94000,"n":44,"outcode":"CH41","apprec":1.91,"value":0.441}},{"type":"Feature","geometry":{"type":"Polygon","coordinates":[[[-3.02136,53.39615],[-3.02352,53.39514],[-3.02297,53.39341],[-3.02026,53.39269],[-3.0181,53.3937],[-3.01865,53.39543],[-3.02136,53.39615]]]},"properties":{"h3":"891951050b3ffff","c":2,"f":0,"cs":13.9,"fs":0.0,"score":1.0,"pct":75,"price":114250,"n":66,"outcode":"CH41","apprec":1.91,"value":0.625}},{"type":"Feature","geometry":{"type":"Polygon","coordinates":[[[-3.0181,53.3937],[-3.02026,53.39269],[-3.01971,53.39097],[-3.017,53.39025],[-3.01483,53.39126],[-3.01539,53.39299],[-3.0181,53.3937]]]},"properties":{"h3":"891951050b7ffff","c":8,"f":0,"cs":18.2,"fs":0.0,"score":1.0,"pct":75,"price":111000,"n":80,"outcode":"CH41","apprec":1.91,"value":0.635}},{"type":"Feature","geometry":{"type":"Polygon","coordinates":[[[-3.02623,53.39586],[-3.02839,53.39485],[-3.02784,53.39312],[-3.02513,53.3924],[-3.02297,53.39341],[-3.02352,53.39514],[-3.02623,53.39586]]]},"properties":{"h3":"891951050bbffff","c":0,"f":0,"cs":7.7,"fs":0.1,"score":0.965,"pct":49,"price":94000,"n":24,"outcode":"CH41","apprec":1.91,"value":0.459}},{"type":"Feature","geometry":{"type":"Polygon","coordinates":[[[-3.0409,53.4029],[-3.04306,53.40189],[-3.04251,53.40016],[-3.0398,53.39944],[-3.03764,53.40045],[-3.03819,53.40218],[-3.0409,53.4029]]]},"properties":{"h3":"891951050c3ffff","c":0,"f":0,"cs":2.3,"fs":0.0,"score":1.0,"pct":75,"price":100000,"n":39,"outcode":"CH41","apprec":1.91,"value":0.685}},{"type":"Feature","geometry":{"type":"Polygon","coordinates":[[[-3.03764,53.40045],[-3.0398,53.39944],[-3.03924,53.39772],[-3.03653,53.397],[-3.03437,53.39801],[-3.03492,53.39974],[-3.03764,53.40045]]]},"properties":{"h3":"891951050c7ffff","c":2,"f":0,"cs":4.1,"fs":0.0,"score":1.0,"pct":75,"price":104580,"n":83,"outcode":"CH41","apprec":1.91,"value":0.671}},{"type":"Feature","geometry":{"type":"Polygon","coordinates":[[[-3.04578,53.4026],[-3.04794,53.40159],[-3.04738,53.39987],[-3.04467,53.39915],[-3.04251,53.40016],[-3.04306,53.40189],[-3.04578,53.4026]]]},"properties":{"h3":"891951050cbffff","c":0,"f":0,"cs":2.5,"fs":0.1,"score":0.897,"pct":40,"price":125000,"n":64,"outcode":"CH41","apprec":1.91,"value":0.214}},{"type":"Feature","geometry":{"type":"Polygon","coordinates":[[[-3.04251,53.40016],[-3.04467,53.39915],[-3.04412,53.39742],[-3.04141,53.39671],[-3.03924,53.39772],[-3.0398,53.39944],[-3.04251,53.40016]]]},"properties":{"h3":"891951050cfffff","c":0,"f":0,"cs":3.1,"fs":0.0,"score":1.0,"pct":75,"price":120000,"n":84,"outcode":"CH41","apprec":1.91,"value":0.592}},{"type":"Feature","geometry":{"type":"Polygon","coordinates":[[[-3.03603,53.40319],[-3.03819,53.40218],[-3.03764,53.40045],[-3.03492,53.39974],[-3.03276,53.40075],[-3.03331,53.40247],[-3.03603,53.40319]]]},"properties":{"h3":"891951050d7ffff","c":0,"f":0,"cs":2.6,"fs":0.0,"score":1.0,"pct":75,"price":74500,"n":10,"outcode":"CH41","apprec":1.91,"value":0.751}},{"type":"Feature","geometry":{"type":"Polygon","coordinates":[[[-3.01314,53.37816],[-3.0153,53.37715],[-3.01475,53.37542],[-3.01204,53.37471],[-3.00988,53.37572],[-3.01043,53.37744],[-3.01314,53.37816]]]},"properties":{"h3":"89195105103ffff","c":0,"f":0,"cs":3.2,"fs":0.6,"score":0.679,"pct":20,"price":100000,"n":103,"outcode":"CH42","apprec":1.89,"value":0.128}},{"type":"Feature","geometry":{"type":"Polygon","coordinates":[[[-3.00988,53.37572],[-3.01204,53.37471],[-3.01149,53.37298],[-3.00878,53.37226],[-3.00662,53.37327],[-3.00717,53.375],[-3.00988,53.37572]]]},"properties":{"h3":"89195105107ffff","c":2,"f":0,"cs":3.0,"fs":0.6,"score":0.665,"pct":19,"price":130000,"n":109,"outcode":"CH42","apprec":1.89,"value":-0.042}},{"type":"Feature","geometry":{"type":"Polygon","coordinates":[[[-3.01801,53.37787],[-3.02017,53.37686],[-3.01962,53.37513],[-3.01691,53.37441],[-3.01475,53.37542],[-3.0153,53.37715],[-3.01801,53.37787]]]},"properties":{"h3":"8919510510bffff","c":2,"f":0,"cs":3.0,"fs":0.1,"score":0.914,"pct":43,"price":110000,"n":168,"outcode":"CH42","apprec":1.89,"value":0.33}},{"type":"Feature","geometry":{"type":"Polygon","coordinates":[[[-3.01475,53.37542],[-3.01691,53.37441],[-3.01636,53.37269],[-3.01365,53.37197],[-3.01149,53.37298],[-3.01204,53.37471],[-3.01475,53.37542]]]},"properties":{"h3":"8919510510fffff","c":0,"f":0,"cs":2.8,"fs":0.1,"score":0.909,"pct":43,"price":112250,"n":180,"outcode":"CH42","apprec":1.89,"value":0.31}},{"type":"Feature","geometry":{"type":"Polygon","coordinates":[[[-3.01153,53.3809],[-3.01369,53.37989],[-3.01314,53.37816],[-3.01043,53.37744],[-3.00827,53.37845],[-3.00882,53.38018],[-3.01153,53.3809]]]},"properties":{"h3":"89195105113ffff","c":0,"f":0,"cs":1.3,"fs":0.6,"score":0.358,"pct":5,"n":6}},{"type":"Feature","geometry":{"type":"Polygon","coordinates":[[[-3.00827,53.37845],[-3.01043,53.37744],[-3.00988,53.37572],[-3.00717,53.375],[-3.00501,53.37601],[-3.00556,53.37773],[-3.00827,53.37845]]]},"properties":{"h3":"89195105117ffff","c":0,"f":1,"cs":2.2,"fs":1.0,"score":0.38,"pct":6,"price":113750,"n":26,"outcode":"CH42","apprec":1.89,"value":-0.072}},{"type":"Feature","geometry":{"type":"Polygon","coordinates":[[[-3.0164,53.38061],[-3.01856,53.3796],[-3.01801,53.37787],[-3.0153,53.37715],[-3.01314,53.37816],[-3.01369,53.37989],[-3.0164,53.38061]]]},"properties":{"h3":"8919510511bffff","c":1,"f":0,"cs":2.5,"fs":0.1,"score":0.897,"pct":40,"price":95000,"n":81,"outcode":"CH42","apprec":1.89,"value":0.366}},{"type":"Feature","geometry":{"type":"Polygon","coordinates":[[[-3.01309,53.37024],[-3.01525,53.36923],[-3.0147,53.3675],[-3.01199,53.36679],[-3.00983,53.3678],[-3.01038,53.36952],[-3.01309,53.37024]]]},"properties":{"h3":"8919510512bffff","c":0,"f":0,"cs":1.0,"fs":0.6,"score":0.251,"pct":2,"price":128975,"n":174,"outcode":"CH42","apprec":1.89,"value":-0.187}},{"type":"Feature","geometry":{"type":"Polygon","coordinates":[[[-3.00662,53.37327],[-3.00878,53.37226],[-3.00822,53.37053],[-3.00551,53.36982],[-3.00335,53.37083],[-3.0039,53.37255],[-3.00662,53.37327]]]},"properties":{"h3":"89195105133ffff","c":0,"f":0,"cs":1.8,"fs":0.1,"score":0.862,"pct":36,"price":135000,"n":120,"outcode":"CH42","apprec":1.89,"value":0.096}},{"type":"Feature","geometry":{"type":"Polygon","coordinates":[[[-3.01149,53.37298],[-3.01365,53.37197],[-3.01309,53.37024],[-3.01038,53.36952],[-3.00822,53.37053],[-3.00878,53.37226],[-3.01149,53.37298]]]},"properties":{"h3":"8919510513bffff","c":0,"f":0,"cs":1.8,"fs":0.3,"score":0.733,"pct":24,"price":125000,"n":194,"outcode":"CH42","apprec":1.89,"value":0.045}},{"type":"Feature","geometry":{"type":"Polygon","coordinates":[[[-3.02288,53.37758],[-3.02504,53.37657],[-3.02449,53.37484],[-3.02178,53.37412],[-3.01962,53.37513],[-3.02017,53.37686],[-3.02288,53.37758]]]},"properties":{"h3":"89195105147ffff","c":0,"f":0,"cs":2.1,"fs":0.0,"score":1.0,"pct":75,"price":123750,"n":228,"outcode":"CH42","apprec":1.89,"value":0.57}},{"type":"Feature","geometry":{"type":"Polygon","coordinates":[[[-3.03101,53.37973],[-3.03317,53.37872],[-3.03262,53.37699],[-3.02991,53.37627],[-3.02775,53.37728],[-3.0283,53.37901],[-3.03101,53.37973]]]},"properties":{"h3":"8919510514bffff","c":0,"f":0,"cs":1.8,"fs":0.0,"score":1.0,"pct":75,"price":150000,"n":218,"outcode":"CH42","apprec":1.89,"value":0.392}},{"type":"Feature","geometry":{"type":"Polygon","coordinates":[[[-3.02775,53.37728],[-3.02991,53.37627],[-3.02936,53.37455],[-3.02665,53.37383],[-3.02449,53.37484],[-3.02504,53.37657],[-3.02775,53.37728]]]},"properties":{"h3":"8919510514fffff","c":0,"f":0,"cs":1.8,"fs":0.0,"score":1.0,"pct":75,"price":165000,"n":239,"outcode":"CH42","apprec":1.89,"value":0.287}},{"type":"Feature","geometry":{"type":"Polygon","coordinates":[[[-3.02127,53.38031],[-3.02343,53.3793],[-3.02288,53.37758],[-3.02017,53.37686],[-3.01801,53.37787],[-3.01856,53.3796],[-3.02127,53.38031]]]},"properties":{"h3":"89195105157ffff","c":0,"f":0,"cs":2.1,"fs":0.0,"score":1.0,"pct":75,"price":110000,"n":180,"outcode":"CH42","apprec":1.89,"value":0.646}},{"type":"Feature","geometry":{"type":"Polygon","coordinates":[[[-3.02941,53.38247],[-3.03157,53.38146],[-3.03101,53.37973],[-3.0283,53.37901],[-3.02614,53.38002],[-3.02669,53.38175],[-3.02941,53.38247]]]},"properties":{"h3":"8919510515bffff","c":0,"f":0,"cs":1.6,"fs":0.0,"score":1.0,"pct":75,"price":130000,"n":193,"outcode":"CH42","apprec":1.89,"value":0.528}},{"type":"Feature","geometry":{"type":"Polygon","coordinates":[[[-3.01796,53.36995],[-3.02012,53.36894],[-3.01957,53.36721],[-3.01686,53.36649],[-3.0147,53.3675],[-3.01525,53.36923],[-3.01796,53.36995]]]},"properties":{"h3":"89195105167ffff","c":0,"f":0,"cs":1.3,"fs":0.6,"score":0.379,"pct":5,"price":140000,"n":159,"outcode":"CH42","apprec":1.89,"value":-0.245}},{"type":"Feature","geometry":{"type":"Polygon","coordinates":[[[-3.01962,53.37513],[-3.02178,53.37412],[-3.02123,53.37239],[-3.01852,53.37168],[-3.01636,53.37269],[-3.01691,53.37441],[-3.01962,53.37513]]]},"properties":{"h3":"89195105173ffff","c":0,"f":0,"cs":2.2,"fs":0.0,"score":1.0,"pct":75,"price":120000,"n":253,"outcode":"CH42","apprec":1.89,"value":0.592}},{"type":"Feature","geometry":{"type":"Polygon","coordinates":[[[-3.00501,53.37601],[-3.00717,53.375],[-3.00662,53.37327],[-3.0039,53.37255],[-3.00174,53.37356],[-3.0023,53.37529],[-3.00501,53.37601]]]},"properties":{"h3":"891951051abffff","c":1,"f":0,"cs":2.2,"fs":0.6,"score":0.57,"pct":13,"price":150000,"n":63,"outcode":"CH42","apprec":1.89,"value":-0.24}},{"type":"Feature","geometry":{"type":"Polygon","coordinates":[[[-3.01805,53.38579],[-3.02021,53.38478],[-3.01966,53.38305],[-3.01695,53.38233],[-3.01479,53.38334],[-3.01534,53.38507],[-3.01805,53.38579]]]},"properties":{"h3":"891951051c3ffff","c":0,"f":0,"cs":3.0,"fs":0.0,"score":1.0,"pct":75,"price":97750,"n":70,"outcode":"CH41","apprec":1.91,"value":0.694}},{"type":"Feature","geometry":{"type":"Polygon","coordinates":[[[-3.02293,53.38549],[-3.02509,53.38448],[-3.02453,53.38276],[-3.02182,53.38204],[-3.01966,53.38305],[-3.02021,53.38478],[-3.02293,53.38549]]]},"properties":{"h3":"891951051cbffff","c":0,"f":0,"cs":4.6,"fs":0.1,"score":0.943,"pct":46,"price":110500,"n":135,"outcode":"CH41","apprec":1.91,"value":0.355}},{"type":"Feature","geometry":{"type":"Polygon","coordinates":[[[-3.01644,53.38852],[-3.0186,53.38751],[-3.01805,53.38579],[-3.01534,53.38507],[-3.01318,53.38608],[-3.01373,53.38781],[-3.01644,53.38852]]]},"properties":{"h3":"891951051d3ffff","c":0,"f":0,"cs":6.0,"fs":0.0,"score":1.0,"pct":75,"price":83250,"n":18,"outcode":"CH41","apprec":1.91,"value":0.746}},{"type":"Feature","geometry":{"type":"Polygon","coordinates":[[[-3.02132,53.38823],[-3.02348,53.38722],[-3.02293,53.38549],[-3.02021,53.38478],[-3.01805,53.38579],[-3.0186,53.38751],[-3.02132,53.38823]]]},"properties":{"h3":"891951051dbffff","c":1,"f":0,"cs":12.7,"fs":0.1,"score":0.979,"pct":50,"price":106000,"n":73,"outcode":"CH41","apprec":1.91,"value":0.415}},{"type":"Feature","geometry":{"type":"Polygon","coordinates":[[[-3.08311,53.39507],[-3.08527,53.39406],[-3.08472,53.39234],[-3.082,53.39162],[-3.07984,53.39263],[-3.0804,53.39436],[-3.08311,53.39507]]]},"properties":{"h3":"89195105243ffff","c":1,"f":0,"cs":3.0,"fs":0.0,"score":1.0,"pct":75,"price":155000,"n":55,"outcode":"CH43","apprec":1.63,"value":0.352}},{"type":"Feature","geometry":{"type":"Polygon","coordinates":[[[-3.07984,53.39263],[-3.082,53.39162],[-3.08145,53.38989],[-3.07874,53.38918],[-3.07658,53.39019],[-3.07713,53.39191],[-3.07984,53.39263]]]},"properties":{"h3":"89195105247ffff","c":1,"f":0,"cs":2.1,"fs":0.0,"score":1.0,"pct":75,"price":211250,"n":78,"outcode":"CH43","apprec":1.63,"value":0.079}},{"type":"Feature","geometry":{"type":"Polygon","coordinates":[[[-3.08799,53.39478],[-3.09015,53.39377],[-3.08959,53.39204],[-3.08688,53.39133],[-3.08472,53.39234],[-3.08527,53.39406],[-3.08799,53.39478]]]},"properties":{"h3":"8919510524bffff","c":0,"f":0,"cs":2.1,"fs":0.0,"score":1.0,"pct":75,"price":160000,"n":77,"outcode":"CH49","apprec":1.64,"value":0.32}},{"type":"Feature","geometry":{"type":"Polygon","coordinates":[[[-3.08472,53.39234],[-3.08688,53.39133],[-3.08632,53.3896],[-3.08361,53.38888],[-3.08145,53.38989],[-3.082,53.39162],[-3.08472,53.39234]]]},"properties":{"h3":"8919510524fffff","c":0,"f":0,"cs":2.2,"fs":0.0,"score":1.0,"pct":75,"price":188000,"n":74,"outcode":"CH43","apprec":1.63,"value":0.176}},{"type":"Feature","geometry":{"type":"Polygon","coordinates":[[[-3.0815,53.39781],[-3.08366,53.3968],[-3.08311,53.39507],[-3.0804,53.39436],[-3.07824,53.39537],[-3.07879,53.3971],[-3.0815,53.39781]]]},"properties":{"h3":"89195105253ffff","c":0,"f":0,"cs":2.1,"fs":0.0,"score":1.0,"pct":75,"price":200000,"n":67,"outcode":"CH43","apprec":1.63,"value":0.121}},{"type":"Feature","geometry":{"type":"Polygon","coordinates":[[[-3.08638,53.39752],[-3.08854,53.39651],[-3.08799,53.39478],[-3.08527,53.39406],[-3.08311,53.39507],[-3.08366,53.3968],[-3.08638,53.39752]]]},"properties":{"h3":"8919510525bffff","c":2,"f":0,"cs":2.9,"fs":0.0,"score":1.0,"pct":75,"price":154000,"n":65,"outcode":"CH43","apprec":1.63,"value":0.361}},{"type":"Feature","geometry":{"type":"Polygon","coordinates":[[[-3.08145,53.38989],[-3.08361,53.38888],[-3.08306,53.38716],[-3.08034,53.38644],[-3.07818,53.38745],[-3.07874,53.38918],[-3.08145,53.38989]]]},"properties":{"h3":"8919510527bffff","c":0,"f":0,"cs":2.0,"fs":0.0,"score":1.0,"pct":75,"price":220000,"n":87,"outcode":"CH43","apprec":1.63,"value":0.051}},{"type":"Feature","geometry":{"type":"Polygon","coordinates":[[[-3.05874,53.39654],[-3.0609,53.39553],[-3.06035,53.39381],[-3.05763,53.39309],[-3.05547,53.3941],[-3.05603,53.39583],[-3.05874,53.39654]]]},"properties":{"h3":"89195105287ffff","c":2,"f":0,"cs":2.0,"fs":0.1,"score":0.873,"pct":37,"price":160000,"n":202,"outcode":"CH41","apprec":1.91,"value":-0.058}},{"type":"Feature","geometry":{"type":"Polygon","coordinates":[[[-3.05713,53.39928],[-3.05929,53.39827],[-3.05874,53.39654],[-3.05603,53.39583],[-3.05387,53.39684],[-3.05442,53.39856],[-3.05713,53.39928]]]},"properties":{"h3":"89195105297ffff","c":0,"f":0,"cs":1.6,"fs":0.6,"score":0.455,"pct":8,"price":150000,"n":185,"outcode":"CH41","apprec":1.91,"value":-0.285}},{"type":"Feature","geometry":{"type":"Polygon","coordinates":[[[-3.04724,53.37611],[-3.0494,53.3751],[-3.04885,53.37337],[-3.04613,53.37266],[-3.04397,53.37367],[-3.04453,53.3754],[-3.04724,53.37611]]]},"properties":{"h3":"89195105303ffff","c":3,"f":1,"cs":3.7,"fs":1.0,"score":0.578,"pct":13,"price":246650,"n":112,"outcode":"CH43","apprec":1.63,"value":-0.676}},{"type":"Feature","geometry":{"type":"Polygon","coordinates":[[[-3.04397,53.37367],[-3.04613,53.37266],[-3.04558,53.37093],[-3.04287,53.37021],[-3.04071,53.37122],[-3.04126,53.37295],[-3.04397,53.37367]]]},"properties":{"h3":"89195105307ffff","c":0,"f":0,"cs":2.6,"fs":0.6,"score":0.617,"pct":16,"price":315000,"n":117,"outcode":"CH42","apprec":1.89,"value":-0.789}},{"type":"Feature","geometry":{"type":"Polygon","coordinates":[[[-3.05211,53.37582],[-3.05427,53.37481],[-3.05372,53.37308],[-3.05101,53.37236],[-3.04885,53.37337],[-3.0494,53.3751],[-3.05211,53.37582]]]},"properties":{"h3":"8919510530bffff","c":0,"f":0,"cs":2.0,"fs":0.6,"score":0.526,"pct":11,"price":240000,"n":115,"outcode":"CH43","apprec":1.63,"value":-0.675}},{"type":"Feature","geometry":{"type":"Polygon","coordinates":[[[-3.04885,53.37337],[-3.05101,53.37236],[-3.05045,53.37064],[-3.04774,53.36992],[-3.04558,53.37093],[-3.04613,53.37266],[-3.04885,53.37337]]]},"properties":{"h3":"8919510530fffff","c":0,"f":0,"cs":2.0,"fs":0.6,"score":0.526,"pct":11,"price":330000,"n":120,"outcode":"CH43","apprec":1.63,"value":-0.844}},{"type":"Feature","geometry":{"type":"Polygon","coordinates":[[[-3.04563,53.37885],[-3.04779,53.37784],[-3.04724,53.37611],[-3.04453,53.3754],[-3.04237,53.37641],[-3.04292,53.37813],[-3.04563,53.37885]]]},"properties":{"h3":"89195105313ffff","c":0,"f":0,"cs":3.4,"fs":0.6,"score":0.695,"pct":22,"price":185000,"n":141,"outcode":"CH43","apprec":1.63,"value":-0.354}},{"type":"Feature","geometry":{"type":"Polygon","coordinates":[[[-3.04237,53.37641],[-3.04453,53.3754],[-3.04397,53.37367],[-3.04126,53.37295],[-3.0391,53.37396],[-3.03965,53.37569],[-3.04237,53.37641]]]},"properties":{"h3":"89195105317ffff","c":1,"f":0,"cs":3.7,"fs":0.6,"score":0.718,"pct":23,"price":183000,"n":150,"outcode":"CH42","apprec":1.89,"value":-0.334}},{"type":"Feature","geometry":{"type":"Polygon","coordinates":[[[-3.0505,53.37856],[-3.05266,53.37755],[-3.05211,53.37582],[-3.0494,53.3751],[-3.04724,53.37611],[-3.04779,53.37784],[-3.0505,53.37856]]]},"properties":{"h3":"8919510531bffff","c":0,"f":0,"cs":2.0,"fs":0.6,"score":0.526,"pct":11,"price":204000,"n":114,"outcode":"CH43","apprec":1.63,"value":-0.538}},{"type":"Feature","geometry":{"type":"Polygon","coordinates":[[[-3.03915,53.38188],[-3.04131,53.38087],[-3.04076,53.37914],[-3.03805,53.37843],[-3.03589,53.37944],[-3.03644,53.38116],[-3.03915,53.38188]]]},"properties":{"h3":"89195105383ffff","c":0,"f":0,"cs":4.3,"fs":0.0,"score":1.0,"pct":75,"price":159500,"n":238,"outcode":"CH43","apprec":1.63,"value":0.333}},{"type":"Feature","geometry":{"type":"Polygon","coordinates":[[[-3.03589,53.37944],[-3.03805,53.37843],[-3.03749,53.3767],[-3.03478,53.37598],[-3.03262,53.37699],[-3.03317,53.37872],[-3.03589,53.37944]]]},"properties":{"h3":"89195105387ffff","c":1,"f":0,"cs":3.2,"fs":0.0,"score":1.0,"pct":75,"price":159000,"n":203,"outcode":"CH42","apprec":1.89,"value":0.335}},{"type":"Feature","geometry":{"type":"Polygon","coordinates":[[[-3.04402,53.38159],[-3.04618,53.38058],[-3.04563,53.37885],[-3.04292,53.37813],[-3.04076,53.37914],[-3.04131,53.38087],[-3.04402,53.38159]]]},"properties":{"h3":"8919510538bffff","c":0,"f":0,"cs":3.8,"fs":0.1,"score":0.932,"pct":45,"price":198750,"n":180,"outcode":"CH43","apprec":1.63,"value":-0.165}},{"type":"Feature","geometry":{"type":"Polygon","coordinates":[[[-3.04076,53.37914],[-3.04292,53.37813],[-3.04237,53.37641],[-3.03965,53.37569],[-3.03749,53.3767],[-3.03805,53.37843],[-3.04076,53.37914]]]},"properties":{"h3":"8919510538fffff","c":0,"f":0,"cs":3.0,"fs":0.1,"score":0.915,"pct":44,"price":155500,"n":184,"outcode":"CH43","apprec":1.63,"value":0.031}},{"type":"Feature","geometry":{"type":"Polygon","coordinates":[[[-3.03754,53.38462],[-3.0397,53.38361],[-3.03915,53.38188],[-3.03644,53.38116],[-3.03428,53.38217],[-3.03483,53.3839],[-3.03754,53.38462]]]},"properties":{"h3":"89195105393ffff","c":0,"f":0,"cs":5.2,"fs":0.0,"score":1.0,"pct":75,"price":153000,"n":217,"outcode":"CH43","apprec":1.63,"value":0.365}},{"type":"Feature","geometry":{"type":"Polygon","coordinates":[[[-3.03428,53.38217],[-3.03644,53.38116],[-3.03589,53.37944],[-3.03317,53.37872],[-3.03101,53.37973],[-3.03157,53.38146],[-3.03428,53.38217]]]},"properties":{"h3":"89195105397ffff","c":0,"f":0,"cs":2.4,"fs":0.0,"score":1.0,"pct":75,"price":140000,"n":247,"outcode":"CH42","apprec":1.89,"value":0.457}},{"type":"Feature","geometry":{"type":"Polygon","coordinates":[[[-3.04241,53.38432],[-3.04457,53.38331],[-3.04402,53.38159],[-3.04131,53.38087],[-3.03915,53.38188],[-3.0397,53.38361],[-3.04241,53.38432]]]},"properties":{"h3":"8919510539bffff","c":5,"f":0,"cs":5.4,"fs":0.0,"score":1.0,"pct":75,"price":158500,"n":226,"outcode":"CH43","apprec":1.63,"value":0.335}},{"type":"Feature","geometry":{"type":"Polygon","coordinates":[[[-3.03423,53.37425],[-3.03639,53.37324],[-3.03584,53.37152],[-3.03313,53.3708],[-3.03097,53.37181],[-3.03152,53.37354],[-3.03423,53.37425]]]},"properties":{"h3":"891951053a3ffff","c":0,"f":0,"cs":1.6,"fs":0.0,"score":1.0,"pct":75,"price":180000,"n":173,"outcode":"CH42","apprec":1.89,"value":0.21}},{"type":"Feature","geometry":{"type":"Polygon","coordinates":[[[-3.0391,53.37396],[-3.04126,53.37295],[-3.04071,53.37122],[-3.038,53.37051],[-3.03584,53.37152],[-3.03639,53.37324],[-3.0391,53.37396]]]},"properties":{"h3":"891951053abffff","c":0,"f":0,"cs":1.9,"fs":0.1,"score":0.866,"pct":36,"price":183000,"n":145,"outcode":"CH42","apprec":1.89,"value":-0.196}},{"type":"Feature","geometry":{"type":"Polygon","coordinates":[[[-3.03262,53.37699],[-3.03478,53.37598],[-3.03423,53.37425],[-3.03152,53.37354],[-3.02936,53.37455],[-3.02991,53.37627],[-3.03262,53.37699]]]},"properties":{"h3":"891951053b3ffff","c":1,"f":0,"cs":2.5,"fs":0.0,"score":1.0,"pct":75,"price":165000,"n":206,"outcode":"CH42","apprec":1.89,"value":0.287}},{"type":"Feature","geometry":{"type":"Polygon","coordinates":[[[-3.03749,53.3767],[-3.03965,53.37569],[-3.0391,53.37396],[-3.03639,53.37324],[-3.03423,53.37425],[-3.03478,53.37598],[-3.03749,53.3767]]]},"properties":{"h3":"891951053bbffff","c":1,"f":0,"cs":3.2,"fs":0.1,"score":0.919,"pct":44,"price":159500,"n":178,"outcode":"CH42","apprec":1.89,"value":0.023}},{"type":"Feature","geometry":{"type":"Polygon","coordinates":[[[-3.04729,53.38403],[-3.04945,53.38302],[-3.04889,53.38129],[-3.04618,53.38058],[-3.04402,53.38159],[-3.04457,53.38331],[-3.04729,53.38403]]]},"properties":{"h3":"891951053d7ffff","c":0,"f":0,"cs":3.0,"fs":0.0,"score":1.0,"pct":75,"price":170000,"n":187,"outcode":"CH43","apprec":1.63,"value":0.259}},{"type":"Feature","geometry":{"type":"Polygon","coordinates":[[[-3.02472,53.41443],[-3.02688,53.41342],[-3.02633,53.41169],[-3.02361,53.41097],[-3.02145,53.41198],[-3.022,53.41371],[-3.02472,53.41443]]]},"properties":{"h3":"89195105403ffff","c":5,"f":0,"cs":6.3,"fs":0.1,"score":0.958,"pct":48,"price":115000,"n":174,"outcode":"CH44","apprec":1.84,"value":0.353}},{"type":"Feature","geometry":{"type":"Polygon","coordinates":[[[-3.02145,53.41198],[-3.02361,53.41097],[-3.02306,53.40925],[-3.02035,53.40853],[-3.01819,53.40954],[-3.01874,53.41126],[-3.02145,53.41198]]]},"properties":{"h3":"89195105407ffff","c":0,"f":0,"cs":4.5,"fs":0.0,"score":1.0,"pct":75,"price":97500,"n":124,"outcode":"CH44","apprec":1.84,"value":0.696}},{"type":"Feature","geometry":{"type":"Polygon","coordinates":[[[-3.02959,53.41413],[-3.03175,53.41312],[-3.0312,53.4114],[-3.02849,53.41068],[-3.02633,53.41169],[-3.02688,53.41342],[-3.02959,53.41413]]]},"properties":{"h3":"8919510540bffff","c":1,"f":0,"cs":5.0,"fs":0.6,"score":0.785,"pct":28,"price":118500,"n":237,"outcode":"CH44","apprec":1.84,"value":0.128}},{"type":"Feature","geometry":{"type":"Polygon","coordinates":[[[-3.02633,53.41169],[-3.02849,53.41068],[-3.02793,53.40895],[-3.02522,53.40824],[-3.02306,53.40925],[-3.02361,53.41097],[-3.02633,53.41169]]]},"properties":{"h3":"8919510540fffff","c":0,"f":0,"cs":4.2,"fs":0.1,"score":0.937,"pct":46,"price":110000,"n":153,"outcode":"CH44","apprec":1.84,"value":0.355}},{"type":"Feature","geometry":{"type":"Polygon","coordinates":[[[-3.02311,53.41716],[-3.02527,53.41615],[-3.02472,53.41443],[-3.022,53.41371],[-3.01984,53.41472],[-3.02039,53.41644],[-3.02311,53.41716]]]},"properties":{"h3":"89195105413ffff","c":0,"f":0,"cs":4.2,"fs":0.1,"score":0.937,"pct":46,"price":120000,"n":113,"outcode":"CH44","apprec":1.84,"value":0.301}},{"type":"Feature","geometry":{"type":"Polygon","coordinates":[[[-3.01984,53.41472],[-3.022,53.41371],[-3.02145,53.41198],[-3.01874,53.41126],[-3.01658,53.41227],[-3.01713,53.414],[-3.01984,53.41472]]]},"properties":{"h3":"89195105417ffff","c":0,"f":0,"cs":4.5,"fs":0.0,"score":1.0,"pct":75,"price":111000,"n":78,"outcode":"CH44","apprec":1.84,"value":0.635}},{"type":"Feature","geometry":{"type":"Polygon","coordinates":[[[-3.02798,53.41687],[-3.03014,53.41586],[-3.02959,53.41413],[-3.02688,53.41342],[-3.02472,53.41443],[-3.02527,53.41615],[-3.02798,53.41687]]]},"properties":{"h3":"8919510541bffff","c":0,"f":0,"cs":5.1,"fs":0.6,"score":0.788,"pct":28,"price":123000,"n":229,"outcode":"CH44","apprec":1.84,"value":0.1}},{"type":"Feature","geometry":{"type":"Polygon","coordinates":[[[-3.01819,53.40954],[-3.02035,53.40853],[-3.0198,53.4068],[-3.01708,53.40608],[-3.01492,53.40709],[-3.01547,53.40882],[-3.01819,53.40954]]]},"properties":{"h3":"89195105433ffff","c":0,"f":0,"cs":2.5,"fs":0.0,"score":1.0,"pct":75,"price":90000,"n":49,"outcode":"CH44","apprec":1.84,"value":0.729}},{"type":"Feature","geometry":{"type":"Polygon","coordinates":[[[-3.02306,53.40925],[-3.02522,53.40824],[-3.02467,53.40651],[-3.02196,53.40579],[-3.0198,53.4068],[-3.02035,53.40853],[-3.02306,53.40925]]]},"properties":{"h3":"8919510543bffff","c":0,"f":0,"cs":1.7,"fs":0.0,"score":1.0,"pct":75,"price":90000,"n":75,"outcode":"CH44","apprec":1.84,"value":0.729}},{"type":"Feature","geometry":{"type":"Polygon","coordinates":[[[-3.03773,53.41629],[-3.03989,53.41528],[-3.03934,53.41355],[-3.03663,53.41283],[-3.03446,53.41384],[-3.03502,53.41557],[-3.03773,53.41629]]]},"properties":{"h3":"89195105443ffff","c":1,"f":0,"cs":3.6,"fs":0.7,"score":0.656,"pct":18,"price":135000,"n":223,"outcode":"CH44","apprec":1.84,"value":-0.084}},{"type":"Feature","geometry":{"type":"Polygon","coordinates":[[[-3.03446,53.41384],[-3.03663,53.41283],[-3.03607,53.41111],[-3.03336,53.41039],[-3.0312,53.4114],[-3.03175,53.41312],[-3.03446,53.41384]]]},"properties":{"h3":"89195105447ffff","c":1,"f":0,"cs":3.4,"fs":0.6,"score":0.7,"pct":22,"price":128000,"n":246,"outcode":"CH44","apprec":1.84,"value":0.007}},{"type":"Feature","geometry":{"type":"Polygon","coordinates":[[[-3.04261,53.41599],[-3.04477,53.41498],[-3.04421,53.41326],[-3.0415,53.41254],[-3.03934,53.41355],[-3.03989,53.41528],[-3.04261,53.41599]]]},"properties":{"h3":"8919510544bffff","c":0,"f":0,"cs":3.8,"fs":0.4,"score":0.806,"pct":29,"price":141500,"n":209,"outcode":"CH44","apprec":1.84,"value":-0.024}},{"type":"Feature","geometry":{"type":"Polygon","coordinates":[[[-3.03934,53.41355],[-3.0415,53.41254],[-3.04095,53.41081],[-3.03824,53.4101],[-3.03607,53.41111],[-3.03663,53.41283],[-3.03934,53.41355]]]},"properties":{"h3":"8919510544fffff","c":0,"f":0,"cs":2.8,"fs":0.1,"score":0.909,"pct":43,"price":130000,"n":218,"outcode":"CH44","apprec":1.84,"value":0.206}},{"type":"Feature","geometry":{"type":"Polygon","coordinates":[[[-3.03612,53.41902],[-3.03828,53.41801],[-3.03773,53.41629],[-3.03502,53.41557],[-3.03286,53.41658],[-3.03341,53.4183],[-3.03612,53.41902]]]},"properties":{"h3":"89195105453ffff","c":0,"f":0,"cs":3.8,"fs":0.7,"score":0.672,"pct":20,"price":147000,"n":215,"outcode":"CH44","apprec":1.84,"value":-0.152}},{"type":"Feature","geometry":{"type":"Polygon","coordinates":[[[-3.03286,53.41658],[-3.03502,53.41557],[-3.03446,53.41384],[-3.03175,53.41312],[-3.02959,53.41413],[-3.03014,53.41586],[-3.03286,53.41658]]]},"properties":{"h3":"89195105457ffff","c":0,"f":1,"cs":3.5,"fs":1.0,"score":0.556,"pct":12,"price":132000,"n":253,"outcode":"CH44","apprec":1.84,"value":-0.126}},{"type":"Feature","geometry":{"type":"Polygon","coordinates":[[[-3.041,53.41873],[-3.04316,53.41772],[-3.04261,53.41599],[-3.03989,53.41528],[-3.03773,53.41629],[-3.03828,53.41801],[-3.041,53.41873]]]},"properties":{"h3":"8919510545bffff","c":1,"f":0,"cs":6.2,"fs":0.9,"score":0.752,"pct":25,"price":163000,"n":145,"outcode":"CH44","apprec":1.84,"value":-0.204}},{"type":"Feature","geometry":{"type":"Polygon","coordinates":[[[-3.0312,53.4114],[-3.03336,53.41039],[-3.03281,53.40866],[-3.0301,53.40794],[-3.02793,53.40895],[-3.02849,53.41068],[-3.0312,53.4114]]]},"properties":{"h3":"89195105473ffff","c":0,"f":0,"cs":2.2,"fs":0.1,"score":0.882,"pct":39,"price":113000,"n":143,"outcode":"CH44","apprec":1.84,"value":0.265}},{"type":"Feature","geometry":{"type":"Polygon","coordinates":[[[-3.03607,53.41111],[-3.03824,53.4101],[-3.03768,53.40837],[-3.03497,53.40765],[-3.03281,53.40866],[-3.03336,53.41039],[-3.03607,53.41111]]]},"properties":{"h3":"8919510547bffff","c":0,"f":0,"cs":1.6,"fs":0.1,"score":0.846,"pct":33,"price":125000,"n":138,"outcode":"CH44","apprec":1.84,"value":0.142}},{"type":"Feature","geometry":{"type":"Polygon","coordinates":[[[-3.01658,53.41227],[-3.01874,53.41126],[-3.01819,53.40954],[-3.01547,53.40882],[-3.01331,53.40983],[-3.01386,53.41156],[-3.01658,53.41227]]]},"properties":{"h3":"891951054abffff","c":2,"f":0,"cs":2.8,"fs":0.0,"score":1.0,"pct":75,"price":95000,"n":30,"outcode":"CH44","apprec":1.84,"value":0.713}},{"type":"Feature","geometry":{"type":"Polygon","coordinates":[[[-3.01497,53.41501],[-3.01713,53.414],[-3.01658,53.41227],[-3.01386,53.41156],[-3.0117,53.41256],[-3.01225,53.41429],[-3.01497,53.41501]]]},"properties":{"h3":"891951054bbffff","c":0,"f":0,"cs":1.9,"fs":0.0,"score":1.0,"pct":75,"price":87500,"n":9,"outcode":"CH44","apprec":1.84,"value":0.736}},{"type":"Feature","geometry":{"type":"Polygon","coordinates":[[[-3.02964,53.42205],[-3.0318,53.42104],[-3.03125,53.41931],[-3.02853,53.4186],[-3.02637,53.41961],[-3.02692,53.42133],[-3.02964,53.42205]]]},"properties":{"h3":"891951054c3ffff","c":0,"f":0,"cs":2.6,"fs":0.1,"score":0.9,"pct":41,"price":145000,"n":187,"outcode":"CH44","apprec":1.84,"value":0.08}},{"type":"Feature","geometry":{"type":"Polygon","coordinates":[[[-3.02637,53.41961],[-3.02853,53.4186],[-3.02798,53.41687],[-3.02527,53.41615],[-3.02311,53.41716],[-3.02366,53.41889],[-3.02637,53.41961]]]},"properties":{"h3":"891951054c7ffff","c":1,"f":0,"cs":2.7,"fs":0.1,"score":0.904,"pct":42,"price":130000,"n":129,"outcode":"CH44","apprec":1.84,"value":0.194}},{"type":"Feature","geometry":{"type":"Polygon","coordinates":[[[-3.03451,53.42176],[-3.03667,53.42075],[-3.03612,53.41902],[-3.03341,53.4183],[-3.03125,53.41931],[-3.0318,53.42104],[-3.03451,53.42176]]]},"properties":{"h3":"891951054cbffff","c":0,"f":0,"cs":3.4,"fs":0.3,"score":0.851,"pct":34,"price":147500,"n":225,"outcode":"CH44","apprec":1.84,"value":-0.003}},{"type":"Feature","geometry":{"type":"Polygon","coordinates":[[[-3.03125,53.41931],[-3.03341,53.4183],[-3.03286,53.41658],[-3.03014,53.41586],[-3.02798,53.41687],[-3.02853,53.4186],[-3.03125,53.41931]]]},"properties":{"h3":"891951054cfffff","c":1,"f":0,"cs":3.2,"fs":0.6,"score":0.684,"pct":21,"price":141500,"n":236,"outcode":"CH44","apprec":1.84,"value":-0.108}},{"type":"Feature","geometry":{"type":"Polygon","coordinates":[[[-3.0329,53.42449],[-3.03506,53.42348],[-3.03451,53.42176],[-3.0318,53.42104],[-3.02964,53.42205],[-3.03019,53.42378],[-3.0329,53.42449]]]},"properties":{"h3":"891951054dbffff","c":2,"f":0,"cs":2.4,"fs":0.0,"score":1.0,"pct":75,"price":153000,"n":181,"outcode":"CH44","apprec":1.84,"value":0.365}},{"type":"Feature","geometry":{"type":"Polygon","coordinates":[[[-3.00674,53.39702],[-3.0089,53.39601],[-3.00835,53.39429],[-3.00564,53.39357],[-3.00348,53.39458],[-3.00403,53.39631],[-3.00674,53.39702]]]},"properties":{"h3":"8919510550bffff","c":0,"f":0,"cs":2.6,"fs":0.0,"score":1.0,"pct":75,"price":89250,"n":12,"outcode":"CH41","apprec":1.91,"value":0.733}},{"type":"Feature","geometry":{"type":"Polygon","coordinates":[[[-3.00026,53.40005],[-3.00242,53.39904],[-3.00187,53.39731],[-2.99916,53.3966],[-2.997,53.39761],[-2.99755,53.39933],[-3.00026,53.40005]]]},"properties":{"h3":"89195105513ffff","c":0,"f":0,"cs":3.1,"fs":0.0,"score":1.0,"pct":75,"price":345000,"n":11,"outcode":"L3","apprec":1.17,"value":-0.208}},{"type":"Feature","geometry":{"type":"Polygon","coordinates":[[[-2.997,53.39761],[-2.99916,53.3966],[-2.99861,53.39487],[-2.9959,53.39415],[-2.99374,53.39516],[-2.99429,53.39689],[-2.997,53.39761]]]},"properties":{"h3":"89195105517ffff","c":0,"f":0,"cs":2.7,"fs":0.0,"score":1.0,"pct":75,"price":345000,"n":11,"outcode":"L3","apprec":1.17,"value":-0.208}},{"type":"Feature","geometry":{"type":"Polygon","coordinates":[[[-3.01488,53.39918],[-3.01704,53.39817],[-3.01649,53.39644],[-3.01378,53.39572],[-3.01162,53.39673],[-3.01217,53.39846],[-3.01488,53.39918]]]},"properties":{"h3":"89195105543ffff","c":0,"f":0,"cs":6.9,"fs":0.0,"score":1.0,"pct":75,"price":111000,"n":38,"outcode":"CH41","apprec":1.91,"value":0.635}},{"type":"Feature","geometry":{"type":"Polygon","coordinates":[[[-3.01162,53.39673],[-3.01378,53.39572],[-3.01323,53.394],[-3.01051,53.39328],[-3.00835,53.39429],[-3.0089,53.39601],[-3.01162,53.39673]]]},"properties":{"h3":"89195105547ffff","c":3,"f":0,"cs":8.3,"fs":0.0,"score":1.0,"pct":75,"price":111000,"n":72,"outcode":"CH41","apprec":1.91,"value":0.635}},{"type":"Feature","geometry":{"type":"Polygon","coordinates":[[[-3.01975,53.39888],[-3.02191,53.39788],[-3.02136,53.39615],[-3.01865,53.39543],[-3.01649,53.39644],[-3.01704,53.39817],[-3.01975,53.39888]]]},"properties":{"h3":"8919510554bffff","c":1,"f":0,"cs":7.0,"fs":0.0,"score":1.0,"pct":75,"price":111000,"n":39,"outcode":"CH41","apprec":1.91,"value":0.635}},{"type":"Feature","geometry":{"type":"Polygon","coordinates":[[[-3.01649,53.39644],[-3.01865,53.39543],[-3.0181,53.3937],[-3.01539,53.39299],[-3.01323,53.394],[-3.01378,53.39572],[-3.01649,53.39644]]]},"properties":{"h3":"8919510554fffff","c":5,"f":0,"cs":14.8,"fs":0.0,"score":1.0,"pct":75,"price":111000,"n":83,"outcode":"CH41","apprec":1.91,"value":0.635}},{"type":"Feature","geometry":{"type":"Polygon","coordinates":[[[-3.01001,53.39947],[-3.01217,53.39846],[-3.01162,53.39673],[-3.0089,53.39601],[-3.00674,53.39702],[-3.00729,53.39875],[-3.01001,53.39947]]]},"properties":{"h3":"89195105557ffff","c":0,"f":0,"cs":2.8,"fs":0.0,"score":1.0,"pct":75,"n":3}},{"type":"Feature","geometry":{"type":"Polygon","coordinates":[[[-3.01814,53.40162],[-3.0203,53.40061],[-3.01975,53.39888],[-3.01704,53.39817],[-3.01488,53.39918],[-3.01543,53.4009],[-3.01814,53.40162]]]},"properties":{"h3":"8919510555bffff","c":0,"f":0,"cs":2.1,"fs":0.0,"score":1.0,"pct":75,"n":0}},{"type":"Feature","geometry":{"type":"Polygon","coordinates":[[[-3.00996,53.39155],[-3.01212,53.39054],[-3.01157,53.38881],[-3.00886,53.3881],[-3.0067,53.38911],[-3.00725,53.39083],[-3.00996,53.39155]]]},"properties":{"h3":"89195105563ffff","c":0,"f":0,"cs":3.8,"fs":0.0,"score":1.0,"pct":75,"price":100000,"n":34,"outcode":"CH41","apprec":1.91,"value":0.685}},{"type":"Feature","geometry":{"type":"Polygon","coordinates":[[[-3.01483,53.39126],[-3.017,53.39025],[-3.01644,53.38852],[-3.01373,53.38781],[-3.01157,53.38881],[-3.01212,53.39054],[-3.01483,53.39126]]]},"properties":{"h3":"8919510556bffff","c":1,"f":0,"cs":11.5,"fs":0.0,"score":1.0,"pct":75,"price":112500,"n":42,"outcode":"CH41","apprec":1.91,"value":0.631}},{"type":"Feature","geometry":{"type":"Polygon","coordinates":[[[-3.01157,53.38881],[-3.01373,53.38781],[-3.01318,53.38608],[-3.01047,53.38536],[-3.00831,53.38637],[-3.00886,53.3881],[-3.01157,53.38881]]]},"properties":{"h3":"8919510556fffff","c":0,"f":0,"cs":2.4,"fs":0.0,"score":1.0,"pct":75,"n":0}},{"type":"Feature","geometry":{"type":"Polygon","coordinates":[[[-3.00835,53.39429],[-3.01051,53.39328],[-3.00996,53.39155],[-3.00725,53.39083],[-3.00509,53.39184],[-3.00564,53.39357],[-3.00835,53.39429]]]},"properties":{"h3":"89195105573ffff","c":0,"f":0,"cs":4.3,"fs":0.0,"score":1.0,"pct":75,"price":95000,"n":37,"outcode":"CH41","apprec":1.91,"value":0.713}},{"type":"Feature","geometry":{"type":"Polygon","coordinates":[[[-3.01323,53.394],[-3.01539,53.39299],[-3.01483,53.39126],[-3.01212,53.39054],[-3.00996,53.39155],[-3.01051,53.39328],[-3.01323,53.394]]]},"properties":{"h3":"8919510557bffff","c":1,"f":0,"cs":12.3,"fs":0.0,"score":1.0,"pct":75,"price":111000,"n":89,"outcode":"CH41","apprec":1.91,"value":0.635}},{"type":"Feature","geometry":{"type":"Polygon","coordinates":[[[-2.99378,53.40308],[-2.99594,53.40207],[-2.99539,53.40034],[-2.99268,53.39962],[-2.99052,53.40063],[-2.99107,53.40236],[-2.99378,53.40308]]]},"properties":{"h3":"89195105583ffff","c":7,"f":0,"cs":23.0,"fs":0.7,"score":0.943,"pct":46,"price":219000,"n":153,"outcode":"L1","apprec":1.22,"value":-0.223}},{"type":"Feature","geometry":{"type":"Polygon","coordinates":[[[-2.99052,53.40063],[-2.99268,53.39962],[-2.99213,53.3979],[-2.98942,53.39718],[-2.98725,53.39819],[-2.9878,53.39991],[-2.99052,53.40063]]]},"properties":{"h3":"89195105587ffff","c":3,"f":0,"cs":17.5,"fs":0.8,"score":0.911,"pct":43,"price":179950,"n":177,"outcode":"L1","apprec":1.22,"value":-0.1}},{"type":"Feature","geometry":{"type":"Polygon","coordinates":[[[-2.99865,53.40279],[-3.00081,53.40178],[-3.00026,53.40005],[-2.99755,53.39933],[-2.99539,53.40034],[-2.99594,53.40207],[-2.99865,53.40279]]]},"properties":{"h3":"8919510558bffff","c":0,"f":0,"cs":9.5,"fs":0.0,"score":1.0,"pct":75,"price":345000,"n":11,"outcode":"L3","apprec":1.17,"value":-0.208}},{"type":"Feature","geometry":{"type":"Polygon","coordinates":[[[-2.99539,53.40034],[-2.99755,53.39933],[-2.997,53.39761],[-2.99429,53.39689],[-2.99213,53.3979],[-2.99268,53.39962],[-2.99539,53.40034]]]},"properties":{"h3":"8919510558fffff","c":2,"f":0,"cs":9.7,"fs":0.0,"score":1.0,"pct":75,"price":320000,"n":15,"outcode":"L3","apprec":1.17,"value":-0.189}},{"type":"Feature","geometry":{"type":"Polygon","coordinates":[[[-2.99217,53.40581],[-2.99433,53.4048],[-2.99378,53.40308],[-2.99107,53.40236],[-2.98891,53.40337],[-2.98946,53.40509],[-2.99217,53.40581]]]},"properties":{"h3":"89195105593ffff","c":2,"f":0,"cs":47.3,"fs":3.4,"score":0.864,"pct":36,"price":191500,"n":180,"outcode":"L1","apprec":1.22,"value":-0.241}},{"type":"Feature","geometry":{"type":"Polygon","coordinates":[[[-2.98891,53.40337],[-2.99107,53.40236],[-2.99052,53.40063],[-2.9878,53.39991],[-2.98564,53.40092],[-2.98619,53.40265],[-2.98891,53.40337]]]},"properties":{"h3":"89195105597ffff","c":4,"f":0,"cs":37.9,"fs":3.8,"score":0.816,"pct":30,"price":180000,"n":425,"outcode":"L1","apprec":1.22,"value":-0.248}},{"type":"Feature","geometry":{"type":"Polygon","coordinates":[[[-2.99704,53.40552],[-2.9992,53.40451],[-2.99865,53.40279],[-2.99594,53.40207],[-2.99378,53.40308],[-2.99433,53.4048],[-2.99704,53.40552]]]},"properties":{"h3":"8919510559bffff","c":4,"f":0,"cs":20.3,"fs":0.7,"score":0.936,"pct":46,"price":185000,"n":110,"outcode":"L3","apprec":1.17,"value":-0.106}},{"type":"Feature","geometry":{"type":"Polygon","coordinates":[[[-2.98887,53.39545],[-2.99103,53.39444],[-2.99048,53.39272],[-2.98776,53.392],[-2.9856,53.39301],[-2.98615,53.39473],[-2.98887,53.39545]]]},"properties":{"h3":"891951055a3ffff","c":0,"f":0,"cs":4.7,"fs":0.1,"score":0.944,"pct":47,"price":169472,"n":48,"outcode":"L8","apprec":2.21,"value":-0.017}},{"type":"Feature","geometry":{"type":"Polygon","coordinates":[[[-2.9856,53.39301],[-2.98776,53.392],[-2.98721,53.39027],[-2.9845,53.38955],[-2.98234,53.39056],[-2.98289,53.39229],[-2.9856,53.39301]]]},"properties":{"h3":"891951055a7ffff","c":1,"f":0,"cs":4.9,"fs":0.1,"score":0.946,"pct":47,"price":183200,"n":170,"outcode":"L3","apprec":1.17,"value":-0.086}},{"type":"Feature","geometry":{"type":"Polygon","coordinates":[[[-2.98725,53.39819],[-2.98942,53.39718],[-2.98887,53.39545],[-2.98615,53.39473],[-2.98399,53.39574],[-2.98454,53.39747],[-2.98725,53.39819]]]},"properties":{"h3":"891951055b3ffff","c":1,"f":0,"cs":12.6,"fs":0.6,"score":0.908,"pct":43,"price":142700,"n":174,"outcode":"L1","apprec":1.22,"value":0.106}},{"type":"Feature","geometry":{"type":"Polygon","coordinates":[[[-2.98399,53.39574],[-2.98615,53.39473],[-2.9856,53.39301],[-2.98289,53.39229],[-2.98073,53.3933],[-2.98128,53.39502],[-2.98399,53.39574]]]},"properties":{"h3":"891951055b7ffff","c":0,"f":0,"cs":14.4,"fs":0.6,"score":0.919,"pct":44,"price":159950,"n":305,"outcode":"L1","apprec":1.22,"value":0.022}},{"type":"Feature","geometry":{"type":"Polygon","coordinates":[[[-2.99213,53.3979],[-2.99429,53.39689],[-2.99374,53.39516],[-2.99103,53.39444],[-2.98887,53.39545],[-2.98942,53.39718],[-2.99213,53.3979]]]},"properties":{"h3":"891951055bbffff","c":0,"f":0,"cs":6.5,"fs":0.1,"score":0.959,"pct":48,"price":270300,"n":26,"outcode":"L3","apprec":1.17,"value":-0.386}},{"type":"Feature","geometry":{"type":"Polygon","coordinates":[[[-3.00352,53.40249],[-3.00568,53.40149],[-3.00513,53.39976],[-3.00242,53.39904],[-3.00026,53.40005],[-3.00081,53.40178],[-3.00352,53.40249]]]},"properties":{"h3":"891951055c7ffff","c":0,"f":0,"cs":1.8,"fs":0.0,"score":1.0,"pct":75,"n":0}},{"type":"Feature","geometry":{"type":"Polygon","coordinates":[[[-3.00191,53.40523],[-3.00407,53.40422],[-3.00352,53.40249],[-3.00081,53.40178],[-2.99865,53.40279],[-2.9992,53.40451],[-3.00191,53.40523]]]},"properties":{"h3":"891951055d7ffff","c":0,"f":0,"cs":4.7,"fs":0.0,"score":1.0,"pct":75,"n":0}},{"type":"Feature","geometry":{"type":"Polygon","coordinates":[[[-3.05723,53.41512],[-3.05939,53.41411],[-3.05884,53.41238],[-3.05613,53.41166],[-3.05396,53.41267],[-3.05452,53.4144],[-3.05723,53.41512]]]},"properties":{"h3":"89195105613ffff","c":0,"f":0,"cs":1.8,"fs":0.0,"score":1.0,"pct":75,"price":203000,"n":109,"outcode":"CH44","apprec":1.84,"value":0.111}},{"type":"Feature","geometry":{"type":"Polygon","coordinates":[[[-3.05396,53.41267],[-3.05613,53.41166],[-3.05557,53.40994],[-3.05286,53.40922],[-3.0507,53.41023],[-3.05125,53.41196],[-3.05396,53.41267]]]},"properties":{"h3":"89195105617ffff","c":2,"f":0,"cs":2.9,"fs":0.0,"score":1.0,"pct":75,"price":150600,"n":68,"outcode":"CH44","apprec":1.84,"value":0.377}},{"type":"Feature","geometry":{"type":"Polygon","coordinates":[[[-3.05392,53.40476],[-3.05608,53.40375],[-3.05552,53.40202],[-3.05281,53.4013],[-3.05065,53.40231],[-3.0512,53.40404],[-3.05392,53.40476]]]},"properties":{"h3":"89195105623ffff","c":0,"f":0,"cs":2.0,"fs":0.6,"score":0.526,"pct":11,"price":189995,"n":90,"outcode":"CH41","apprec":1.91,"value":-0.479}},{"type":"Feature","geometry":{"type":"Polygon","coordinates":[[[-3.05065,53.40231],[-3.05281,53.4013],[-3.05226,53.39957],[-3.04954,53.39886],[-3.04738,53.39987],[-3.04794,53.40159],[-3.05065,53.40231]]]},"properties":{"h3":"89195105627ffff","c":3,"f":0,"cs":3.3,"fs":0.6,"score":0.687,"pct":21,"price":147000,"n":134,"outcode":"CH41","apprec":1.91,"value":-0.135}},{"type":"Feature","geometry":{"type":"Polygon","coordinates":[[[-3.05552,53.40202],[-3.05768,53.40101],[-3.05713,53.39928],[-3.05442,53.39856],[-3.05226,53.39957],[-3.05281,53.4013],[-3.05552,53.40202]]]},"properties":{"h3":"8919510562fffff","c":0,"f":1,"cs":2.1,"fs":1.0,"score":0.353,"pct":4,"price":150000,"n":178,"outcode":"CH41","apprec":1.91,"value":-0.32}},{"type":"Feature","geometry":{"type":"Polygon","coordinates":[[[-3.04904,53.40505],[-3.0512,53.40404],[-3.05065,53.40231],[-3.04794,53.40159],[-3.04578,53.4026],[-3.04633,53.40433],[-3.04904,53.40505]]]},"properties":{"h3":"89195105637ffff","c":0,"f":0,"cs":2.4,"fs":0.1,"score":0.894,"pct":40,"price":190000,"n":65,"outcode":"CH41","apprec":1.91,"value":-0.191}},{"type":"Feature","geometry":{"type":"Polygon","coordinates":[[[-3.05075,53.41815],[-3.05291,53.41714],[-3.05236,53.41541],[-3.04964,53.41469],[-3.04748,53.4157],[-3.04803,53.41743],[-3.05075,53.41815]]]},"properties":{"h3":"89195105683ffff","c":0,"f":0,"cs":3.9,"fs":0.7,"score":0.681,"pct":21,"price":185000,"n":249,"outcode":"CH44","apprec":1.84,"value":-0.365}},{"type":"Feature","geometry":{"type":"Polygon","coordinates":[[[-3.04748,53.4157],[-3.04964,53.41469],[-3.04909,53.41297],[-3.04638,53.41225],[-3.04421,53.41326],[-3.04477,53.41498],[-3.04748,53.4157]]]},"properties":{"h3":"89195105687ffff","c":0,"f":0,"cs":3.3,"fs":0.3,"score":0.849,"pct":34,"price":154250,"n":206,"outcode":"CH44","apprec":1.84,"value":-0.058}},{"type":"Feature","geometry":{"type":"Polygon","coordinates":[[[-3.05562,53.41785],[-3.05778,53.41684],[-3.05723,53.41512],[-3.05452,53.4144],[-3.05236,53.41541],[-3.05291,53.41714],[-3.05562,53.41785]]]},"properties":{"h3":"8919510568bffff","c":0,"f":0,"cs":1.6,"fs":0.1,"score":0.84,"pct":33,"price":226000,"n":194,"outcode":"CH44","apprec":1.84,"value":-0.406}},{"type":"Feature","geometry":{"type":"Polygon","coordinates":[[[-3.05236,53.41541],[-3.05452,53.4144],[-3.05396,53.41267],[-3.05125,53.41196],[-3.04909,53.41297],[-3.04964,53.41469],[-3.05236,53.41541]]]},"properties":{"h3":"8919510568fffff","c":1,"f":0,"cs":2.8,"fs":0.1,"score":0.906,"pct":42,"price":184250,"n":164,"outcode":"CH44","apprec":1.84,"value":-0.141}},{"type":"Feature","geometry":{"type":"Polygon","coordinates":[[[-3.04914,53.42088],[-3.0513,53.41987],[-3.05075,53.41815],[-3.04803,53.41743],[-3.04587,53.41844],[-3.04642,53.42016],[-3.04914,53.42088]]]},"properties":{"h3":"89195105693ffff","c":2,"f":1,"cs":7.1,"fs":1.6,"score":0.629,"pct":16,"price":175000,"n":230,"outcode":"CH44","apprec":1.84,"value":-0.357}},{"type":"Feature","geometry":{"type":"Polygon","coordinates":[[[-3.04587,53.41844],[-3.04803,53.41743],[-3.04748,53.4157],[-3.04477,53.41498],[-3.04261,53.41599],[-3.04316,53.41772],[-3.04587,53.41844]]]},"properties":{"h3":"89195105697ffff","c":1,"f":0,"cs":6.1,"fs":1.2,"score":0.666,"pct":19,"price":162000,"n":177,"outcode":"CH44","apprec":1.84,"value":-0.263}},{"type":"Feature","geometry":{"type":"Polygon","coordinates":[[[-3.05401,53.42059],[-3.05618,53.41958],[-3.05562,53.41785],[-3.05291,53.41714],[-3.05075,53.41815],[-3.0513,53.41987],[-3.05401,53.42059]]]},"properties":{"h3":"8919510569bffff","c":0,"f":0,"cs":3.2,"fs":0.7,"score":0.621,"pct":16,"price":220000,"n":225,"outcode":"CH44","apprec":1.84,"value":-0.551}},{"type":"Feature","geometry":{"type":"Polygon","coordinates":[[[-3.04582,53.41052],[-3.04798,53.40951],[-3.04743,53.40778],[-3.04472,53.40707],[-3.04256,53.40808],[-3.04311,53.4098],[-3.04582,53.41052]]]},"properties":{"h3":"891951056a3ffff","c":0,"f":0,"cs":2.2,"fs":0.0,"score":1.0,"pct":75,"price":117500,"n":81,"outcode":"CH44","apprec":1.84,"value":0.607}},{"type":"Feature","geometry":{"type":"Polygon","coordinates":[[[-3.0507,53.41023],[-3.05286,53.40922],[-3.05231,53.40749],[-3.04959,53.40678],[-3.04743,53.40778],[-3.04798,53.40951],[-3.0507,53.41023]]]},"properties":{"h3":"891951056abffff","c":0,"f":0,"cs":2.2,"fs":0.0,"score":1.0,"pct":75,"price":110000,"n":30,"outcode":"CH44","apprec":1.84,"value":0.646}},{"type":"Feature","geometry":{"type":"Polygon","coordinates":[[[-3.04743,53.40778],[-3.04959,53.40678],[-3.04904,53.40505],[-3.04633,53.40433],[-3.04417,53.40534],[-3.04472,53.40707],[-3.04743,53.40778]]]},"properties":{"h3":"891951056afffff","c":1,"f":0,"cs":1.9,"fs":0.0,"score":1.0,"pct":75,"n":5}},{"type":"Feature","geometry":{"type":"Polygon","coordinates":[[[-3.04421,53.41326],[-3.04638,53.41225],[-3.04582,53.41052],[-3.04311,53.4098],[-3.04095,53.41081],[-3.0415,53.41254],[-3.04421,53.41326]]]},"properties":{"h3":"891951056b3ffff","c":1,"f":0,"cs":2.7,"fs":0.0,"score":1.0,"pct":75,"price":126250,"n":172,"outcode":"CH44","apprec":1.84,"value":0.553}},{"type":"Feature","geometry":{"type":"Polygon","coordinates":[[[-3.04095,53.41081],[-3.04311,53.4098],[-3.04256,53.40808],[-3.03984,53.40736],[-3.03768,53.40837],[-3.03824,53.4101],[-3.04095,53.41081]]]},"properties":{"h3":"891951056b7ffff","c":1,"f":0,"cs":2.0,"fs":0.0,"score":1.0,"pct":75,"price":126975,"n":136,"outcode":"CH44","apprec":1.84,"value":0.549}},{"type":"Feature","geometry":{"type":"Polygon","coordinates":[[[-3.04909,53.41297],[-3.05125,53.41196],[-3.0507,53.41023],[-3.04798,53.40951],[-3.04582,53.41052],[-3.04638,53.41225],[-3.04909,53.41297]]]},"properties":{"h3":"891951056bbffff","c":0,"f":0,"cs":2.8,"fs":0.0,"score":1.0,"pct":75,"price":138000,"n":142,"outcode":"CH44","apprec":1.84,"value":0.475}},{"type":"Feature","geometry":{"type":"Polygon","coordinates":[[[-3.06377,53.42],[-3.06593,53.41899],[-3.06538,53.41727],[-3.06266,53.41655],[-3.0605,53.41756],[-3.06105,53.41929],[-3.06377,53.42]]]},"properties":{"h3":"891951056c3ffff","c":0,"f":0,"cs":1.7,"fs":0.0,"score":1.0,"pct":75,"price":210000,"n":119,"outcode":"CH44","apprec":1.84,"value":0.087}},{"type":"Feature","geometry":{"type":"Polygon","coordinates":[[[-3.06216,53.42274],[-3.06432,53.42173],[-3.06377,53.42],[-3.06105,53.41929],[-3.05889,53.4203],[-3.05944,53.42202],[-3.06216,53.42274]]]},"properties":{"h3":"891951056d3ffff","c":1,"f":0,"cs":6.0,"fs":0.1,"score":0.956,"pct":48,"price":210000,"n":172,"outcode":"CH44","apprec":1.84,"value":-0.182}},{"type":"Feature","geometry":{"type":"Polygon","coordinates":[[[-3.05889,53.4203],[-3.06105,53.41929],[-3.0605,53.41756],[-3.05778,53.41684],[-3.05562,53.41785],[-3.05618,53.41958],[-3.05889,53.4203]]]},"properties":{"h3":"891951056d7ffff","c":0,"f":0,"cs":2.7,"fs":0.1,"score":0.905,"pct":42,"price":239500,"n":193,"outcode":"CH44","apprec":1.84,"value":-0.356}},{"type":"Feature","geometry":{"type":"Polygon","coordinates":[[[-3.06703,53.42245],[-3.0692,53.42144],[-3.06864,53.41971],[-3.06593,53.41899],[-3.06377,53.42],[-3.06432,53.42173],[-3.06703,53.42245]]]},"properties":{"h3":"891951056dbffff","c":0,"f":0,"cs":5.0,"fs":0.1,"score":0.947,"pct":47,"price":202500,"n":129,"outcode":"CH44","apprec":1.84,"value":-0.165}},{"type":"Feature","geometry":{"type":"Polygon","coordinates":[[[-3.00484,53.34433],[-3.00699,53.34332],[-3.00644,53.34159],[-3.00374,53.34087],[-3.00158,53.34188],[-3.00213,53.34361],[-3.00484,53.34433]]]},"properties":{"h3":"8919510581bffff","c":1,"f":0,"cs":1.6,"fs":0.0,"score":1.0,"pct":75,"price":262500,"n":130,"outcode":"CH63","apprec":1.77,"value":-0.097}},{"type":"Feature","geometry":{"type":"Polygon","coordinates":[[[-3.0097,53.34404],[-3.01186,53.34303],[-3.01131,53.3413],[-3.0086,53.34058],[-3.00644,53.34159],[-3.00699,53.34332],[-3.0097,53.34404]]]},"properties":{"h3":"89195105857ffff","c":1,"f":0,"cs":1.7,"fs":0.0,"score":1.0,"pct":75,"price":259000,"n":158,"outcode":"CH63","apprec":1.77,"value":-0.083}},{"type":"Feature","geometry":{"type":"Polygon","coordinates":[[[-2.99836,53.34736],[-3.00052,53.34635],[-2.99997,53.34462],[-2.99726,53.3439],[-2.9951,53.34491],[-2.99565,53.34664],[-2.99836,53.34736]]]},"properties":{"h3":"8919510588bffff","c":0,"f":0,"cs":2.2,"fs":0.0,"score":1.0,"pct":75,"price":210000,"n":50,"outcode":"CH63","apprec":1.77,"value":0.087}},{"type":"Feature","geometry":{"type":"Polygon","coordinates":[[[-2.99188,53.35039],[-2.99404,53.34938],[-2.99349,53.34765],[-2.99078,53.34693],[-2.98862,53.34794],[-2.98917,53.34967],[-2.99188,53.35039]]]},"properties":{"h3":"89195105893ffff","c":0,"f":0,"cs":2.1,"fs":0.0,"score":1.0,"pct":75,"price":250000,"n":33,"outcode":"CH62","apprec":1.71,"value":-0.064}},{"type":"Feature","geometry":{"type":"Polygon","coordinates":[[[-2.99675,53.3501],[-2.99891,53.34909],[-2.99836,53.34736],[-2.99565,53.34664],[-2.99349,53.34765],[-2.99404,53.34938],[-2.99675,53.3501]]]},"properties":{"h3":"8919510589bffff","c":2,"f":0,"cs":3.6,"fs":0.0,"score":1.0,"pct":75,"price":215000,"n":61,"outcode":"CH63","apprec":1.77,"value":0.071}},{"type":"Feature","geometry":{"type":"Polygon","coordinates":[[[-2.98698,53.34276],[-2.98913,53.34175],[-2.98858,53.34002],[-2.98588,53.3393],[-2.98372,53.34031],[-2.98427,53.34204],[-2.98698,53.34276]]]},"properties":{"h3":"891951058b3ffff","c":0,"f":0,"cs":2.2,"fs":0.3,"score":0.783,"pct":28,"price":250000,"n":83,"outcode":"CH62","apprec":1.71,"value":-0.542}},{"type":"Feature","geometry":{"type":"Polygon","coordinates":[[[-2.98372,53.34031],[-2.98588,53.3393],[-2.98533,53.33758],[-2.98262,53.33686],[-2.98046,53.33787],[-2.98101,53.33959],[-2.98372,53.34031]]]},"properties":{"h3":"891951058b7ffff","c":0,"f":0,"cs":3.3,"fs":0.3,"score":0.849,"pct":34,"price":230000,"n":57,"outcode":"CH62","apprec":1.71,"value":-0.41}},{"type":"Feature","geometry":{"type":"Polygon","coordinates":[[[-3.00649,53.34951],[-3.00865,53.3485],[-3.0081,53.34677],[-3.00539,53.34606],[-3.00323,53.34707],[-3.00378,53.34879],[-3.00649,53.34951]]]},"properties":{"h3":"891951058c3ffff","c":0,"f":0,"cs":3.7,"fs":0.0,"score":1.0,"pct":75,"price":231000,"n":130,"outcode":"CH63","apprec":1.77,"value":0.0}},{"type":"Feature","geometry":{"type":"Polygon","coordinates":[[[-3.00323,53.34707],[-3.00539,53.34606],[-3.00484,53.34433],[-3.00213,53.34361],[-2.99997,53.34462],[-3.00052,53.34635],[-3.00323,53.34707]]]},"properties":{"h3":"891951058c7ffff","c":0,"f":0,"cs":1.8,"fs":0.0,"score":1.0,"pct":75,"price":245000,"n":95,"outcode":"CH63","apprec":1.77,"value":-0.043}},{"type":"Feature","geometry":{"type":"Polygon","coordinates":[[[-3.0081,53.34677],[-3.01025,53.34576],[-3.0097,53.34404],[-3.00699,53.34332],[-3.00484,53.34433],[-3.00539,53.34606],[-3.0081,53.34677]]]},"properties":{"h3":"891951058cfffff","c":0,"f":0,"cs":1.9,"fs":0.0,"score":1.0,"pct":75,"price":270000,"n":136,"outcode":"CH63","apprec":1.77,"value":-0.117}},{"type":"Feature","geometry":{"type":"Polygon","coordinates":[[[-3.00488,53.35225],[-3.00704,53.35124],[-3.00649,53.34951],[-3.00378,53.34879],[-3.00162,53.3498],[-3.00217,53.35153],[-3.00488,53.35225]]]},"properties":{"h3":"891951058d3ffff","c":5,"f":0,"cs":6.0,"fs":0.0,"score":1.0,"pct":75,"price":196000,"n":127,"outcode":"CH63","apprec":1.77,"value":0.137}},{"type":"Feature","geometry":{"type":"Polygon","coordinates":[[[-3.00162,53.3498],[-3.00378,53.34879],[-3.00323,53.34707],[-3.00052,53.34635],[-2.99836,53.34736],[-2.99891,53.34909],[-3.00162,53.3498]]]},"properties":{"h3":"891951058d7ffff","c":0,"f":0,"cs":5.1,"fs":0.0,"score":1.0,"pct":75,"price":210500,"n":76,"outcode":"CH63","apprec":1.77,"value":0.081}},{"type":"Feature","geometry":{"type":"Polygon","coordinates":[[[-3.00975,53.35196],[-3.01191,53.35095],[-3.01136,53.34922],[-3.00865,53.3485],[-3.00649,53.34951],[-3.00704,53.35124],[-3.00975,53.35196]]]},"properties":{"h3":"891951058dbffff","c":0,"f":0,"cs":3.2,"fs":0.0,"score":1.0,"pct":75,"price":250000,"n":146,"outcode":"CH63","apprec":1.77,"value":-0.064}},{"type":"Feature","geometry":{"type":"Polygon","coordinates":[[[-2.98364,53.32447],[-2.9858,53.32346],[-2.98525,53.32173],[-2.98254,53.32101],[-2.98038,53.32202],[-2.98093,53.32375],[-2.98364,53.32447]]]},"properties":{"h3":"8919510590bffff","c":2,"f":0,"cs":2.0,"fs":0.0,"score":1.0,"pct":75,"price":299875,"n":188,"outcode":"CH62","apprec":1.71,"value":-0.164}},{"type":"Feature","geometry":{"type":"Polygon","coordinates":[[[-2.97716,53.3275],[-2.97932,53.32649],[-2.97877,53.32476],[-2.97607,53.32404],[-2.97391,53.32505],[-2.97446,53.32678],[-2.97716,53.3275]]]},"properties":{"h3":"89195105913ffff","c":0,"f":0,"cs":1.8,"fs":0.0,"score":1.0,"pct":75,"price":250000,"n":149,"outcode":"CH62","apprec":1.71,"value":-0.064}},{"type":"Feature","geometry":{"type":"Polygon","coordinates":[[[-2.98203,53.32721],[-2.98419,53.3262],[-2.98364,53.32447],[-2.98093,53.32375],[-2.97877,53.32476],[-2.97932,53.32649],[-2.98203,53.32721]]]},"properties":{"h3":"8919510591bffff","c":0,"f":0,"cs":2.0,"fs":0.0,"score":1.0,"pct":75,"price":280750,"n":180,"outcode":"CH62","apprec":1.71,"value":-0.142}},{"type":"Feature","geometry":{"type":"Polygon","coordinates":[[[-2.97069,53.33053],[-2.97285,53.32952],[-2.9723,53.32779],[-2.96959,53.32707],[-2.96743,53.32808],[-2.96798,53.32981],[-2.97069,53.33053]]]},"properties":{"h3":"89195105983ffff","c":0,"f":0,"cs":3.7,"fs":0.0,"score":1.0,"pct":75,"price":189950,"n":32,"outcode":"CH62","apprec":1.71,"value":0.17}},{"type":"Feature","geometry":{"type":"Polygon","coordinates":[[[-2.97556,53.33024],[-2.97771,53.32923],[-2.97716,53.3275],[-2.97446,53.32678],[-2.9723,53.32779],[-2.97285,53.32952],[-2.97556,53.33024]]]},"properties":{"h3":"8919510598bffff","c":1,"f":0,"cs":5.5,"fs":0.0,"score":1.0,"pct":75,"price":191000,"n":79,"outcode":"CH62","apprec":1.71,"value":0.153}},{"type":"Feature","geometry":{"type":"Polygon","coordinates":[[[-2.9723,53.32779],[-2.97446,53.32678],[-2.97391,53.32505],[-2.9712,53.32434],[-2.96904,53.32534],[-2.96959,53.32707],[-2.9723,53.32779]]]},"properties":{"h3":"8919510598fffff","c":0,"f":0,"cs":1.8,"fs":0.0,"score":1.0,"pct":75,"price":215000,"n":51,"outcode":"CH62","apprec":1.71,"value":0.071}},{"type":"Feature","geometry":{"type":"Polygon","coordinates":[[[-2.96908,53.33327],[-2.97124,53.33226],[-2.97069,53.33053],[-2.96798,53.32981],[-2.96582,53.33082],[-2.96637,53.33255],[-2.96908,53.33327]]]},"properties":{"h3":"89195105993ffff","c":2,"f":0,"cs":4.0,"fs":0.0,"score":1.0,"pct":75,"n":5}},{"type":"Feature","geometry":{"type":"Polygon","coordinates":[[[-2.96582,53.33082],[-2.96798,53.32981],[-2.96743,53.32808],[-2.96473,53.32736],[-2.96257,53.32837],[-2.96312,53.3301],[-2.96582,53.33082]]]},"properties":{"h3":"89195105997ffff","c":0,"f":0,"cs":2.0,"fs":0.0,"score":1.0,"pct":75,"n":0}},{"type":"Feature","geometry":{"type":"Polygon","coordinates":[[[-2.97395,53.33297],[-2.9761,53.33197],[-2.97556,53.33024],[-2.97285,53.32952],[-2.97069,53.33053],[-2.97124,53.33226],[-2.97395,53.33297]]]},"properties":{"h3":"8919510599bffff","c":2,"f":0,"cs":6.9,"fs":0.0,"score":1.0,"pct":75,"price":189950,"n":44,"outcode":"CH62","apprec":1.71,"value":0.17}},{"type":"Feature","geometry":{"type":"Polygon","coordinates":[[[-2.98368,53.33239],[-2.98584,53.33138],[-2.98529,53.32965],[-2.98258,53.32894],[-2.98042,53.32995],[-2.98097,53.33167],[-2.98368,53.33239]]]},"properties":{"h3":"891951059c3ffff","c":0,"f":0,"cs":3.4,"fs":0.0,"score":1.0,"pct":75,"price":175000,"n":140,"outcode":"CH62","apprec":1.71,"value":0.239}},{"type":"Feature","geometry":{"type":"Polygon","coordinates":[[[-2.98042,53.32995],[-2.98258,53.32894],[-2.98203,53.32721],[-2.97932,53.32649],[-2.97716,53.3275],[-2.97771,53.32923],[-2.98042,53.32995]]]},"properties":{"h3":"891951059c7ffff","c":0,"f":0,"cs":4.2,"fs":0.0,"score":1.0,"pct":75,"price":225000,"n":173,"outcode":"CH62","apprec":1.71,"value":0.028}},{"type":"Feature","geometry":{"type":"Polygon","coordinates":[[[-2.98207,53.33513],[-2.98423,53.33412],[-2.98368,53.33239],[-2.98097,53.33167],[-2.97881,53.33268],[-2.97936,53.33441],[-2.98207,53.33513]]]},"properties":{"h3":"891951059d3ffff","c":0,"f":0,"cs":3.7,"fs":0.0,"score":1.0,"pct":75,"price":176750,"n":94,"outcode":"CH62","apprec":1.71,"value":0.23}},{"type":"Feature","geometry":{"type":"Polygon","coordinates":[[[-2.97881,53.33268],[-2.98097,53.33167],[-2.98042,53.32995],[-2.97771,53.32923],[-2.97556,53.33024],[-2.9761,53.33197],[-2.97881,53.33268]]]},"properties":{"h3":"891951059d7ffff","c":5,"f":0,"cs":7.1,"fs":0.0,"score":1.0,"pct":75,"price":190000,"n":95,"outcode":"CH62","apprec":1.71,"value":0.162}},{"type":"Feature","geometry":{"type":"Polygon","coordinates":[[[-3.04539,53.33925],[-3.04755,53.33823],[-3.047,53.33651],[-3.04429,53.33579],[-3.04213,53.3368],[-3.04268,53.33853],[-3.04539,53.33925]]]},"properties":{"h3":"89195105a47ffff","c":1,"f":0,"cs":1.6,"fs":0.0,"score":1.0,"pct":75,"n":1}},{"type":"Feature","geometry":{"type":"Polygon","coordinates":[[[-3.047,53.33651],[-3.04915,53.3355],[-3.0486,53.33377],[-3.04589,53.33305],[-3.04373,53.33406],[-3.04429,53.33579],[-3.047,53.33651]]]},"properties":{"h3":"89195105a7bffff","c":1,"f":0,"cs":1.6,"fs":0.0,"score":1.0,"pct":75,"n":0}},{"type":"Feature","geometry":{"type":"Polygon","coordinates":[[[-2.99518,53.36075],[-2.99734,53.35974],[-2.99679,53.35802],[-2.99408,53.3573],[-2.99192,53.35831],[-2.99247,53.36003],[-2.99518,53.36075]]]},"properties":{"h3":"89195105c0bffff","c":1,"f":0,"cs":4.3,"fs":0.0,"score":1.0,"pct":75,"price":163750,"n":124,"outcode":"CH62","apprec":1.71,"value":0.297}},{"type":"Feature","geometry":{"type":"Polygon","coordinates":[[[-2.99357,53.36349],[-2.99573,53.36248],[-2.99518,53.36075],[-2.99247,53.36003],[-2.99031,53.36104],[-2.99086,53.36277],[-2.99357,53.36349]]]},"properties":{"h3":"89195105c1bffff","c":0,"f":0,"cs":3.2,"fs":0.0,"score":1.0,"pct":75,"price":134500,"n":104,"outcode":"CH62","apprec":1.71,"value":0.499}},{"type":"Feature","geometry":{"type":"Polygon","coordinates":[[[-3.00331,53.36291],[-3.00547,53.3619],[-3.00492,53.36017],[-3.00221,53.35945],[-3.00005,53.36046],[-3.0006,53.36219],[-3.00331,53.36291]]]},"properties":{"h3":"89195105c43ffff","c":0,"f":0,"cs":3.8,"fs":0.0,"score":1.0,"pct":75,"price":192105,"n":88,"outcode":"CH62","apprec":1.71,"value":0.15}},{"type":"Feature","geometry":{"type":"Polygon","coordinates":[[[-3.00005,53.36046],[-3.00221,53.35945],[-3.00166,53.35772],[-2.99895,53.35701],[-2.99679,53.35802],[-2.99734,53.35974],[-3.00005,53.36046]]]},"properties":{"h3":"89195105c47ffff","c":1,"f":0,"cs":4.8,"fs":0.0,"score":1.0,"pct":75,"price":180000,"n":128,"outcode":"CH62","apprec":1.71,"value":0.21}},{"type":"Feature","geometry":{"type":"Polygon","coordinates":[[[-3.00818,53.36261],[-3.01034,53.3616],[-3.00979,53.35988],[-3.00708,53.35916],[-3.00492,53.36017],[-3.00547,53.3619],[-3.00818,53.36261]]]},"properties":{"h3":"89195105c4bffff","c":0,"f":0,"cs":1.4,"fs":0.1,"score":0.826,"pct":31,"price":200000,"n":82,"outcode":"CH63","apprec":1.77,"value":-0.325}},{"type":"Feature","geometry":{"type":"Polygon","coordinates":[[[-3.00492,53.36017],[-3.00708,53.35916],[-3.00653,53.35743],[-3.00382,53.35671],[-3.00166,53.35772],[-3.00221,53.35945],[-3.00492,53.36017]]]},"properties":{"h3":"89195105c4fffff","c":1,"f":0,"cs":2.4,"fs":0.0,"score":1.0,"pct":75,"price":206500,"n":106,"outcode":"CH63","apprec":1.77,"value":0.098}},{"type":"Feature","geometry":{"type":"Polygon","coordinates":[[[-3.0017,53.36564],[-3.00386,53.36463],[-3.00331,53.36291],[-3.0006,53.36219],[-2.99844,53.3632],[-2.99899,53.36493],[-3.0017,53.36564]]]},"properties":{"h3":"89195105c53ffff","c":0,"f":0,"cs":2.8,"fs":0.0,"score":1.0,"pct":75,"price":138000,"n":95,"outcode":"CH62","apprec":1.71,"value":0.475}},{"type":"Feature","geometry":{"type":"Polygon","coordinates":[[[-2.99844,53.3632],[-3.0006,53.36219],[-3.00005,53.36046],[-2.99734,53.35974],[-2.99518,53.36075],[-2.99573,53.36248],[-2.99844,53.3632]]]},"properties":{"h3":"89195105c57ffff","c":4,"f":0,"cs":5.3,"fs":0.0,"score":1.0,"pct":75,"price":140000,"n":122,"outcode":"CH62","apprec":1.71,"value":0.457}},{"type":"Feature","geometry":{"type":"Polygon","coordinates":[[[-2.9984,53.35528],[-3.00056,53.35427],[-3.00001,53.35254],[-2.9973,53.35182],[-2.99514,53.35283],[-2.99569,53.35456],[-2.9984,53.35528]]]},"properties":{"h3":"89195105c63ffff","c":1,"f":0,"cs":3.0,"fs":0.0,"score":1.0,"pct":75,"price":205000,"n":102,"outcode":"CH62","apprec":1.71,"value":0.104}},{"type":"Feature","geometry":{"type":"Polygon","coordinates":[[[-2.99514,53.35283],[-2.9973,53.35182],[-2.99675,53.3501],[-2.99404,53.34938],[-2.99188,53.35039],[-2.99243,53.35212],[-2.99514,53.35283]]]},"properties":{"h3":"89195105c67ffff","c":0,"f":0,"cs":3.2,"fs":0.0,"score":1.0,"pct":75,"price":238500,"n":67,"outcode":"CH62","apprec":1.71,"value":-0.023}},{"type":"Feature","geometry":{"type":"Polygon","coordinates":[[[-3.00327,53.35499],[-3.00543,53.35398],[-3.00488,53.35225],[-3.00217,53.35153],[-3.00001,53.35254],[-3.00056,53.35427],[-3.00327,53.35499]]]},"properties":{"h3":"89195105c6bffff","c":0,"f":0,"cs":4.8,"fs":0.0,"score":1.0,"pct":75,"price":205000,"n":116,"outcode":"CH63","apprec":1.77,"value":0.104}},{"type":"Feature","geometry":{"type":"Polygon","coordinates":[[[-3.00001,53.35254],[-3.00217,53.35153],[-3.00162,53.3498],[-2.99891,53.34909],[-2.99675,53.3501],[-2.9973,53.35182],[-3.00001,53.35254]]]},"properties":{"h3":"89195105c6fffff","c":1,"f":0,"cs":5.9,"fs":0.0,"score":1.0,"pct":75,"price":205500,"n":92,"outcode":"CH63","apprec":1.77,"value":0.099}},{"type":"Feature","geometry":{"type":"Polygon","coordinates":[[[-2.99679,53.35802],[-2.99895,53.35701],[-2.9984,53.35528],[-2.99569,53.35456],[-2.99353,53.35557],[-2.99408,53.3573],[-2.99679,53.35802]]]},"properties":{"h3":"89195105c73ffff","c":0,"f":0,"cs":2.6,"fs":0.0,"score":1.0,"pct":75,"price":188000,"n":140,"outcode":"CH62","apprec":1.71,"value":0.176}},{"type":"Feature","geometry":{"type":"Polygon","coordinates":[[[-3.00166,53.35772],[-3.00382,53.35671],[-3.00327,53.35499],[-3.00056,53.35427],[-2.9984,53.35528],[-2.99895,53.35701],[-3.00166,53.35772]]]},"properties":{"h3":"89195105c7bffff","c":0,"f":0,"cs":3.3,"fs":0.0,"score":1.0,"pct":75,"price":205000,"n":116,"outcode":"CH62","apprec":1.71,"value":0.104}},{"type":"Feature","geometry":{"type":"Polygon","coordinates":[[[-2.99683,53.36594],[-2.99899,53.36493],[-2.99844,53.3632],[-2.99573,53.36248],[-2.99357,53.36349],[-2.99412,53.36522],[-2.99683,53.36594]]]},"properties":{"h3":"89195105ccfffff","c":0,"f":0,"cs":2.7,"fs":0.0,"score":1.0,"pct":75,"price":134500,"n":107,"outcode":"CH62","apprec":1.71,"value":0.499}},{"type":"Feature","geometry":{"type":"Polygon","coordinates":[[[-2.97238,53.34363],[-2.97453,53.34262],[-2.97398,53.3409],[-2.97128,53.34018],[-2.96912,53.34119],[-2.96967,53.34291],[-2.97238,53.34363]]]},"properties":{"h3":"89195105d0bffff","c":0,"f":0,"cs":1.9,"fs":1.2,"score":0.218,"pct":2,"price":129995,"n":15,"outcode":"CH62","apprec":1.71,"value":-0.198}},{"type":"Feature","geometry":{"type":"Polygon","coordinates":[[[-2.95935,53.33385],[-2.96151,53.33284],[-2.96096,53.33111],[-2.95825,53.33039],[-2.95609,53.3314],[-2.95664,53.33313],[-2.95935,53.33385]]]},"properties":{"h3":"89195105d27ffff","c":0,"f":0,"cs":2.1,"fs":0.0,"score":1.0,"pct":75,"n":0}},{"type":"Feature","geometry":{"type":"Polygon","coordinates":[[[-2.96747,53.336],[-2.96963,53.33499],[-2.96908,53.33327],[-2.96637,53.33255],[-2.96422,53.33356],[-2.96476,53.33528],[-2.96747,53.336]]]},"properties":{"h3":"89195105d2bffff","c":0,"f":0,"cs":1.6,"fs":0.0,"score":1.0,"pct":75,"n":0}},{"type":"Feature","geometry":{"type":"Polygon","coordinates":[[[-2.96422,53.33356],[-2.96637,53.33255],[-2.96582,53.33082],[-2.96312,53.3301],[-2.96096,53.33111],[-2.96151,53.33284],[-2.96422,53.33356]]]},"properties":{"h3":"89195105d2fffff","c":0,"f":0,"cs":1.9,"fs":0.0,"score":1.0,"pct":75,"n":0}},{"type":"Feature","geometry":{"type":"Polygon","coordinates":[[[-2.9805,53.34579],[-2.98266,53.34478],[-2.98211,53.34305],[-2.9794,53.34233],[-2.97724,53.34334],[-2.97779,53.34507],[-2.9805,53.34579]]]},"properties":{"h3":"89195105d43ffff","c":0,"f":0,"cs":3.1,"fs":1.2,"score":0.438,"pct":7,"price":189250,"n":104,"outcode":"CH62","apprec":1.71,"value":-0.514}},{"type":"Feature","geometry":{"type":"Polygon","coordinates":[[[-2.97724,53.34334],[-2.9794,53.34233],[-2.97885,53.3406],[-2.97614,53.33989],[-2.97398,53.3409],[-2.97453,53.34262],[-2.97724,53.34334]]]},"properties":{"h3":"89195105d47ffff","c":1,"f":2,"cs":4.6,"fs":2.0,"score":0.398,"pct":6,"price":185000,"n":71,"outcode":"CH62","apprec":1.71,"value":-0.511}},{"type":"Feature","geometry":{"type":"Polygon","coordinates":[[[-2.98537,53.3455],[-2.98753,53.34449],[-2.98698,53.34276],[-2.98427,53.34204],[-2.98211,53.34305],[-2.98266,53.34478],[-2.98537,53.3455]]]},"properties":{"h3":"89195105d4bffff","c":0,"f":0,"cs":2.4,"fs":0.3,"score":0.794,"pct":28,"price":191113,"n":94,"outcode":"CH62","apprec":1.71,"value":-0.32}},{"type":"Feature","geometry":{"type":"Polygon","coordinates":[[[-2.98211,53.34305],[-2.98427,53.34204],[-2.98372,53.34031],[-2.98101,53.33959],[-2.97885,53.3406],[-2.9794,53.34233],[-2.98211,53.34305]]]},"properties":{"h3":"89195105d4fffff","c":3,"f":0,"cs":5.0,"fs":1.2,"score":0.607,"pct":15,"price":200000,"n":109,"outcode":"CH62","apprec":1.71,"value":-0.492}},{"type":"Feature","geometry":{"type":"Polygon","coordinates":[[[-2.97889,53.34852],[-2.98105,53.34752],[-2.9805,53.34579],[-2.97779,53.34507],[-2.97563,53.34608],[-2.97618,53.34781],[-2.97889,53.34852]]]},"properties":{"h3":"89195105d53ffff","c":0,"f":0,"cs":1.3,"fs":0.3,"score":0.652,"pct":18,"price":181000,"n":54,"outcode":"CH62","apprec":1.71,"value":-0.38}},{"type":"Feature","geometry":{"type":"Polygon","coordinates":[[[-2.97563,53.34608],[-2.97779,53.34507],[-2.97724,53.34334],[-2.97453,53.34262],[-2.97238,53.34363],[-2.97292,53.34536],[-2.97563,53.34608]]]},"properties":{"h3":"89195105d57ffff","c":0,"f":0,"cs":1.6,"fs":1.2,"score":0.123,"pct":1,"price":185000,"n":49,"outcode":"CH62","apprec":1.71,"value":-0.556}},{"type":"Feature","geometry":{"type":"Polygon","coordinates":[[[-2.98376,53.34823],[-2.98592,53.34722],[-2.98537,53.3455],[-2.98266,53.34478],[-2.9805,53.34579],[-2.98105,53.34752],[-2.98376,53.34823]]]},"properties":{"h3":"89195105d5bffff","c":0,"f":0,"cs":1.3,"fs":0.3,"score":0.652,"pct":18,"price":190000,"n":76,"outcode":"CH62","apprec":1.71,"value":-0.417}},{"type":"Feature","geometry":{"type":"Polygon","coordinates":[[[-2.97559,53.33816],[-2.97775,53.33715],[-2.9772,53.33542],[-2.9745,53.3347],[-2.97234,53.33571],[-2.97289,53.33744],[-2.97559,53.33816]]]},"properties":{"h3":"89195105d63ffff","c":0,"f":0,"cs":3.6,"fs":0.3,"score":0.859,"pct":35,"price":217500,"n":13,"outcode":"CH62","apprec":1.71,"value":-0.334}},{"type":"Feature","geometry":{"type":"Polygon","coordinates":[[[-2.97234,53.33571],[-2.9745,53.3347],[-2.97395,53.33297],[-2.97124,53.33226],[-2.96908,53.33327],[-2.96963,53.33499],[-2.97234,53.33571]]]},"properties":{"h3":"89195105d67ffff","c":0,"f":0,"cs":3.6,"fs":0.0,"score":1.0,"pct":75,"n":6}},{"type":"Feature","geometry":{"type":"Polygon","coordinates":[[[-2.98046,53.33787],[-2.98262,53.33686],[-2.98207,53.33513],[-2.97936,53.33441],[-2.9772,53.33542],[-2.97775,53.33715],[-2.98046,53.33787]]]},"properties":{"h3":"89195105d6bffff","c":0,"f":0,"cs":2.8,"fs":0.3,"score":0.826,"pct":31,"price":235500,"n":43,"outcode":"CH62","apprec":1.71,"value":-0.463}},{"type":"Feature","geometry":{"type":"Polygon","coordinates":[[[-2.9772,53.33542],[-2.97936,53.33441],[-2.97881,53.33268],[-2.9761,53.33197],[-2.97395,53.33297],[-2.9745,53.3347],[-2.9772,53.33542]]]},"properties":{"h3":"89195105d6fffff","c":0,"f":0,"cs":5.1,"fs":0.0,"score":1.0,"pct":75,"price":220000,"n":44,"outcode":"CH62","apprec":1.71,"value":0.051}},{"type":"Feature","geometry":{"type":"Polygon","coordinates":[[[-2.97398,53.3409],[-2.97614,53.33989],[-2.97559,53.33816],[-2.97289,53.33744],[-2.97073,53.33845],[-2.97128,53.34018],[-2.97398,53.3409]]]},"properties":{"h3":"89195105d73ffff","c":1,"f":0,"cs":3.2,"fs":1.2,"score":0.453,"pct":8,"n":6}},{"type":"Feature","geometry":{"type":"Polygon","coordinates":[[[-2.97073,53.33845],[-2.97289,53.33744],[-2.97234,53.33571],[-2.96963,53.33499],[-2.96747,53.336],[-2.96802,53.33773],[-2.97073,53.33845]]]},"properties":{"h3":"89195105d77ffff","c":0,"f":0,"cs":1.6,"fs":0.3,"score":0.703,"pct":22,"n":0}},{"type":"Feature","geometry":{"type":"Polygon","coordinates":[[[-2.97885,53.3406],[-2.98101,53.33959],[-2.98046,53.33787],[-2.97775,53.33715],[-2.97559,53.33816],[-2.97614,53.33989],[-2.97885,53.3406]]]},"properties":{"h3":"89195105d7bffff","c":2,"f":0,"cs":5.0,"fs":1.2,"score":0.612,"pct":15,"price":212000,"n":52,"outcode":"CH62","apprec":1.71,"value":-0.531}},{"type":"Feature","geometry":{"type":"Polygon","coordinates":[[[-3.01631,53.36477],[-3.01847,53.36376],[-3.01792,53.36203],[-3.01521,53.36131],[-3.01305,53.36232],[-3.0136,53.36405],[-3.01631,53.36477]]]},"properties":{"h3":"89195105e83ffff","c":0,"f":0,"cs":1.3,"fs":0.6,"score":0.379,"pct":5,"price":225050,"n":133,"outcode":"CH63","apprec":1.77,"value":-0.679}},{"type":"Feature","geometry":{"type":"Polygon","coordinates":[[[-3.02118,53.36448],[-3.02334,53.36347],[-3.02279,53.36174],[-3.02008,53.36102],[-3.01792,53.36203],[-3.01847,53.36376],[-3.02118,53.36448]]]},"properties":{"h3":"89195105e8bffff","c":0,"f":0,"cs":1.5,"fs":0.1,"score":0.833,"pct":32,"price":250000,"n":107,"outcode":"CH63","apprec":1.77,"value":-0.5}},{"type":"Feature","geometry":{"type":"Polygon","coordinates":[[[-3.0147,53.3675],[-3.01686,53.36649],[-3.01631,53.36477],[-3.0136,53.36405],[-3.01144,53.36506],[-3.01199,53.36679],[-3.0147,53.3675]]]},"properties":{"h3":"89195105e93ffff","c":1,"f":1,"cs":1.6,"fs":1.0,"score":0.233,"pct":2,"price":155000,"n":133,"outcode":"CH42","apprec":1.89,"value":-0.382}},{"type":"Feature","geometry":{"type":"Polygon","coordinates":[[[-3.01957,53.36721],[-3.02173,53.3662],[-3.02118,53.36448],[-3.01847,53.36376],[-3.01631,53.36477],[-3.01686,53.36649],[-3.01957,53.36721]]]},"properties":{"h3":"89195105e9bffff","c":1,"f":0,"cs":1.7,"fs":0.6,"score":0.483,"pct":9,"price":245000,"n":109,"outcode":"CH42","apprec":1.89,"value":-0.711}},{"type":"Feature","geometry":{"type":"Polygon","coordinates":[[[-3.00814,53.35469],[-3.0103,53.35368],[-3.00975,53.35196],[-3.00704,53.35124],[-3.00488,53.35225],[-3.00543,53.35398],[-3.00814,53.35469]]]},"properties":{"h3":"89195105ea7ffff","c":0,"f":0,"cs":3.4,"fs":0.0,"score":1.0,"pct":75,"price":215000,"n":149,"outcode":"CH63","apprec":1.77,"value":0.071}},{"type":"Feature","geometry":{"type":"Polygon","coordinates":[[[-3.00653,53.35743],[-3.00869,53.35642],[-3.00814,53.35469],[-3.00543,53.35398],[-3.00327,53.35499],[-3.00382,53.35671],[-3.00653,53.35743]]]},"properties":{"h3":"89195105eb7ffff","c":0,"f":0,"cs":1.7,"fs":0.0,"score":1.0,"pct":75,"price":205000,"n":132,"outcode":"CH63","apprec":1.77,"value":0.104}},{"type":"Feature","geometry":{"type":"Polygon","coordinates":[[[-2.88828,53.42251],[-2.89044,53.4215],[-2.88989,53.41978],[-2.88718,53.41906],[-2.88502,53.42006],[-2.88557,53.42179],[-2.88828,53.42251]]]},"properties":{"h3":"89195106003ffff","c":0,"f":0,"cs":1.4,"fs":0.6,"score":0.401,"pct":6,"price":211000,"n":74,"outcode":"L12","apprec":1.74,"value":-0.617}},{"type":"Feature","geometry":{"type":"Polygon","coordinates":[[[-2.88502,53.42006],[-2.88718,53.41906],[-2.88664,53.41733],[-2.88393,53.41661],[-2.88177,53.41762],[-2.88231,53.41934],[-2.88502,53.42006]]]},"properties":{"h3":"89195106007ffff","c":0,"f":0,"cs":1.3,"fs":0.6,"score":0.358,"pct":5,"price":165000,"n":81,"outcode":"L14","apprec":1.84,"value":-0.421}},{"type":"Feature","geometry":{"type":"Polygon","coordinates":[[[-2.89315,53.42222],[-2.89531,53.42122],[-2.89476,53.41949],[-2.89205,53.41877],[-2.88989,53.41978],[-2.89044,53.4215],[-2.89315,53.42222]]]},"properties":{"h3":"8919510600bffff","c":0,"f":0,"cs":3.6,"fs":0.1,"score":0.928,"pct":45,"price":252500,"n":68,"outcode":"L12","apprec":1.74,"value":-0.372}},{"type":"Feature","geometry":{"type":"Polygon","coordinates":[[[-2.88989,53.41978],[-2.89205,53.41877],[-2.89151,53.41704],[-2.8888,53.41632],[-2.88664,53.41733],[-2.88718,53.41906],[-2.88989,53.41978]]]},"properties":{"h3":"8919510600fffff","c":1,"f":0,"cs":3.1,"fs":0.1,"score":0.916,"pct":44,"price":204000,"n":77,"outcode":"L14","apprec":1.84,"value":-0.203}},{"type":"Feature","geometry":{"type":"Polygon","coordinates":[[[-2.88341,53.42279],[-2.88557,53.42179],[-2.88502,53.42006],[-2.88231,53.41934],[-2.88015,53.42035],[-2.8807,53.42207],[-2.88341,53.42279]]]},"properties":{"h3":"89195106017ffff","c":0,"f":1,"cs":0.5,"fs":1.0,"score":-0.298,"pct":0,"price":160000,"n":81,"outcode":"L14","apprec":1.84,"value":-0.433}},{"type":"Feature","geometry":{"type":"Polygon","coordinates":[[[-2.90128,53.42438],[-2.90344,53.42338],[-2.90289,53.42165],[-2.90018,53.42093],[-2.89802,53.42194],[-2.89857,53.42366],[-2.90128,53.42438]]]},"properties":{"h3":"89195106043ffff","c":0,"f":0,"cs":2.5,"fs":0.0,"score":1.0,"pct":75,"price":300000,"n":63,"outcode":"L12","apprec":1.74,"value":-0.167}},{"type":"Feature","geometry":{"type":"Polygon","coordinates":[[[-2.89802,53.42194],[-2.90018,53.42093],[-2.89963,53.4192],[-2.89692,53.41848],[-2.89476,53.41949],[-2.89531,53.42122],[-2.89802,53.42194]]]},"properties":{"h3":"89195106047ffff","c":2,"f":0,"cs":4.1,"fs":0.0,"score":1.0,"pct":75,"price":263000,"n":54,"outcode":"L12","apprec":1.74,"value":-0.099}},{"type":"Feature","geometry":{"type":"Polygon","coordinates":[[[-2.90289,53.42165],[-2.90505,53.42064],[-2.90451,53.41892],[-2.9018,53.4182],[-2.89963,53.4192],[-2.90018,53.42093],[-2.90289,53.42165]]]},"properties":{"h3":"8919510604fffff","c":0,"f":0,"cs":1.9,"fs":0.1,"score":0.866,"pct":36,"price":174250,"n":38,"outcode":"L14","apprec":1.84,"value":-0.144}},{"type":"Feature","geometry":{"type":"Polygon","coordinates":[[[-2.8964,53.42467],[-2.89857,53.42366],[-2.89802,53.42194],[-2.89531,53.42122],[-2.89315,53.42222],[-2.8937,53.42395],[-2.8964,53.42467]]]},"properties":{"h3":"89195106057ffff","c":0,"f":0,"cs":1.9,"fs":0.0,"score":1.0,"pct":75,"price":283750,"n":84,"outcode":"L12","apprec":1.74,"value":-0.144}},{"type":"Feature","geometry":{"type":"Polygon","coordinates":[[[-2.90453,53.42683],[-2.9067,53.42582],[-2.90615,53.4241],[-2.90344,53.42338],[-2.90128,53.42438],[-2.90182,53.42611],[-2.90453,53.42683]]]},"properties":{"h3":"8919510605bffff","c":1,"f":0,"cs":2.8,"fs":0.0,"score":1.0,"pct":75,"price":260000,"n":92,"outcode":"L12","apprec":1.74,"value":-0.087}},{"type":"Feature","geometry":{"type":"Polygon","coordinates":[[[-2.89638,53.41676],[-2.89854,53.41575],[-2.89799,53.41403],[-2.89528,53.41331],[-2.89312,53.41431],[-2.89367,53.41604],[-2.89638,53.41676]]]},"properties":{"h3":"89195106063ffff","c":0,"f":0,"cs":2.2,"fs":0.1,"score":0.885,"pct":39,"price":184000,"n":61,"outcode":"L14","apprec":1.84,"value":-0.169}},{"type":"Feature","geometry":{"type":"Polygon","coordinates":[[[-2.90125,53.41647],[-2.90341,53.41547],[-2.90286,53.41374],[-2.90015,53.41302],[-2.89799,53.41403],[-2.89854,53.41575],[-2.90125,53.41647]]]},"properties":{"h3":"8919510606bffff","c":0,"f":0,"cs":1.1,"fs":0.7,"score":0.187,"pct":1,"price":153000,"n":91,"outcode":"L14","apprec":1.84,"value":-0.375}},{"type":"Feature","geometry":{"type":"Polygon","coordinates":[[[-2.89476,53.41949],[-2.89692,53.41848],[-2.89638,53.41676],[-2.89367,53.41604],[-2.89151,53.41704],[-2.89205,53.41877],[-2.89476,53.41949]]]},"properties":{"h3":"89195106073ffff","c":3,"f":0,"cs":4.8,"fs":0.0,"score":1.0,"pct":75,"price":194000,"n":56,"outcode":"L14","apprec":1.84,"value":0.143}},{"type":"Feature","geometry":{"type":"Polygon","coordinates":[[[-2.89151,53.41704],[-2.89367,53.41604],[-2.89312,53.41431],[-2.89041,53.41359],[-2.88825,53.4146],[-2.8888,53.41632],[-2.89151,53.41704]]]},"properties":{"h3":"89195106077ffff","c":0,"f":0,"cs":2.7,"fs":0.0,"score":1.0,"pct":75,"price":202000,"n":89,"outcode":"L14","apprec":1.84,"value":0.113}},{"type":"Feature","geometry":{"type":"Polygon","coordinates":[[[-2.89963,53.4192],[-2.9018,53.4182],[-2.90125,53.41647],[-2.89854,53.41575],[-2.89638,53.41676],[-2.89692,53.41848],[-2.89963,53.4192]]]},"properties":{"h3":"8919510607bffff","c":0,"f":0,"cs":3.2,"fs":0.1,"score":0.918,"pct":44,"price":160000,"n":69,"outcode":"L14","apprec":1.84,"value":0.009}},{"type":"Feature","geometry":{"type":"Polygon","coordinates":[[[-2.87528,53.42063],[-2.87744,53.41963],[-2.8769,53.4179],[-2.87419,53.41718],[-2.87203,53.41819],[-2.87257,53.41991],[-2.87528,53.42063]]]},"properties":{"h3":"891951060a3ffff","c":2,"f":0,"cs":2.1,"fs":0.1,"score":0.881,"pct":39,"price":141000,"n":138,"outcode":"L14","apprec":1.84,"value":0.076}},{"type":"Feature","geometry":{"type":"Polygon","coordinates":[[[-2.87203,53.41819],[-2.87419,53.41718],[-2.87364,53.41545],[-2.87093,53.41473],[-2.86877,53.41574],[-2.86932,53.41747],[-2.87203,53.41819]]]},"properties":{"h3":"891951060a7ffff","c":0,"f":0,"cs":1.8,"fs":0.0,"score":1.0,"pct":75,"price":155750,"n":170,"outcode":"L14","apprec":1.84,"value":0.344}},{"type":"Feature","geometry":{"type":"Polygon","coordinates":[[[-2.88015,53.42035],[-2.88231,53.41934],[-2.88177,53.41762],[-2.87906,53.4169],[-2.8769,53.4179],[-2.87744,53.41963],[-2.88015,53.42035]]]},"properties":{"h3":"891951060abffff","c":0,"f":0,"cs":1.3,"fs":0.6,"score":0.379,"pct":5,"price":135000,"n":84,"outcode":"L14","apprec":1.84,"value":-0.211}},{"type":"Feature","geometry":{"type":"Polygon","coordinates":[[[-2.87366,53.42337],[-2.87583,53.42236],[-2.87528,53.42063],[-2.87257,53.41991],[-2.87041,53.42092],[-2.87096,53.42264],[-2.87366,53.42337]]]},"properties":{"h3":"891951060b3ffff","c":0,"f":0,"cs":1.5,"fs":0.1,"score":0.833,"pct":32,"price":145000,"n":124,"outcode":"L14","apprec":1.84,"value":-0.015}},{"type":"Feature","geometry":{"type":"Polygon","coordinates":[[[-2.87041,53.42092],[-2.87257,53.41991],[-2.87203,53.41819],[-2.86932,53.41747],[-2.86715,53.41847],[-2.8677,53.4202],[-2.87041,53.42092]]]},"properties":{"h3":"891951060b7ffff","c":0,"f":0,"cs":2.0,"fs":0.0,"score":1.0,"pct":75,"price":145000,"n":142,"outcode":"L14","apprec":1.84,"value":0.421}},{"type":"Feature","geometry":{"type":"Polygon","coordinates":[[[-2.87853,53.42308],[-2.8807,53.42207],[-2.88015,53.42035],[-2.87744,53.41963],[-2.87528,53.42063],[-2.87583,53.42236],[-2.87853,53.42308]]]},"properties":{"h3":"891951060bbffff","c":0,"f":0,"cs":1.3,"fs":0.6,"score":0.379,"pct":5,"price":154000,"n":108,"outcode":"L14","apprec":1.84,"value":-0.341}},{"type":"Feature","geometry":{"type":"Polygon","coordinates":[[[-2.89805,53.42985],[-2.90021,53.42884],[-2.89966,53.42712],[-2.89695,53.4264],[-2.89479,53.4274],[-2.89534,53.42913],[-2.89805,53.42985]]]},"properties":{"h3":"891951060cbffff","c":0,"f":0,"cs":1.6,"fs":0.0,"score":1.0,"pct":75,"price":230000,"n":107,"outcode":"L12","apprec":1.74,"value":0.005}},{"type":"Feature","geometry":{"type":"Polygon","coordinates":[[[-2.89643,53.43258],[-2.89859,53.43157],[-2.89805,53.42985],[-2.89534,53.42913],[-2.89317,53.43013],[-2.89372,53.43186],[-2.89643,53.43258]]]},"properties":{"h3":"891951060dbffff","c":1,"f":0,"cs":1.6,"fs":0.0,"score":1.0,"pct":75,"price":205000,"n":71,"outcode":"L12","apprec":1.74,"value":0.104}},{"type":"Feature","geometry":{"type":"Polygon","coordinates":[[[-2.85735,53.39531],[-2.85951,53.3943],[-2.85897,53.39257],[-2.85626,53.39185],[-2.8541,53.39286],[-2.85465,53.39459],[-2.85735,53.39531]]]},"properties":{"h3":"89195106127ffff","c":0,"f":0,"cs":3.0,"fs":0.7,"score":0.607,"pct":15,"price":160000,"n":48,"outcode":"L27","value":-0.293}},{"type":"Feature","geometry":{"type":"Polygon","coordinates":[[[-2.86222,53.39502],[-2.86438,53.39402],[-2.86383,53.39229],[-2.86113,53.39157],[-2.85897,53.39257],[-2.85951,53.3943],[-2.86222,53.39502]]]},"properties":{"h3":"8919510612fffff","c":1,"f":0,"cs":3.1,"fs":0.6,"score":0.672,"pct":20,"price":179125,"n":82,"outcode":"L25","apprec":1.9,"value":-0.342}},{"type":"Feature","geometry":{"type":"Polygon","coordinates":[[[-2.92238,53.4205],[-2.92454,53.4195],[-2.92399,53.41777],[-2.92128,53.41705],[-2.91912,53.41806],[-2.91967,53.41978],[-2.92238,53.4205]]]},"properties":{"h3":"89195106203ffff","c":1,"f":0,"cs":5.0,"fs":1.2,"score":0.608,"pct":15,"price":160000,"n":153,"outcode":"L13","apprec":1.86,"value":-0.291}},{"type":"Feature","geometry":{"type":"Polygon","coordinates":[[[-2.91912,53.41806],[-2.92128,53.41705],[-2.92073,53.41532],[-2.91802,53.4146],[-2.91586,53.41561],[-2.91641,53.41734],[-2.91912,53.41806]]]},"properties":{"h3":"89195106207ffff","c":1,"f":1,"cs":7.5,"fs":1.4,"score":0.686,"pct":21,"price":140000,"n":210,"outcode":"L13","apprec":1.86,"value":-0.09}},{"type":"Feature","geometry":{"type":"Polygon","coordinates":[[[-2.92725,53.42022],[-2.92941,53.41921],[-2.92886,53.41748],[-2.92615,53.41676],[-2.92399,53.41777],[-2.92454,53.4195],[-2.92725,53.42022]]]},"properties":{"h3":"8919510620bffff","c":0,"f":0,"cs":4.2,"fs":0.9,"score":0.653,"pct":18,"price":140000,"n":59,"outcode":"L13","apprec":1.86,"value":-0.12}},{"type":"Feature","geometry":{"type":"Polygon","coordinates":[[[-2.92399,53.41777],[-2.92615,53.41676],[-2.9256,53.41504],[-2.92289,53.41432],[-2.92073,53.41532],[-2.92128,53.41705],[-2.92399,53.41777]]]},"properties":{"h3":"8919510620fffff","c":3,"f":0,"cs":6.3,"fs":0.9,"score":0.756,"pct":26,"price":130000,"n":127,"outcode":"L13","apprec":1.86,"value":0.029}},{"type":"Feature","geometry":{"type":"Polygon","coordinates":[[[-2.92076,53.42324],[-2.92293,53.42223],[-2.92238,53.4205],[-2.91967,53.41978],[-2.91751,53.42079],[-2.91805,53.42252],[-2.92076,53.42324]]]},"properties":{"h3":"89195106213ffff","c":0,"f":0,"cs":2.2,"fs":0.7,"score":0.489,"pct":9,"price":160500,"n":187,"outcode":"L13","apprec":1.86,"value":-0.356}},{"type":"Feature","geometry":{"type":"Polygon","coordinates":[[[-2.91751,53.42079],[-2.91967,53.41978],[-2.91912,53.41806],[-2.91641,53.41734],[-2.91425,53.41834],[-2.9148,53.42007],[-2.91751,53.42079]]]},"properties":{"h3":"89195106217ffff","c":0,"f":0,"cs":3.8,"fs":0.9,"score":0.623,"pct":16,"price":160000,"n":261,"outcode":"L13","apprec":1.86,"value":-0.28}},{"type":"Feature","geometry":{"type":"Polygon","coordinates":[[[-2.92564,53.42295],[-2.9278,53.42194],[-2.92725,53.42022],[-2.92454,53.4195],[-2.92238,53.4205],[-2.92293,53.42223],[-2.92564,53.42295]]]},"properties":{"h3":"8919510621bffff","c":1,"f":1,"cs":2.8,"fs":1.3,"score":0.379,"pct":5,"price":145000,"n":113,"outcode":"L13","apprec":1.86,"value":-0.28}},{"type":"Feature","geometry":{"type":"Polygon","coordinates":[[[-2.91748,53.41288],[-2.91964,53.41187],[-2.91909,53.41014],[-2.91638,53.40943],[-2.91422,53.41043],[-2.91477,53.41216],[-2.91748,53.41288]]]},"properties":{"h3":"89195106223ffff","c":0,"f":0,"cs":5.6,"fs":1.0,"score":0.694,"pct":22,"price":121750,"n":136,"outcode":"L13","apprec":1.86,"value":0.039}},{"type":"Feature","geometry":{"type":"Polygon","coordinates":[[[-2.91422,53.41043],[-2.91638,53.40943],[-2.91583,53.4077],[-2.91312,53.40698],[-2.91096,53.40799],[-2.91151,53.40971],[-2.91422,53.41043]]]},"properties":{"h3":"89195106227ffff","c":0,"f":0,"cs":1.4,"fs":0.4,"score":0.538,"pct":12,"price":132000,"n":119,"outcode":"L13","apprec":1.86,"value":-0.131}},{"type":"Feature","geometry":{"type":"Polygon","coordinates":[[[-2.92235,53.41259],[-2.92451,53.41158],[-2.92396,53.40986],[-2.92125,53.40914],[-2.91909,53.41014],[-2.91964,53.41187],[-2.92235,53.41259]]]},"properties":{"h3":"8919510622bffff","c":3,"f":1,"cs":5.4,"fs":1.7,"score":0.514,"pct":10,"price":120000,"n":135,"outcode":"L13","apprec":1.86,"value":-0.063}},{"type":"Feature","geometry":{"type":"Polygon","coordinates":[[[-2.91909,53.41014],[-2.92125,53.40914],[-2.9207,53.40741],[-2.91799,53.40669],[-2.91583,53.4077],[-2.91638,53.40943],[-2.91909,53.41014]]]},"properties":{"h3":"8919510622fffff","c":0,"f":0,"cs":2.6,"fs":1.2,"score":0.369,"pct":5,"price":125000,"n":95,"outcode":"L13","apprec":1.86,"value":-0.144}},{"type":"Feature","geometry":{"type":"Polygon","coordinates":[[[-2.91586,53.41561],[-2.91802,53.4146],[-2.91748,53.41288],[-2.91477,53.41216],[-2.9126,53.41317],[-2.91315,53.41489],[-2.91586,53.41561]]]},"properties":{"h3":"89195106233ffff","c":4,"f":0,"cs":7.6,"fs":1.5,"score":0.675,"pct":20,"price":128000,"n":230,"outcode":"L13","apprec":1.86,"value":-0.014}},{"type":"Feature","geometry":{"type":"Polygon","coordinates":[[[-2.9126,53.41317],[-2.91477,53.41216],[-2.91422,53.41043],[-2.91151,53.40971],[-2.90935,53.41072],[-2.9099,53.41245],[-2.9126,53.41317]]]},"properties":{"h3":"89195106237ffff","c":0,"f":0,"cs":4.9,"fs":1.0,"score":0.659,"pct":19,"price":140000,"n":178,"outcode":"L13","apprec":1.86,"value":-0.115}},{"type":"Feature","geometry":{"type":"Polygon","coordinates":[[[-2.92073,53.41532],[-2.92289,53.41432],[-2.92235,53.41259],[-2.91964,53.41187],[-2.91748,53.41288],[-2.91802,53.4146],[-2.92073,53.41532]]]},"properties":{"h3":"8919510623bffff","c":0,"f":0,"cs":7.6,"fs":1.5,"score":0.674,"pct":20,"price":133249,"n":130,"outcode":"L13","apprec":1.86,"value":-0.058}},{"type":"Feature","geometry":{"type":"Polygon","coordinates":[[[-2.93538,53.42237],[-2.93754,53.42137],[-2.93699,53.41964],[-2.93428,53.41892],[-2.93212,53.41993],[-2.93267,53.42166],[-2.93538,53.42237]]]},"properties":{"h3":"89195106243ffff","c":0,"f":0,"cs":2.4,"fs":0.7,"score":0.522,"pct":11,"price":120000,"n":51,"outcode":"L13","apprec":1.86,"value":-0.058}},{"type":"Feature","geometry":{"type":"Polygon","coordinates":[[[-2.93212,53.41993],[-2.93428,53.41892],[-2.93373,53.4172],[-2.93102,53.41648],[-2.92886,53.41748],[-2.92941,53.41921],[-2.93212,53.41993]]]},"properties":{"h3":"89195106247ffff","c":0,"f":0,"cs":1.7,"fs":0.3,"score":0.724,"pct":24,"price":177500,"n":17,"outcode":"L13","apprec":1.86,"value":-0.294}},{"type":"Feature","geometry":{"type":"Polygon","coordinates":[[[-2.93377,53.42511],[-2.93593,53.4241],[-2.93538,53.42237],[-2.93267,53.42166],[-2.93051,53.42266],[-2.93106,53.42439],[-2.93377,53.42511]]]},"properties":{"h3":"89195106253ffff","c":3,"f":1,"cs":4.0,"fs":1.1,"score":0.559,"pct":12,"price":118250,"n":143,"outcode":"L13","apprec":1.86,"value":-0.031}},{"type":"Feature","geometry":{"type":"Polygon","coordinates":[[[-2.93051,53.42266],[-2.93267,53.42166],[-2.93212,53.41993],[-2.92941,53.41921],[-2.92725,53.42022],[-2.9278,53.42194],[-2.93051,53.42266]]]},"properties":{"h3":"89195106257ffff","c":0,"f":0,"cs":3.2,"fs":1.2,"score":0.455,"pct":8,"price":129500,"n":75,"outcode":"L13","apprec":1.86,"value":-0.137}},{"type":"Feature","geometry":{"type":"Polygon","coordinates":[[[-2.93864,53.42482],[-2.9408,53.42381],[-2.94025,53.42209],[-2.93754,53.42137],[-2.93538,53.42237],[-2.93593,53.4241],[-2.93864,53.42482]]]},"properties":{"h3":"8919510625bffff","c":0,"f":0,"cs":2.7,"fs":0.6,"score":0.633,"pct":17,"price":100000,"n":148,"outcode":"L6","apprec":1.87,"value":0.09}},{"type":"Feature","geometry":{"type":"Polygon","coordinates":[[[-2.93048,53.41475],[-2.93264,53.41374],[-2.93209,53.41202],[-2.92938,53.4113],[-2.92722,53.4123],[-2.92777,53.41403],[-2.93048,53.41475]]]},"properties":{"h3":"89195106263ffff","c":0,"f":0,"cs":2.9,"fs":0.4,"score":0.755,"pct":26,"price":136250,"n":102,"outcode":"L7","apprec":1.72,"value":-0.02}},{"type":"Feature","geometry":{"type":"Polygon","coordinates":[[[-2.92722,53.4123],[-2.92938,53.4113],[-2.92883,53.40957],[-2.92612,53.40885],[-2.92396,53.40986],[-2.92451,53.41158],[-2.92722,53.4123]]]},"properties":{"h3":"89195106267ffff","c":2,"f":0,"cs":4.5,"fs":1.2,"score":0.575,"pct":13,"price":137500,"n":77,"outcode":"L7","apprec":1.72,"value":-0.15}},{"type":"Feature","geometry":{"type":"Polygon","coordinates":[[[-2.93535,53.41446],[-2.93751,53.41345],[-2.93696,53.41173],[-2.93425,53.41101],[-2.93209,53.41202],[-2.93264,53.41374],[-2.93535,53.41446]]]},"properties":{"h3":"8919510626bffff","c":0,"f":0,"cs":1.1,"fs":0.6,"score":0.309,"pct":3,"price":147500,"n":122,"outcode":"L7","apprec":1.72,"value":-0.311}},{"type":"Feature","geometry":{"type":"Polygon","coordinates":[[[-2.93209,53.41202],[-2.93425,53.41101],[-2.9337,53.40928],[-2.93099,53.40856],[-2.92883,53.40957],[-2.92938,53.4113],[-2.93209,53.41202]]]},"properties":{"h3":"8919510626fffff","c":0,"f":0,"cs":2.5,"fs":0.4,"score":0.72,"pct":23,"price":140000,"n":93,"outcode":"L7","apprec":1.72,"value":-0.069}},{"type":"Feature","geometry":{"type":"Polygon","coordinates":[[[-2.92886,53.41748],[-2.93102,53.41648],[-2.93048,53.41475],[-2.92777,53.41403],[-2.9256,53.41504],[-2.92615,53.41676],[-2.92886,53.41748]]]},"properties":{"h3":"89195106273ffff","c":1,"f":0,"cs":3.9,"fs":0.4,"score":0.812,"pct":30,"price":135000,"n":46,"outcode":"L7","apprec":1.72,"value":0.031}},{"type":"Feature","geometry":{"type":"Polygon","coordinates":[[[-2.9256,53.41504],[-2.92777,53.41403],[-2.92722,53.4123],[-2.92451,53.41158],[-2.92235,53.41259],[-2.92289,53.41432],[-2.9256,53.41504]]]},"properties":{"h3":"89195106277ffff","c":0,"f":0,"cs":6.3,"fs":0.9,"score":0.755,"pct":26,"price":125000,"n":113,"outcode":"L13","apprec":1.86,"value":0.061}},{"type":"Feature","geometry":{"type":"Polygon","coordinates":[[[-2.93373,53.4172],[-2.9359,53.41619],[-2.93535,53.41446],[-2.93264,53.41374],[-2.93048,53.41475],[-2.93102,53.41648],[-2.93373,53.4172]]]},"properties":{"h3":"8919510627bffff","c":0,"f":0,"cs":1.4,"fs":0.1,"score":0.826,"pct":31,"price":160000,"n":95,"outcode":"L7","apprec":1.72,"value":-0.127}},{"type":"Feature","geometry":{"type":"Polygon","coordinates":[[[-2.91589,53.42352],[-2.91805,53.42252],[-2.91751,53.42079],[-2.9148,53.42007],[-2.91263,53.42108],[-2.91318,53.4228],[-2.91589,53.42352]]]},"properties":{"h3":"8919510628fffff","c":0,"f":0,"cs":1.3,"fs":0.3,"score":0.652,"pct":18,"price":165000,"n":184,"outcode":"L13","apprec":1.86,"value":-0.292}},{"type":"Feature","geometry":{"type":"Polygon","coordinates":[[[-2.91266,53.42899],[-2.91483,53.42798],[-2.91428,53.42626],[-2.91157,53.42554],[-2.90941,53.42654],[-2.90995,53.42827],[-2.91266,53.42899]]]},"properties":{"h3":"89195106293ffff","c":0,"f":0,"cs":2.7,"fs":0.0,"score":1.0,"pct":75,"price":301000,"n":54,"outcode":"L12","apprec":1.74,"value":-0.169}},{"type":"Feature","geometry":{"type":"Polygon","coordinates":[[[-2.90941,53.42654],[-2.91157,53.42554],[-2.91102,53.42381],[-2.90831,53.42309],[-2.90615,53.4241],[-2.9067,53.42582],[-2.90941,53.42654]]]},"properties":{"h3":"89195106297ffff","c":0,"f":0,"cs":2.2,"fs":0.0,"score":1.0,"pct":75,"price":305000,"n":64,"outcode":"L12","apprec":1.74,"value":-0.175}},{"type":"Feature","geometry":{"type":"Polygon","coordinates":[[[-2.91754,53.4287],[-2.9197,53.4277],[-2.91915,53.42597],[-2.91644,53.42525],[-2.91428,53.42626],[-2.91483,53.42798],[-2.91754,53.4287]]]},"properties":{"h3":"8919510629bffff","c":1,"f":0,"cs":1.5,"fs":0.0,"score":1.0,"pct":75,"price":220000,"n":67,"outcode":"L12","apprec":1.74,"value":0.051}},{"type":"Feature","geometry":{"type":"Polygon","coordinates":[[[-2.90938,53.41863],[-2.91154,53.41762],[-2.91099,53.4159],[-2.90828,53.41518],[-2.90612,53.41619],[-2.90667,53.41791],[-2.90938,53.41863]]]},"properties":{"h3":"891951062a3ffff","c":0,"f":0,"cs":3.2,"fs":1.3,"score":0.412,"pct":6,"price":140000,"n":237,"outcode":"L13","apprec":1.86,"value":-0.237}},{"type":"Feature","geometry":{"type":"Polygon","coordinates":[[[-2.90612,53.41619],[-2.90828,53.41518],[-2.90773,53.41345],[-2.90502,53.41273],[-2.90286,53.41374],[-2.90341,53.41547],[-2.90612,53.41619]]]},"properties":{"h3":"891951062a7ffff","c":0,"f":1,"cs":2.6,"fs":1.6,"score":0.242,"pct":2,"price":145750,"n":226,"outcode":"L13","apprec":1.86,"value":-0.318}},{"type":"Feature","geometry":{"type":"Polygon","coordinates":[[[-2.91425,53.41834],[-2.91641,53.41734],[-2.91586,53.41561],[-2.91315,53.41489],[-2.91099,53.4159],[-2.91154,53.41762],[-2.91425,53.41834]]]},"properties":{"h3":"891951062abffff","c":1,"f":0,"cs":6.5,"fs":1.3,"score":0.658,"pct":19,"price":145000,"n":277,"outcode":"L13","apprec":1.86,"value":-0.151}},{"type":"Feature","geometry":{"type":"Polygon","coordinates":[[[-2.91099,53.4159],[-2.91315,53.41489],[-2.9126,53.41317],[-2.9099,53.41245],[-2.90773,53.41345],[-2.90828,53.41518],[-2.91099,53.4159]]]},"properties":{"h3":"891951062afffff","c":2,"f":1,"cs":5.9,"fs":1.7,"score":0.545,"pct":12,"price":137750,"n":238,"outcode":"L13","apprec":1.86,"value":-0.162}},{"type":"Feature","geometry":{"type":"Polygon","coordinates":[[[-2.90776,53.42136],[-2.90992,53.42036],[-2.90938,53.41863],[-2.90667,53.41791],[-2.90451,53.41892],[-2.90505,53.42064],[-2.90776,53.42136]]]},"properties":{"h3":"891951062b3ffff","c":0,"f":0,"cs":1.4,"fs":0.3,"score":0.68,"pct":20,"price":163000,"n":115,"outcode":"L13","apprec":1.86,"value":-0.252}},{"type":"Feature","geometry":{"type":"Polygon","coordinates":[[[-2.90451,53.41892],[-2.90667,53.41791],[-2.90612,53.41619],[-2.90341,53.41547],[-2.90125,53.41647],[-2.9018,53.4182],[-2.90451,53.41892]]]},"properties":{"h3":"891951062b7ffff","c":0,"f":0,"cs":1.4,"fs":0.7,"score":0.292,"pct":3,"price":155000,"n":105,"outcode":"L13","apprec":1.86,"value":-0.371}},{"type":"Feature","geometry":{"type":"Polygon","coordinates":[[[-2.91263,53.42108],[-2.9148,53.42007],[-2.91425,53.41834],[-2.91154,53.41762],[-2.90938,53.41863],[-2.90992,53.42036],[-2.91263,53.42108]]]},"properties":{"h3":"891951062bbffff","c":1,"f":0,"cs":2.7,"fs":0.4,"score":0.738,"pct":24,"price":160000,"n":221,"outcode":"L13","apprec":1.86,"value":-0.195}},{"type":"Feature","geometry":{"type":"Polygon","coordinates":[[[-2.92728,53.42813],[-2.92944,53.42712],[-2.92889,53.4254],[-2.92618,53.42468],[-2.92402,53.42568],[-2.92457,53.42741],[-2.92728,53.42813]]]},"properties":{"h3":"891951062c3ffff","c":0,"f":0,"cs":1.9,"fs":0.3,"score":0.749,"pct":25,"price":140000,"n":115,"outcode":"L13","apprec":1.86,"value":-0.05}},{"type":"Feature","geometry":{"type":"Polygon","coordinates":[[[-2.92402,53.42568],[-2.92618,53.42468],[-2.92564,53.42295],[-2.92293,53.42223],[-2.92076,53.42324],[-2.92131,53.42496],[-2.92402,53.42568]]]},"properties":{"h3":"891951062c7ffff","c":0,"f":0,"cs":1.6,"fs":0.7,"score":0.354,"pct":4,"price":151500,"n":108,"outcode":"L13","apprec":1.86,"value":-0.334}},{"type":"Feature","geometry":{"type":"Polygon","coordinates":[[[-2.93215,53.42784],[-2.93432,53.42683],[-2.93377,53.42511],[-2.93106,53.42439],[-2.92889,53.4254],[-2.92944,53.42712],[-2.93215,53.42784]]]},"properties":{"h3":"891951062cbffff","c":1,"f":0,"cs":3.7,"fs":0.7,"score":0.666,"pct":19,"price":120000,"n":188,"outcode":"L13","apprec":1.86,"value":0.025}},{"type":"Feature","geometry":{"type":"Polygon","coordinates":[[[-2.92889,53.4254],[-2.93106,53.42439],[-2.93051,53.42266],[-2.9278,53.42194],[-2.92564,53.42295],[-2.92618,53.42468],[-2.92889,53.4254]]]},"properties":{"h3":"891951062cfffff","c":0,"f":0,"cs":3.3,"fs":1.2,"score":0.463,"pct":9,"price":130000,"n":123,"outcode":"L13","apprec":1.86,"value":-0.144}},{"type":"Feature","geometry":{"type":"Polygon","coordinates":[[[-2.93054,53.43057],[-2.9327,53.42957],[-2.93215,53.42784],[-2.92944,53.42712],[-2.92728,53.42813],[-2.92783,53.42985],[-2.93054,53.43057]]]},"properties":{"h3":"891951062dbffff","c":1,"f":0,"cs":2.4,"fs":0.1,"score":0.894,"pct":40,"price":131500,"n":145,"outcode":"L13","apprec":1.86,"value":0.162}},{"type":"Feature","geometry":{"type":"Polygon","coordinates":[[[-2.89468,53.39575],[-2.89684,53.39475],[-2.8963,53.39302],[-2.89359,53.3923],[-2.89143,53.39331],[-2.89198,53.39503],[-2.89468,53.39575]]]},"properties":{"h3":"89195106323ffff","c":1,"f":0,"cs":1.9,"fs":0.6,"score":0.512,"pct":10,"price":371250,"n":102,"outcode":"L16","apprec":1.81,"value":-0.879}},{"type":"Feature","geometry":{"type":"Polygon","coordinates":[[[-2.89143,53.39331],[-2.89359,53.3923],[-2.89304,53.39057],[-2.89034,53.38985],[-2.88817,53.39086],[-2.88872,53.39259],[-2.89143,53.39331]]]},"properties":{"h3":"89195106327ffff","c":0,"f":0,"cs":1.5,"fs":0.1,"score":0.833,"pct":32,"price":390000,"n":107,"outcode":"L16","apprec":1.81,"value":-0.666}},{"type":"Feature","geometry":{"type":"Polygon","coordinates":[[[-2.89955,53.39547],[-2.90171,53.39446],[-2.90117,53.39273],[-2.89846,53.39201],[-2.8963,53.39302],[-2.89684,53.39475],[-2.89955,53.39547]]]},"properties":{"h3":"8919510632bffff","c":0,"f":0,"cs":2.1,"fs":0.1,"score":0.878,"pct":38,"price":325000,"n":96,"outcode":"L16","apprec":1.81,"value":-0.564}},{"type":"Feature","geometry":{"type":"Polygon","coordinates":[[[-2.8963,53.39302],[-2.89846,53.39201],[-2.89791,53.39029],[-2.8952,53.38957],[-2.89304,53.39057],[-2.89359,53.3923],[-2.8963,53.39302]]]},"properties":{"h3":"8919510632fffff","c":0,"f":0,"cs":2.0,"fs":0.1,"score":0.871,"pct":37,"price":302500,"n":106,"outcode":"L16","apprec":1.81,"value":-0.551}},{"type":"Feature","geometry":{"type":"Polygon","coordinates":[[[-2.89307,53.39849],[-2.89523,53.39748],[-2.89468,53.39575],[-2.89198,53.39503],[-2.88981,53.39604],[-2.89036,53.39777],[-2.89307,53.39849]]]},"properties":{"h3":"89195106333ffff","c":0,"f":1,"cs":1.2,"fs":1.0,"score":0.096,"pct":1,"price":335000,"n":120,"outcode":"L16","apprec":1.81,"value":-0.945}},{"type":"Feature","geometry":{"type":"Polygon","coordinates":[[[-2.88981,53.39604],[-2.89198,53.39503],[-2.89143,53.39331],[-2.88872,53.39259],[-2.88656,53.39359],[-2.88711,53.39532],[-2.88981,53.39604]]]},"properties":{"h3":"89195106337ffff","c":1,"f":0,"cs":1.6,"fs":0.6,"score":0.452,"pct":8,"price":367500,"n":95,"outcode":"L16","apprec":1.81,"value":-0.899}},{"type":"Feature","geometry":{"type":"Polygon","coordinates":[[[-2.89794,53.3982],[-2.9001,53.39719],[-2.89955,53.39547],[-2.89684,53.39475],[-2.89468,53.39575],[-2.89523,53.39748],[-2.89794,53.3982]]]},"properties":{"h3":"8919510633bffff","c":0,"f":0,"cs":1.0,"fs":0.6,"score":0.251,"pct":2,"price":315000,"n":101,"outcode":"L16","apprec":1.81,"value":-0.915}},{"type":"Feature","geometry":{"type":"Polygon","coordinates":[[[-2.90442,53.39518],[-2.90658,53.39417],[-2.90603,53.39245],[-2.90333,53.39173],[-2.90117,53.39273],[-2.90171,53.39446],[-2.90442,53.39518]]]},"properties":{"h3":"89195106367ffff","c":0,"f":0,"cs":2.1,"fs":0.0,"score":1.0,"pct":75,"price":308000,"n":105,"outcode":"L15","apprec":1.94,"value":-0.179}},{"type":"Feature","geometry":{"type":"Polygon","coordinates":[[[-2.91255,53.39734],[-2.91471,53.39633],[-2.91416,53.39461],[-2.91145,53.39389],[-2.90929,53.39489],[-2.90984,53.39662],[-2.91255,53.39734]]]},"properties":{"h3":"8919510636bffff","c":0,"f":0,"cs":1.8,"fs":0.3,"score":0.733,"pct":24,"price":270000,"n":157,"outcode":"L15","apprec":1.94,"value":-0.634}},{"type":"Feature","geometry":{"type":"Polygon","coordinates":[[[-2.90929,53.39489],[-2.91145,53.39389],[-2.9109,53.39216],[-2.9082,53.39144],[-2.90603,53.39245],[-2.90658,53.39417],[-2.90929,53.39489]]]},"properties":{"h3":"8919510636fffff","c":1,"f":0,"cs":2.8,"fs":0.1,"score":0.906,"pct":42,"price":304000,"n":184,"outcode":"L15","apprec":1.94,"value":-0.503}},{"type":"Feature","geometry":{"type":"Polygon","coordinates":[[[-2.90448,53.41101],[-2.90664,53.41],[-2.90609,53.40827],[-2.90338,53.40755],[-2.90122,53.40856],[-2.90177,53.41029],[-2.90448,53.41101]]]},"properties":{"h3":"891951063c3ffff","c":0,"f":0,"cs":1.5,"fs":0.3,"score":0.691,"pct":21,"price":172500,"n":130,"outcode":"L13","apprec":1.86,"value":-0.297}},{"type":"Feature","geometry":{"type":"Polygon","coordinates":[[[-2.90935,53.41072],[-2.91151,53.40971],[-2.91096,53.40799],[-2.90825,53.40727],[-2.90609,53.40827],[-2.90664,53.41],[-2.90935,53.41072]]]},"properties":{"h3":"891951063cbffff","c":0,"f":0,"cs":1.6,"fs":0.3,"score":0.703,"pct":22,"price":168000,"n":120,"outcode":"L13","apprec":1.86,"value":-0.267}},{"type":"Feature","geometry":{"type":"Polygon","coordinates":[[[-2.90286,53.41374],[-2.90502,53.41273],[-2.90448,53.41101],[-2.90177,53.41029],[-2.89961,53.41129],[-2.90015,53.41302],[-2.90286,53.41374]]]},"properties":{"h3":"891951063d3ffff","c":0,"f":0,"cs":1.0,"fs":0.7,"score":0.154,"pct":1,"price":169000,"n":121,"outcode":"L13","apprec":1.86,"value":-0.476}},{"type":"Feature","geometry":{"type":"Polygon","coordinates":[[[-2.90773,53.41345],[-2.9099,53.41245],[-2.90935,53.41072],[-2.90664,53.41],[-2.90448,53.41101],[-2.90502,53.41273],[-2.90773,53.41345]]]},"properties":{"h3":"891951063dbffff","c":1,"f":0,"cs":3.0,"fs":1.2,"score":0.428,"pct":7,"price":140000,"n":180,"outcode":"L13","apprec":1.86,"value":-0.233}},{"type":"Feature","geometry":{"type":"Polygon","coordinates":[[[-2.84604,53.41443],[-2.8482,53.41343],[-2.84766,53.4117],[-2.84495,53.41098],[-2.84279,53.41198],[-2.84333,53.41371],[-2.84604,53.41443]]]},"properties":{"h3":"89195106527ffff","c":0,"f":0,"cs":2.6,"fs":0.0,"score":1.0,"pct":75,"price":175000,"n":108,"outcode":"L36","apprec":1.73,"value":0.239}},{"type":"Feature","geometry":{"type":"Polygon","coordinates":[[[-2.84442,53.41716],[-2.84658,53.41616],[-2.84604,53.41443],[-2.84333,53.41371],[-2.84117,53.41471],[-2.84172,53.41644],[-2.84442,53.41716]]]},"properties":{"h3":"89195106537ffff","c":0,"f":0,"cs":2.4,"fs":0.0,"score":1.0,"pct":75,"price":152500,"n":117,"outcode":"L36","apprec":1.73,"value":0.37}},{"type":"Feature","geometry":{"type":"Polygon","coordinates":[[[-2.91595,53.43935],[-2.91811,53.43834],[-2.91757,53.43661],[-2.91485,53.43589],[-2.91269,53.4369],[-2.91324,53.43863],[-2.91595,53.43935]]]},"properties":{"h3":"8919510660bffff","c":2,"f":0,"cs":2.3,"fs":0.0,"score":1.0,"pct":75,"price":219400,"n":144,"outcode":"L11","apprec":2.06,"value":0.06}},{"type":"Feature","geometry":{"type":"Polygon","coordinates":[[[-2.91269,53.4369],[-2.91485,53.43589],[-2.91431,53.43417],[-2.9116,53.43345],[-2.90943,53.43445],[-2.90998,53.43618],[-2.91269,53.4369]]]},"properties":{"h3":"8919510660fffff","c":0,"f":0,"cs":2.1,"fs":0.0,"score":1.0,"pct":75,"price":200000,"n":121,"outcode":"L12","apprec":1.74,"value":0.121}},{"type":"Feature","geometry":{"type":"Polygon","coordinates":[[[-2.90618,53.43201],[-2.90834,53.431],[-2.90779,53.42928],[-2.90508,53.42856],[-2.90292,53.42956],[-2.90347,53.43129],[-2.90618,53.43201]]]},"properties":{"h3":"89195106623ffff","c":0,"f":0,"cs":2.8,"fs":0.0,"score":1.0,"pct":75,"price":210000,"n":115,"outcode":"L12","apprec":1.74,"value":0.087}},{"type":"Feature","geometry":{"type":"Polygon","coordinates":[[[-2.90292,53.42956],[-2.90508,53.42856],[-2.90453,53.42683],[-2.90182,53.42611],[-2.89966,53.42712],[-2.90021,53.42884],[-2.90292,53.42956]]]},"properties":{"h3":"89195106627ffff","c":0,"f":0,"cs":2.7,"fs":0.0,"score":1.0,"pct":75,"price":218900,"n":153,"outcode":"L12","apprec":1.74,"value":0.062}},{"type":"Feature","geometry":{"type":"Polygon","coordinates":[[[-2.91105,53.43172],[-2.91321,53.43072],[-2.91266,53.42899],[-2.90995,53.42827],[-2.90779,53.42928],[-2.90834,53.431],[-2.91105,53.43172]]]},"properties":{"h3":"8919510662bffff","c":1,"f":0,"cs":3.2,"fs":0.0,"score":1.0,"pct":75,"price":216250,"n":106,"outcode":"L12","apprec":1.74,"value":0.067}},{"type":"Feature","geometry":{"type":"Polygon","coordinates":[[[-2.90779,53.42928],[-2.90995,53.42827],[-2.90941,53.42654],[-2.9067,53.42582],[-2.90453,53.42683],[-2.90508,53.42856],[-2.90779,53.42928]]]},"properties":{"h3":"8919510662fffff","c":2,"f":0,"cs":3.6,"fs":0.0,"score":1.0,"pct":75,"price":217500,"n":125,"outcode":"L12","apprec":1.74,"value":0.065}},{"type":"Feature","geometry":{"type":"Polygon","coordinates":[[[-2.9013,53.43229],[-2.90347,53.43129],[-2.90292,53.42956],[-2.90021,53.42884],[-2.89805,53.42985],[-2.89859,53.43157],[-2.9013,53.43229]]]},"properties":{"h3":"89195106637ffff","c":1,"f":0,"cs":2.1,"fs":0.0,"score":1.0,"pct":75,"price":196000,"n":123,"outcode":"L12","apprec":1.74,"value":0.137}},{"type":"Feature","geometry":{"type":"Polygon","coordinates":[[[-2.90943,53.43445],[-2.9116,53.43345],[-2.91105,53.43172],[-2.90834,53.431],[-2.90618,53.43201],[-2.90672,53.43373],[-2.90943,53.43445]]]},"properties":{"h3":"8919510663bffff","c":0,"f":0,"cs":1.9,"fs":0.0,"score":1.0,"pct":75,"price":199000,"n":116,"outcode":"L12","apprec":1.74,"value":0.129}},{"type":"Feature","geometry":{"type":"Polygon","coordinates":[[[-2.92408,53.4415],[-2.92625,53.4405],[-2.9257,53.43877],[-2.92299,53.43805],[-2.92082,53.43906],[-2.92137,53.44079],[-2.92408,53.4415]]]},"properties":{"h3":"89195106643ffff","c":0,"f":0,"cs":1.9,"fs":0.1,"score":0.866,"pct":36,"price":177900,"n":75,"outcode":"L11","apprec":2.06,"value":-0.165}},{"type":"Feature","geometry":{"type":"Polygon","coordinates":[[[-2.92082,53.43906],[-2.92299,53.43805],[-2.92244,53.43633],[-2.91973,53.43561],[-2.91757,53.43661],[-2.91811,53.43834],[-2.92082,53.43906]]]},"properties":{"h3":"89195106647ffff","c":0,"f":0,"cs":2.5,"fs":0.0,"score":1.0,"pct":75,"price":190000,"n":71,"outcode":"L11","apprec":2.06,"value":0.162}},{"type":"Feature","geometry":{"type":"Polygon","coordinates":[[[-2.92896,53.44122],[-2.93112,53.44021],[-2.93057,53.43849],[-2.92786,53.43777],[-2.9257,53.43877],[-2.92625,53.4405],[-2.92896,53.44122]]]},"properties":{"h3":"8919510664bffff","c":1,"f":0,"cs":2.1,"fs":0.6,"score":0.56,"pct":13,"price":155000,"n":62,"outcode":"L11","apprec":2.06,"value":-0.283}},{"type":"Feature","geometry":{"type":"Polygon","coordinates":[[[-2.9257,53.43877],[-2.92786,53.43777],[-2.92731,53.43604],[-2.9246,53.43532],[-2.92244,53.43633],[-2.92299,53.43805],[-2.9257,53.43877]]]},"properties":{"h3":"8919510664fffff","c":0,"f":0,"cs":3.0,"fs":0.1,"score":0.913,"pct":43,"price":164000,"n":63,"outcode":"L11","apprec":2.06,"value":-0.023}},{"type":"Feature","geometry":{"type":"Polygon","coordinates":[[[-2.91921,53.44179],[-2.92137,53.44079],[-2.92082,53.43906],[-2.91811,53.43834],[-2.91595,53.43935],[-2.9165,53.44107],[-2.91921,53.44179]]]},"properties":{"h3":"89195106657ffff","c":0,"f":0,"cs":1.6,"fs":0.0,"score":1.0,"pct":75,"price":210000,"n":128,"outcode":"L11","apprec":2.06,"value":0.087}},{"type":"Feature","geometry":{"type":"Polygon","coordinates":[[[-2.92734,53.44395],[-2.92951,53.44294],[-2.92896,53.44122],[-2.92625,53.4405],[-2.92408,53.4415],[-2.92463,53.44323],[-2.92734,53.44395]]]},"properties":{"h3":"8919510665bffff","c":1,"f":0,"cs":1.6,"fs":0.6,"score":0.452,"pct":8,"price":153000,"n":67,"outcode":"L11","apprec":2.06,"value":-0.315}},{"type":"Feature","geometry":{"type":"Polygon","coordinates":[[[-2.91918,53.43388],[-2.92134,53.43287],[-2.92079,53.43115],[-2.91808,53.43043],[-2.91592,53.43144],[-2.91647,53.43316],[-2.91918,53.43388]]]},"properties":{"h3":"89195106663ffff","c":0,"f":0,"cs":2.0,"fs":0.0,"score":1.0,"pct":75,"price":185000,"n":101,"outcode":"L12","apprec":1.74,"value":0.186}},{"type":"Feature","geometry":{"type":"Polygon","coordinates":[[[-2.91592,53.43144],[-2.91808,53.43043],[-2.91754,53.4287],[-2.91483,53.42798],[-2.91266,53.42899],[-2.91321,53.43072],[-2.91592,53.43144]]]},"properties":{"h3":"89195106667ffff","c":0,"f":0,"cs":2.2,"fs":0.0,"score":1.0,"pct":75,"price":201250,"n":98,"outcode":"L12","apprec":1.74,"value":0.113}},{"type":"Feature","geometry":{"type":"Polygon","coordinates":[[[-2.92405,53.43359],[-2.92622,53.43259],[-2.92567,53.43086],[-2.92296,53.43014],[-2.92079,53.43115],[-2.92134,53.43287],[-2.92405,53.43359]]]},"properties":{"h3":"8919510666bffff","c":0,"f":0,"cs":2.2,"fs":0.0,"score":1.0,"pct":75,"price":165000,"n":97,"outcode":"L13","apprec":1.86,"value":0.287}},{"type":"Feature","geometry":{"type":"Polygon","coordinates":[[[-2.91757,53.43661],[-2.91973,53.43561],[-2.91918,53.43388],[-2.91647,53.43316],[-2.91431,53.43417],[-2.91485,53.43589],[-2.91757,53.43661]]]},"properties":{"h3":"89195106673ffff","c":0,"f":0,"cs":2.8,"fs":0.0,"score":1.0,"pct":75,"price":192750,"n":112,"outcode":"L12","apprec":1.74,"value":0.148}},{"type":"Feature","geometry":{"type":"Polygon","coordinates":[[[-2.91431,53.43417],[-2.91647,53.43316],[-2.91592,53.43144],[-2.91321,53.43072],[-2.91105,53.43172],[-2.9116,53.43345],[-2.91431,53.43417]]]},"properties":{"h3":"89195106677ffff","c":1,"f":0,"cs":2.4,"fs":0.0,"score":1.0,"pct":75,"price":205000,"n":109,"outcode":"L12","apprec":1.74,"value":0.104}},{"type":"Feature","geometry":{"type":"Polygon","coordinates":[[[-2.92244,53.43633],[-2.9246,53.43532],[-2.92405,53.43359],[-2.92134,53.43287],[-2.91918,53.43388],[-2.91973,53.43561],[-2.92244,53.43633]]]},"properties":{"h3":"8919510667bffff","c":1,"f":0,"cs":2.8,"fs":0.0,"score":1.0,"pct":75,"price":180000,"n":81,"outcode":"L12","apprec":1.74,"value":0.21}},{"type":"Feature","geometry":{"type":"Polygon","coordinates":[[[-2.90623,53.44783],[-2.9084,53.44682],[-2.90785,53.4451],[-2.90514,53.44438],[-2.90297,53.44538],[-2.90352,53.44711],[-2.90623,53.44783]]]},"properties":{"h3":"8919510669bffff","c":0,"f":0,"cs":0.7,"fs":1.2,"score":-0.241,"pct":0,"price":150000,"n":101,"outcode":"L11","apprec":2.06,"value":-0.361}},{"type":"Feature","geometry":{"type":"Polygon","coordinates":[[[-2.91437,53.44999],[-2.91653,53.44898],[-2.91598,53.44726],[-2.91327,53.44654],[-2.91111,53.44754],[-2.91165,53.44927],[-2.91437,53.44999]]]},"properties":{"h3":"891951066d3ffff","c":0,"f":0,"cs":1.2,"fs":1.2,"score":0.0,"pct":1,"price":129500,"n":78,"outcode":"L11","apprec":2.06,"value":-0.209}},{"type":"Feature","geometry":{"type":"Polygon","coordinates":[[[-2.91111,53.44754],[-2.91327,53.44654],[-2.91272,53.44481],[-2.91001,53.44409],[-2.90785,53.4451],[-2.9084,53.44682],[-2.91111,53.44754]]]},"properties":{"h3":"891951066d7ffff","c":0,"f":0,"cs":0.7,"fs":1.2,"score":-0.241,"pct":0,"price":132250,"n":76,"outcode":"L11","apprec":2.06,"value":-0.244}},{"type":"Feature","geometry":{"type":"Polygon","coordinates":[[[-2.86541,53.37373],[-2.86757,53.37272],[-2.86702,53.37099],[-2.86431,53.37027],[-2.86215,53.37128],[-2.8627,53.37301],[-2.86541,53.37373]]]},"properties":{"h3":"89195106853ffff","c":0,"f":0,"cs":3.9,"fs":0.0,"score":1.0,"pct":75,"price":290000,"n":121,"outcode":"L25","apprec":1.9,"value":-0.151}},{"type":"Feature","geometry":{"type":"Polygon","coordinates":[[[-2.86215,53.37128],[-2.86431,53.37027],[-2.86377,53.36855],[-2.86106,53.36783],[-2.8589,53.36883],[-2.85945,53.37056],[-2.86215,53.37128]]]},"properties":{"h3":"89195106857ffff","c":0,"f":0,"cs":1.6,"fs":0.0,"score":1.0,"pct":75,"price":285250,"n":130,"outcode":"L25","apprec":1.9,"value":-0.149}},{"type":"Feature","geometry":{"type":"Polygon","coordinates":[[[-2.87027,53.37344],[-2.87243,53.37244],[-2.87189,53.37071],[-2.86918,53.36999],[-2.86702,53.37099],[-2.86757,53.37272],[-2.87027,53.37344]]]},"properties":{"h3":"8919510685bffff","c":0,"f":0,"cs":3.6,"fs":0.0,"score":1.0,"pct":75,"price":228000,"n":111,"outcode":"L25","apprec":1.9,"value":0.013}},{"type":"Feature","geometry":{"type":"Polygon","coordinates":[[[-2.867,53.36308],[-2.86916,53.36207],[-2.86861,53.36035],[-2.86591,53.35963],[-2.86375,53.36063],[-2.86429,53.36236],[-2.867,53.36308]]]},"properties":{"h3":"8919510686bffff","c":0,"f":0,"cs":1.5,"fs":0.1,"score":0.833,"pct":32,"price":291250,"n":44,"outcode":"L25","apprec":1.9,"value":-0.59}},{"type":"Feature","geometry":{"type":"Polygon","coordinates":[[[-2.86375,53.36063],[-2.86591,53.35963],[-2.86536,53.3579],[-2.86266,53.35718],[-2.8605,53.35818],[-2.86104,53.35991],[-2.86375,53.36063]]]},"properties":{"h3":"8919510686fffff","c":0,"f":0,"cs":2.1,"fs":0.6,"score":0.55,"pct":12,"price":235000,"n":73,"outcode":"L25","apprec":1.9,"value":-0.651}},{"type":"Feature","geometry":{"type":"Polygon","coordinates":[[[-2.85892,53.37675],[-2.86108,53.37574],[-2.86054,53.37401],[-2.85783,53.37329],[-2.85567,53.3743],[-2.85622,53.37603],[-2.85892,53.37675]]]},"properties":{"h3":"891951068c3ffff","c":1,"f":0,"cs":1.9,"fs":0.0,"score":1.0,"pct":75,"price":250000,"n":142,"outcode":"L25","apprec":1.9,"value":-0.064}},{"type":"Feature","geometry":{"type":"Polygon","coordinates":[[[-2.86379,53.37646],[-2.86595,53.37546],[-2.86541,53.37373],[-2.8627,53.37301],[-2.86054,53.37401],[-2.86108,53.37574],[-2.86379,53.37646]]]},"properties":{"h3":"891951068cbffff","c":0,"f":0,"cs":4.4,"fs":0.0,"score":1.0,"pct":75,"price":282750,"n":106,"outcode":"L25","apprec":1.9,"value":-0.144}},{"type":"Feature","geometry":{"type":"Polygon","coordinates":[[[-2.86054,53.37401],[-2.8627,53.37301],[-2.86215,53.37128],[-2.85945,53.37056],[-2.85729,53.37157],[-2.85783,53.37329],[-2.86054,53.37401]]]},"properties":{"h3":"891951068cfffff","c":0,"f":0,"cs":2.0,"fs":0.0,"score":1.0,"pct":75,"price":280000,"n":152,"outcode":"L25","apprec":1.9,"value":-0.138}},{"type":"Feature","geometry":{"type":"Polygon","coordinates":[[[-2.86218,53.3792],[-2.86434,53.37819],[-2.86379,53.37646],[-2.86108,53.37574],[-2.85892,53.37675],[-2.85947,53.37847],[-2.86218,53.3792]]]},"properties":{"h3":"891951068dbffff","c":0,"f":0,"cs":1.6,"fs":0.0,"score":1.0,"pct":75,"price":270000,"n":127,"outcode":"L25","apprec":1.9,"value":-0.117}},{"type":"Feature","geometry":{"type":"Polygon","coordinates":[[[-2.82641,53.34435],[-2.82857,53.34334],[-2.82803,53.34162],[-2.82533,53.3409],[-2.82317,53.3419],[-2.82371,53.34363],[-2.82641,53.34435]]]},"properties":{"h3":"89195106923ffff","c":1,"f":0,"cs":1.6,"fs":0.0,"score":1.0,"pct":75,"price":130000,"n":60,"outcode":"L24","apprec":2.27,"value":0.528}},{"type":"Feature","geometry":{"type":"Polygon","coordinates":[[[-2.8248,53.34708],[-2.82696,53.34608],[-2.82641,53.34435],[-2.82371,53.34363],[-2.82155,53.34464],[-2.8221,53.34636],[-2.8248,53.34708]]]},"properties":{"h3":"89195106933ffff","c":1,"f":0,"cs":1.6,"fs":0.0,"score":1.0,"pct":75,"price":130000,"n":31,"outcode":"L24","apprec":2.27,"value":0.528}},{"type":"Feature","geometry":{"type":"Polygon","coordinates":[[[-2.83939,53.34623],[-2.84155,53.34522],[-2.841,53.3435],[-2.8383,53.34277],[-2.83614,53.34378],[-2.83668,53.34551],[-2.83939,53.34623]]]},"properties":{"h3":"89195106963ffff","c":1,"f":0,"cs":1.6,"fs":0.0,"score":1.0,"pct":75,"price":150000,"n":43,"outcode":"L24","apprec":2.27,"value":0.392}},{"type":"Feature","geometry":{"type":"Polygon","coordinates":[[[-2.84264,53.34868],[-2.84479,53.34767],[-2.84425,53.34594],[-2.84155,53.34522],[-2.83939,53.34623],[-2.83993,53.34796],[-2.84264,53.34868]]]},"properties":{"h3":"8919510697bffff","c":1,"f":0,"cs":1.6,"fs":0.0,"score":1.0,"pct":75,"price":145000,"n":15,"outcode":"L24","apprec":2.27,"value":0.421}},{"type":"Feature","geometry":{"type":"Polygon","coordinates":[[[-2.87996,53.35704],[-2.88211,53.35603],[-2.88157,53.3543],[-2.87886,53.35358],[-2.8767,53.35459],[-2.87725,53.35632],[-2.87996,53.35704]]]},"properties":{"h3":"89195106a27ffff","c":0,"f":0,"cs":1.3,"fs":0.6,"score":0.358,"pct":5,"n":0}},{"type":"Feature","geometry":{"type":"Polygon","coordinates":[[[-2.88807,53.3592],[-2.89023,53.35819],[-2.88969,53.35646],[-2.88698,53.35574],[-2.88482,53.35675],[-2.88537,53.35848],[-2.88807,53.3592]]]},"properties":{"h3":"89195106a2bffff","c":1,"f":0,"cs":2.1,"fs":0.1,"score":0.881,"pct":39,"price":238250,"n":40,"outcode":"L19","apprec":1.81,"value":-0.388}},{"type":"Feature","geometry":{"type":"Polygon","coordinates":[[[-2.88482,53.35675],[-2.88698,53.35574],[-2.88643,53.35402],[-2.88373,53.3533],[-2.88157,53.3543],[-2.88211,53.35603],[-2.88482,53.35675]]]},"properties":{"h3":"89195106a2fffff","c":0,"f":0,"cs":2.4,"fs":0.3,"score":0.794,"pct":28,"price":193500,"n":18,"outcode":"L19","apprec":1.81,"value":-0.328}},{"type":"Feature","geometry":{"type":"Polygon","coordinates":[[[-2.90595,53.3687],[-2.90811,53.36769],[-2.90756,53.36597],[-2.90486,53.36525],[-2.9027,53.36625],[-2.90324,53.36798],[-2.90595,53.3687]]]},"properties":{"h3":"89195106a4bffff","c":0,"f":0,"cs":1.6,"fs":0.0,"score":1.0,"pct":75,"price":357500,"n":134,"outcode":"L19","apprec":1.81,"value":-0.214}},{"type":"Feature","geometry":{"type":"Polygon","coordinates":[[[-2.9027,53.36625],[-2.90486,53.36525],[-2.90431,53.36352],[-2.9016,53.3628],[-2.89944,53.36381],[-2.89999,53.36553],[-2.9027,53.36625]]]},"properties":{"h3":"89195106a4fffff","c":0,"f":0,"cs":1.8,"fs":0.0,"score":1.0,"pct":75,"price":306000,"n":156,"outcode":"L19","apprec":1.81,"value":-0.177}},{"type":"Feature","geometry":{"type":"Polygon","coordinates":[[[-2.90434,53.37144],[-2.9065,53.37043],[-2.90595,53.3687],[-2.90324,53.36798],[-2.90108,53.36899],[-2.90163,53.37072],[-2.90434,53.37144]]]},"properties":{"h3":"89195106a5bffff","c":0,"f":0,"cs":1.6,"fs":0.0,"score":1.0,"pct":75,"price":355000,"n":91,"outcode":"L18","apprec":1.78,"value":-0.213}},{"type":"Feature","geometry":{"type":"Polygon","coordinates":[[[-2.89619,53.36136],[-2.89835,53.36035],[-2.8978,53.35862],[-2.8951,53.3579],[-2.89294,53.35891],[-2.89348,53.36064],[-2.89619,53.36136]]]},"properties":{"h3":"89195106a63ffff","c":1,"f":0,"cs":2.8,"fs":0.3,"score":0.825,"pct":30,"price":206500,"n":127,"outcode":"L19","apprec":1.81,"value":-0.353}},{"type":"Feature","geometry":{"type":"Polygon","coordinates":[[[-2.89294,53.35891],[-2.8951,53.3579],[-2.89455,53.35618],[-2.89184,53.35546],[-2.88969,53.35646],[-2.89023,53.35819],[-2.89294,53.35891]]]},"properties":{"h3":"89195106a67ffff","c":1,"f":0,"cs":3.6,"fs":0.7,"score":0.661,"pct":19,"price":192500,"n":101,"outcode":"L19","apprec":1.81,"value":-0.422}},{"type":"Feature","geometry":{"type":"Polygon","coordinates":[[[-2.90106,53.36107],[-2.90322,53.36006],[-2.90267,53.35834],[-2.89996,53.35762],[-2.8978,53.35862],[-2.89835,53.36035],[-2.90106,53.36107]]]},"properties":{"h3":"89195106a6bffff","c":0,"f":0,"cs":2.9,"fs":0.3,"score":0.829,"pct":31,"price":200000,"n":228,"outcode":"L19","apprec":1.81,"value":-0.32}},{"type":"Feature","geometry":{"type":"Polygon","coordinates":[[[-2.8978,53.35862],[-2.89996,53.35762],[-2.89942,53.35589],[-2.89671,53.35517],[-2.89455,53.35618],[-2.8951,53.3579],[-2.8978,53.35862]]]},"properties":{"h3":"89195106a6fffff","c":0,"f":0,"cs":5.3,"fs":1.2,"score":0.625,"pct":16,"price":162000,"n":189,"outcode":"L19","apprec":1.81,"value":-0.294}},{"type":"Feature","geometry":{"type":"Polygon","coordinates":[[[-2.89132,53.36165],[-2.89348,53.36064],[-2.89294,53.35891],[-2.89023,53.35819],[-2.88807,53.3592],[-2.88862,53.36093],[-2.89132,53.36165]]]},"properties":{"h3":"89195106a77ffff","c":0,"f":0,"cs":2.0,"fs":0.1,"score":0.871,"pct":37,"price":235000,"n":78,"outcode":"L19","apprec":1.81,"value":-0.393}},{"type":"Feature","geometry":{"type":"Polygon","coordinates":[[[-2.89944,53.36381],[-2.9016,53.3628],[-2.90106,53.36107],[-2.89835,53.36035],[-2.89619,53.36136],[-2.89674,53.36309],[-2.89944,53.36381]]]},"properties":{"h3":"89195106a7bffff","c":0,"f":0,"cs":2.2,"fs":0.0,"score":1.0,"pct":75,"price":229250,"n":156,"outcode":"L19","apprec":1.81,"value":0.01}},{"type":"Feature","geometry":{"type":"Polygon","coordinates":[[[-2.86534,53.34998],[-2.8675,53.34898],[-2.86695,53.34725],[-2.86425,53.34653],[-2.86209,53.34753],[-2.86263,53.34926],[-2.86534,53.34998]]]},"properties":{"h3":"89195106b03ffff","c":1,"f":0,"cs":3.1,"fs":0.0,"score":1.0,"pct":75,"price":230000,"n":45,"outcode":"L24","apprec":2.27,"value":0.005}},{"type":"Feature","geometry":{"type":"Polygon","coordinates":[[[-2.86209,53.34753],[-2.86425,53.34653],[-2.8637,53.3448],[-2.861,53.34408],[-2.85884,53.34509],[-2.85938,53.34681],[-2.86209,53.34753]]]},"properties":{"h3":"89195106b07ffff","c":0,"f":0,"cs":2.6,"fs":0.0,"score":1.0,"pct":75,"price":198500,"n":64,"outcode":"L24","apprec":2.27,"value":0.13}},{"type":"Feature","geometry":{"type":"Polygon","coordinates":[[[-2.86372,53.35272],[-2.86588,53.35171],[-2.86534,53.34998],[-2.86263,53.34926],[-2.86047,53.35027],[-2.86102,53.352],[-2.86372,53.35272]]]},"properties":{"h3":"89195106b13ffff","c":0,"f":0,"cs":3.3,"fs":0.1,"score":0.921,"pct":44,"n":7}},{"type":"Feature","geometry":{"type":"Polygon","coordinates":[[[-2.86047,53.35027],[-2.86263,53.34926],[-2.86209,53.34753],[-2.85938,53.34681],[-2.85722,53.34782],[-2.85777,53.34955],[-2.86047,53.35027]]]},"properties":{"h3":"89195106b17ffff","c":3,"f":0,"cs":3.7,"fs":0.0,"score":1.0,"pct":75,"price":187500,"n":60,"outcode":"L24","apprec":2.27,"value":0.178}},{"type":"Feature","geometry":{"type":"Polygon","coordinates":[[[-2.86859,53.35243],[-2.87075,53.35142],[-2.8702,53.3497],[-2.8675,53.34898],[-2.86534,53.34998],[-2.86588,53.35171],[-2.86859,53.35243]]]},"properties":{"h3":"89195106b1bffff","c":0,"f":0,"cs":2.0,"fs":0.3,"score":0.764,"pct":26,"n":1}},{"type":"Feature","geometry":{"type":"Polygon","coordinates":[[[-2.86045,53.34235],[-2.86261,53.34134],[-2.86207,53.33962],[-2.85936,53.3389],[-2.8572,53.3399],[-2.85775,53.34163],[-2.86045,53.34235]]]},"properties":{"h3":"89195106b23ffff","c":1,"f":0,"cs":3.4,"fs":0.0,"score":1.0,"pct":75,"price":210000,"n":33,"outcode":"L24","apprec":2.27,"value":0.087}},{"type":"Feature","geometry":{"type":"Polygon","coordinates":[[[-2.8572,53.3399],[-2.85936,53.3389],[-2.85882,53.33717],[-2.85611,53.33645],[-2.85396,53.33746],[-2.8545,53.33918],[-2.8572,53.3399]]]},"properties":{"h3":"89195106b27ffff","c":4,"f":0,"cs":4.6,"fs":0.0,"score":1.0,"pct":75,"price":210000,"n":30,"outcode":"L24","apprec":2.27,"value":0.087}},{"type":"Feature","geometry":{"type":"Polygon","coordinates":[[[-2.86207,53.33962],[-2.86423,53.33861],[-2.86368,53.33688],[-2.86098,53.33616],[-2.85882,53.33717],[-2.85936,53.3389],[-2.86207,53.33962]]]},"properties":{"h3":"89195106b2fffff","c":0,"f":0,"cs":3.2,"fs":0.0,"score":1.0,"pct":75,"n":0}},{"type":"Feature","geometry":{"type":"Polygon","coordinates":[[[-2.85884,53.34509],[-2.861,53.34408],[-2.86045,53.34235],[-2.85775,53.34163],[-2.85559,53.34264],[-2.85613,53.34437],[-2.85884,53.34509]]]},"properties":{"h3":"89195106b33ffff","c":0,"f":0,"cs":1.7,"fs":0.0,"score":1.0,"pct":75,"price":200000,"n":90,"outcode":"L24","apprec":2.27,"value":0.121}},{"type":"Feature","geometry":{"type":"Polygon","coordinates":[[[-2.85559,53.34264],[-2.85775,53.34163],[-2.8572,53.3399],[-2.8545,53.33918],[-2.85234,53.34019],[-2.85289,53.34192],[-2.85559,53.34264]]]},"properties":{"h3":"89195106b37ffff","c":0,"f":0,"cs":3.0,"fs":0.0,"score":1.0,"pct":75,"price":180000,"n":51,"outcode":"L24","apprec":2.27,"value":0.21}},{"type":"Feature","geometry":{"type":"Polygon","coordinates":[[[-2.8637,53.3448],[-2.86586,53.34379],[-2.86532,53.34207],[-2.86261,53.34134],[-2.86045,53.34235],[-2.861,53.34408],[-2.8637,53.3448]]]},"properties":{"h3":"89195106b3bffff","c":0,"f":0,"cs":1.7,"fs":0.0,"score":1.0,"pct":75,"price":230000,"n":42,"outcode":"L24","apprec":2.27,"value":0.005}},{"type":"Feature","geometry":{"type":"Polygon","coordinates":[[[-2.87832,53.35186],[-2.88048,53.35085],[-2.87993,53.34912],[-2.87723,53.3484],[-2.87507,53.34941],[-2.87561,53.35114],[-2.87832,53.35186]]]},"properties":{"h3":"89195106b43ffff","c":1,"f":0,"cs":2.5,"fs":0.6,"score":0.607,"pct":15,"price":110000,"n":17,"outcode":"L19","apprec":1.81,"value":0.033}},{"type":"Feature","geometry":{"type":"Polygon","coordinates":[[[-2.88318,53.35157],[-2.88534,53.35056],[-2.8848,53.34884],[-2.88209,53.34812],[-2.87993,53.34912],[-2.88048,53.35085],[-2.88318,53.35157]]]},"properties":{"h3":"89195106b4bffff","c":1,"f":0,"cs":2.8,"fs":0.1,"score":0.908,"pct":43,"price":165000,"n":47,"outcode":"L19","apprec":1.81,"value":-0.038}},{"type":"Feature","geometry":{"type":"Polygon","coordinates":[[[-2.87993,53.34912],[-2.88209,53.34812],[-2.88154,53.34639],[-2.87884,53.34567],[-2.87668,53.34667],[-2.87723,53.3484],[-2.87993,53.34912]]]},"properties":{"h3":"89195106b4fffff","c":0,"f":0,"cs":1.5,"fs":0.1,"score":0.833,"pct":32,"price":110000,"n":17,"outcode":"L19","apprec":1.81,"value":0.21}},{"type":"Feature","geometry":{"type":"Polygon","coordinates":[[[-2.8767,53.35459],[-2.87886,53.35358],[-2.87832,53.35186],[-2.87561,53.35114],[-2.87345,53.35214],[-2.874,53.35387],[-2.8767,53.35459]]]},"properties":{"h3":"89195106b53ffff","c":0,"f":1,"cs":2.1,"fs":1.0,"score":0.353,"pct":4,"n":0}},{"type":"Feature","geometry":{"type":"Polygon","coordinates":[[[-2.87345,53.35214],[-2.87561,53.35114],[-2.87507,53.34941],[-2.87236,53.34869],[-2.8702,53.3497],[-2.87075,53.35142],[-2.87345,53.35214]]]},"properties":{"h3":"89195106b57ffff","c":0,"f":0,"cs":1.6,"fs":0.6,"score":0.455,"pct":8,"n":0}},{"type":"Feature","geometry":{"type":"Polygon","coordinates":[[[-2.88157,53.3543],[-2.88373,53.3533],[-2.88318,53.35157],[-2.88048,53.35085],[-2.87832,53.35186],[-2.87886,53.35358],[-2.88157,53.3543]]]},"properties":{"h3":"89195106b5bffff","c":1,"f":0,"cs":3.1,"fs":0.6,"score":0.672,"pct":20,"price":116500,"n":26,"outcode":"L19","apprec":1.81,"value":0.048}},{"type":"Feature","geometry":{"type":"Polygon","coordinates":[[[-2.86211,53.35545],[-2.86427,53.35444],[-2.86372,53.35272],[-2.86102,53.352],[-2.85886,53.353],[-2.85941,53.35473],[-2.86211,53.35545]]]},"properties":{"h3":"89195106b8bffff","c":1,"f":0,"cs":2.6,"fs":0.6,"score":0.616,"pct":15,"price":170000,"n":86,"outcode":"L24","apprec":2.27,"value":-0.347}},{"type":"Feature","geometry":{"type":"Polygon","coordinates":[[[-2.85886,53.353],[-2.86102,53.352],[-2.86047,53.35027],[-2.85777,53.34955],[-2.85561,53.35055],[-2.85616,53.35228],[-2.85886,53.353]]]},"properties":{"h3":"89195106b8fffff","c":0,"f":0,"cs":2.7,"fs":0.1,"score":0.904,"pct":42,"price":136000,"n":62,"outcode":"L24","apprec":2.27,"value":0.149}},{"type":"Feature","geometry":{"type":"Polygon","coordinates":[[[-2.8605,53.35818],[-2.86266,53.35718],[-2.86211,53.35545],[-2.85941,53.35473],[-2.85725,53.35574],[-2.85779,53.35746],[-2.8605,53.35818]]]},"properties":{"h3":"89195106b9bffff","c":0,"f":0,"cs":1.6,"fs":0.6,"score":0.455,"pct":8,"price":176500,"n":123,"outcode":"L24","apprec":2.27,"value":-0.445}},{"type":"Feature","geometry":{"type":"Polygon","coordinates":[[[-2.85722,53.34782],[-2.85938,53.34681],[-2.85884,53.34509],[-2.85613,53.34437],[-2.85398,53.34537],[-2.85452,53.3471],[-2.85722,53.34782]]]},"properties":{"h3":"89195106babffff","c":0,"f":0,"cs":2.1,"fs":0.0,"score":1.0,"pct":75,"price":172000,"n":86,"outcode":"L24","apprec":2.27,"value":0.251}},{"type":"Feature","geometry":{"type":"Polygon","coordinates":[[[-2.85561,53.35055],[-2.85777,53.34955],[-2.85722,53.34782],[-2.85452,53.3471],[-2.85236,53.34811],[-2.85291,53.34983],[-2.85561,53.35055]]]},"properties":{"h3":"89195106bbbffff","c":0,"f":0,"cs":2.1,"fs":0.0,"score":1.0,"pct":75,"price":139250,"n":40,"outcode":"L24","apprec":2.27,"value":0.47}},{"type":"Feature","geometry":{"type":"Polygon","coordinates":[[[-2.87023,53.35761],[-2.87238,53.35661],[-2.87184,53.35488],[-2.86913,53.35416],[-2.86697,53.35516],[-2.86752,53.35689],[-2.87023,53.35761]]]},"properties":{"h3":"89195106bc3ffff","c":0,"f":0,"cs":2.6,"fs":0.7,"score":0.551,"pct":12,"n":2}},{"type":"Feature","geometry":{"type":"Polygon","coordinates":[[[-2.86697,53.35516],[-2.86913,53.35416],[-2.86859,53.35243],[-2.86588,53.35171],[-2.86372,53.35272],[-2.86427,53.35444],[-2.86697,53.35516]]]},"properties":{"h3":"89195106bc7ffff","c":0,"f":0,"cs":2.6,"fs":0.7,"score":0.56,"pct":13,"n":2}},{"type":"Feature","geometry":{"type":"Polygon","coordinates":[[[-2.87509,53.35733],[-2.87725,53.35632],[-2.8767,53.35459],[-2.874,53.35387],[-2.87184,53.35488],[-2.87238,53.35661],[-2.87509,53.35733]]]},"properties":{"h3":"89195106bcbffff","c":0,"f":0,"cs":1.3,"fs":0.7,"score":0.267,"pct":3,"n":0}},{"type":"Feature","geometry":{"type":"Polygon","coordinates":[[[-2.87184,53.35488],[-2.874,53.35387],[-2.87345,53.35214],[-2.87075,53.35142],[-2.86859,53.35243],[-2.86913,53.35416],[-2.87184,53.35488]]]},"properties":{"h3":"89195106bcfffff","c":1,"f":0,"cs":1.9,"fs":0.7,"score":0.448,"pct":7,"n":0}},{"type":"Feature","geometry":{"type":"Polygon","coordinates":[[[-2.86861,53.36035],[-2.87077,53.35934],[-2.87023,53.35761],[-2.86752,53.35689],[-2.86536,53.3579],[-2.86591,53.35963],[-2.86861,53.36035]]]},"properties":{"h3":"89195106bd3ffff","c":2,"f":0,"cs":2.9,"fs":0.6,"score":0.652,"pct":18,"price":246500,"n":16,"outcode":"L25","apprec":1.9,"value":-0.628}},{"type":"Feature","geometry":{"type":"Polygon","coordinates":[[[-2.86536,53.3579],[-2.86752,53.35689],[-2.86697,53.35516],[-2.86427,53.35444],[-2.86211,53.35545],[-2.86266,53.35718],[-2.86536,53.3579]]]},"properties":{"h3":"89195106bd7ffff","c":1,"f":1,"cs":3.0,"fs":1.0,"score":0.494,"pct":10,"price":207500,"n":46,"outcode":"L25","apprec":1.9,"value":-0.568}},{"type":"Feature","geometry":{"type":"Polygon","coordinates":[[[-2.87348,53.36006],[-2.87564,53.35905],[-2.87509,53.35733],[-2.87238,53.35661],[-2.87023,53.35761],[-2.87077,53.35934],[-2.87348,53.36006]]]},"properties":{"h3":"89195106bdbffff","c":0,"f":0,"cs":1.5,"fs":0.3,"score":0.691,"pct":21,"n":0}},{"type":"Feature","geometry":{"type":"Polygon","coordinates":[[[-2.85572,53.39013],[-2.85788,53.38912],[-2.85733,53.38739],[-2.85462,53.38667],[-2.85246,53.38768],[-2.85301,53.38941],[-2.85572,53.39013]]]},"properties":{"h3":"89195106c43ffff","c":0,"f":0,"cs":2.6,"fs":1.2,"score":0.357,"pct":5,"price":175000,"n":73,"outcode":"L25","apprec":1.9,"value":-0.47}},{"type":"Feature","geometry":{"type":"Polygon","coordinates":[[[-2.86058,53.38984],[-2.86274,53.38884],[-2.8622,53.38711],[-2.85949,53.38639],[-2.85733,53.38739],[-2.85788,53.38912],[-2.86058,53.38984]]]},"properties":{"h3":"89195106c4bffff","c":0,"f":0,"cs":2.2,"fs":0.7,"score":0.5,"pct":10,"price":235000,"n":103,"outcode":"L25","apprec":1.9,"value":-0.674}},{"type":"Feature","geometry":{"type":"Polygon","coordinates":[[[-2.8541,53.39286],[-2.85626,53.39185],[-2.85572,53.39013],[-2.85301,53.38941],[-2.85085,53.39041],[-2.85139,53.39214],[-2.8541,53.39286]]]},"properties":{"h3":"89195106c53ffff","c":1,"f":0,"cs":3.1,"fs":1.2,"score":0.436,"pct":7,"price":177000,"n":67,"outcode":"L27","value":-0.459}},{"type":"Feature","geometry":{"type":"Polygon","coordinates":[[[-2.85085,53.39041],[-2.85301,53.38941],[-2.85246,53.38768],[-2.84976,53.38696],[-2.8476,53.38796],[-2.84814,53.38969],[-2.85085,53.39041]]]},"properties":{"h3":"89195106c57ffff","c":0,"f":1,"cs":1.1,"fs":1.1,"score":0.005,"pct":1,"price":169000,"n":50,"outcode":"L25","apprec":1.9,"value":-0.482}},{"type":"Feature","geometry":{"type":"Polygon","coordinates":[[[-2.85897,53.39257],[-2.86113,53.39157],[-2.86058,53.38984],[-2.85788,53.38912],[-2.85572,53.39013],[-2.85626,53.39185],[-2.85897,53.39257]]]},"properties":{"h3":"89195106c5bffff","c":3,"f":1,"cs":4.2,"fs":1.1,"score":0.575,"pct":13,"price":187000,"n":75,"outcode":"L25","apprec":1.9,"value":-0.448}},{"type":"Feature","geometry":{"type":"Polygon","coordinates":[[[-2.85248,53.39559],[-2.85465,53.39459],[-2.8541,53.39286],[-2.85139,53.39214],[-2.84923,53.39314],[-2.84978,53.39487],[-2.85248,53.39559]]]},"properties":{"h3":"89195106ccbffff","c":0,"f":0,"cs":1.3,"fs":0.3,"score":0.652,"pct":18,"price":180000,"n":54,"outcode":"L27","value":-0.369}},{"type":"Feature","geometry":{"type":"Polygon","coordinates":[[[-2.84923,53.39314],[-2.85139,53.39214],[-2.85085,53.39041],[-2.84814,53.38969],[-2.84598,53.3907],[-2.84653,53.39242],[-2.84923,53.39314]]]},"properties":{"h3":"89195106ccfffff","c":0,"f":0,"cs":1.6,"fs":0.7,"score":0.372,"pct":5,"price":165000,"n":35,"outcode":"L27","value":-0.418}},{"type":"Feature","geometry":{"type":"Polygon","coordinates":[[[-2.81674,53.36866],[-2.8189,53.36766],[-2.81835,53.36593],[-2.81565,53.36521],[-2.81349,53.36621],[-2.81403,53.36794],[-2.81674,53.36866]]]},"properties":{"h3":"89195106d07ffff","c":1,"f":0,"cs":1.6,"fs":0.0,"score":1.0,"pct":75,"price":381997,"n":234,"outcode":"L26","apprec":1.9,"value":-0.225}},{"type":"Feature","geometry":{"type":"Polygon","coordinates":[[[-2.8216,53.36838],[-2.82376,53.36737],[-2.82322,53.36565],[-2.82051,53.36492],[-2.81835,53.36593],[-2.8189,53.36766],[-2.8216,53.36838]]]},"properties":{"h3":"89195106d0fffff","c":1,"f":0,"cs":1.6,"fs":0.0,"score":1.0,"pct":75,"price":341997,"n":292,"outcode":"L26","apprec":1.9,"value":-0.206}},{"type":"Feature","geometry":{"type":"Polygon","coordinates":[[[-2.87191,53.37862],[-2.87407,53.37762],[-2.87352,53.37589],[-2.87082,53.37517],[-2.86866,53.37618],[-2.8692,53.3779],[-2.87191,53.37862]]]},"properties":{"h3":"89195106e23ffff","c":0,"f":0,"cs":3.6,"fs":0.0,"score":1.0,"pct":75,"price":250000,"n":133,"outcode":"L25","apprec":1.9,"value":-0.064}},{"type":"Feature","geometry":{"type":"Polygon","coordinates":[[[-2.86866,53.37618],[-2.87082,53.37517],[-2.87027,53.37344],[-2.86757,53.37272],[-2.86541,53.37373],[-2.86595,53.37546],[-2.86866,53.37618]]]},"properties":{"h3":"89195106e27ffff","c":6,"f":0,"cs":6.1,"fs":0.0,"score":1.0,"pct":75,"price":270000,"n":91,"outcode":"L25","apprec":1.9,"value":-0.117}},{"type":"Feature","geometry":{"type":"Polygon","coordinates":[[[-2.87352,53.37589],[-2.87568,53.37488],[-2.87514,53.37316],[-2.87243,53.37244],[-2.87027,53.37344],[-2.87082,53.37517],[-2.87352,53.37589]]]},"properties":{"h3":"89195106e2fffff","c":0,"f":0,"cs":3.6,"fs":0.0,"score":1.0,"pct":75,"price":223000,"n":135,"outcode":"L25","apprec":1.9,"value":0.036}},{"type":"Feature","geometry":{"type":"Polygon","coordinates":[[[-2.86704,53.37891],[-2.8692,53.3779],[-2.86866,53.37618],[-2.86595,53.37546],[-2.86379,53.37646],[-2.86434,53.37819],[-2.86704,53.37891]]]},"properties":{"h3":"89195106e37ffff","c":0,"f":0,"cs":3.9,"fs":0.0,"score":1.0,"pct":75,"price":335000,"n":96,"outcode":"L25","apprec":1.9,"value":-0.201}},{"type":"Feature","geometry":{"type":"Polygon","coordinates":[[[-2.86709,53.39474],[-2.86925,53.39373],[-2.8687,53.392],[-2.866,53.39128],[-2.86383,53.39229],[-2.86438,53.39402],[-2.86709,53.39474]]]},"properties":{"h3":"89195106e93ffff","c":0,"f":0,"cs":1.8,"fs":0.1,"score":0.857,"pct":35,"price":214000,"n":96,"outcode":"L25","apprec":1.9,"value":-0.328}},{"type":"Feature","geometry":{"type":"Polygon","coordinates":[[[-2.86383,53.39229],[-2.866,53.39128],[-2.86545,53.38956],[-2.86274,53.38884],[-2.86058,53.38984],[-2.86113,53.39157],[-2.86383,53.39229]]]},"properties":{"h3":"89195106e97ffff","c":0,"f":0,"cs":2.7,"fs":0.6,"score":0.633,"pct":17,"price":230000,"n":89,"outcode":"L25","apprec":1.9,"value":-0.589}},{"type":"Feature","geometry":{"type":"Polygon","coordinates":[[[-2.86543,53.38164],[-2.86759,53.38064],[-2.86704,53.37891],[-2.86434,53.37819],[-2.86218,53.3792],[-2.86272,53.38092],[-2.86543,53.38164]]]},"properties":{"h3":"89195106eafffff","c":0,"f":0,"cs":1.6,"fs":0.0,"score":1.0,"pct":75,"price":312500,"n":120,"outcode":"L25","apprec":1.9,"value":-0.183}},{"type":"Feature","geometry":{"type":"Polygon","coordinates":[[[-2.98419,53.43531],[-2.98635,53.43431],[-2.9858,53.43258],[-2.98309,53.43186],[-2.98093,53.43287],[-2.98148,53.4346],[-2.98419,53.43531]]]},"properties":{"h3":"8919510700bffff","c":0,"f":1,"cs":1.0,"fs":1.0,"score":0.006,"pct":1,"price":102750,"n":94,"outcode":"L4","apprec":2.18,"value":-0.072}},{"type":"Feature","geometry":{"type":"Polygon","coordinates":[[[-2.98093,53.43287],[-2.98309,53.43186],[-2.98254,53.43013],[-2.97983,53.42942],[-2.97767,53.43042],[-2.97822,53.43215],[-2.98093,53.43287]]]},"properties":{"h3":"8919510700fffff","c":0,"f":0,"cs":1.0,"fs":0.6,"score":0.251,"pct":2,"price":140000,"n":142,"outcode":"L5","apprec":1.87,"value":-0.273}},{"type":"Feature","geometry":{"type":"Polygon","coordinates":[[[-2.9777,53.43834],[-2.97987,53.43733],[-2.97932,53.4356],[-2.9766,53.43488],[-2.97444,53.43589],[-2.97499,53.43762],[-2.9777,53.43834]]]},"properties":{"h3":"89195107013ffff","c":0,"f":0,"cs":1.9,"fs":0.3,"score":0.749,"pct":25,"price":102000,"n":92,"outcode":"L4","apprec":2.18,"value":0.169}},{"type":"Feature","geometry":{"type":"Polygon","coordinates":[[[-2.97444,53.43589],[-2.9766,53.43488],[-2.97605,53.43316],[-2.97334,53.43244],[-2.97118,53.43345],[-2.97173,53.43517],[-2.97444,53.43589]]]},"properties":{"h3":"89195107017ffff","c":0,"f":0,"cs":2.2,"fs":0.3,"score":0.783,"pct":28,"price":121000,"n":94,"outcode":"L4","apprec":2.18,"value":0.106}},{"type":"Feature","geometry":{"type":"Polygon","coordinates":[[[-2.98258,53.43805],[-2.98474,53.43704],[-2.98419,53.43531],[-2.98148,53.4346],[-2.97932,53.4356],[-2.97987,53.43733],[-2.98258,53.43805]]]},"properties":{"h3":"8919510701bffff","c":0,"f":0,"cs":1.1,"fs":0.6,"score":0.309,"pct":3,"price":106000,"n":61,"outcode":"L4","apprec":2.18,"value":-0.056}},{"type":"Feature","geometry":{"type":"Polygon","coordinates":[[[-2.9744,53.42798],[-2.97656,53.42697],[-2.97601,53.42525],[-2.9733,53.42453],[-2.97114,53.42553],[-2.97169,53.42726],[-2.9744,53.42798]]]},"properties":{"h3":"89195107023ffff","c":0,"f":0,"cs":2.4,"fs":0.1,"score":0.894,"pct":40,"price":86000,"n":53,"outcode":"L5","apprec":1.87,"value":0.386}},{"type":"Feature","geometry":{"type":"Polygon","coordinates":[[[-2.97114,53.42553],[-2.9733,53.42453],[-2.97275,53.4228],[-2.97004,53.42208],[-2.96788,53.42309],[-2.96843,53.42482],[-2.97114,53.42553]]]},"properties":{"h3":"89195107027ffff","c":0,"f":0,"cs":1.5,"fs":0.1,"score":0.833,"pct":32,"price":100000,"n":63,"outcode":"L5","apprec":1.87,"value":0.248}},{"type":"Feature","geometry":{"type":"Polygon","coordinates":[[[-2.97928,53.42769],[-2.98144,53.42668],[-2.98089,53.42496],[-2.97818,53.42424],[-2.97601,53.42525],[-2.97656,53.42697],[-2.97928,53.42769]]]},"properties":{"h3":"8919510702bffff","c":2,"f":0,"cs":2.4,"fs":0.6,"score":0.597,"pct":14,"price":140997,"n":80,"outcode":"L5","apprec":1.87,"value":-0.176}},{"type":"Feature","geometry":{"type":"Polygon","coordinates":[[[-2.97601,53.42525],[-2.97818,53.42424],[-2.97763,53.42251],[-2.97491,53.42179],[-2.97275,53.4228],[-2.9733,53.42453],[-2.97601,53.42525]]]},"properties":{"h3":"8919510702fffff","c":0,"f":0,"cs":1.5,"fs":0.6,"score":0.42,"pct":6,"price":96000,"n":42,"outcode":"L5","apprec":1.87,"value":0.009}},{"type":"Feature","geometry":{"type":"Polygon","coordinates":[[[-2.97279,53.43071],[-2.97495,53.42971],[-2.9744,53.42798],[-2.97169,53.42726],[-2.96953,53.42827],[-2.97008,53.42999],[-2.97279,53.43071]]]},"properties":{"h3":"89195107033ffff","c":0,"f":0,"cs":2.0,"fs":0.0,"score":1.0,"pct":75,"price":121625,"n":70,"outcode":"L5","apprec":1.87,"value":0.581}},{"type":"Feature","geometry":{"type":"Polygon","coordinates":[[[-2.96953,53.42827],[-2.97169,53.42726],[-2.97114,53.42553],[-2.96843,53.42482],[-2.96627,53.42582],[-2.96682,53.42755],[-2.96953,53.42827]]]},"properties":{"h3":"89195107037ffff","c":2,"f":0,"cs":3.1,"fs":0.0,"score":1.0,"pct":75,"price":155000,"n":41,"outcode":"L5","apprec":1.87,"value":0.352}},{"type":"Feature","geometry":{"type":"Polygon","coordinates":[[[-2.97767,53.43042],[-2.97983,53.42942],[-2.97928,53.42769],[-2.97656,53.42697],[-2.9744,53.42798],[-2.97495,53.42971],[-2.97767,53.43042]]]},"properties":{"h3":"8919510703bffff","c":0,"f":0,"cs":1.6,"fs":0.3,"score":0.714,"pct":23,"price":160000,"n":105,"outcode":"L5","apprec":1.87,"value":-0.211}},{"type":"Feature","geometry":{"type":"Polygon","coordinates":[[[-2.99233,53.43747],[-2.99449,53.43646],[-2.99394,53.43473],[-2.99123,53.43402],[-2.98907,53.43502],[-2.98962,53.43675],[-2.99233,53.43747]]]},"properties":{"h3":"89195107043ffff","c":0,"f":0,"cs":1.8,"fs":0.1,"score":0.857,"pct":35,"price":72000,"n":9,"outcode":"L5","apprec":1.87,"value":0.349}},{"type":"Feature","geometry":{"type":"Polygon","coordinates":[[[-2.98907,53.43502],[-2.99123,53.43402],[-2.99068,53.43229],[-2.98796,53.43157],[-2.9858,53.43258],[-2.98635,53.43431],[-2.98907,53.43502]]]},"properties":{"h3":"89195107047ffff","c":0,"f":0,"cs":1.6,"fs":0.6,"score":0.455,"pct":8,"price":80000,"n":47,"outcode":"L5","apprec":1.87,"value":0.073}},{"type":"Feature","geometry":{"type":"Polygon","coordinates":[[[-2.99394,53.43473],[-2.9961,53.43373],[-2.99555,53.432],[-2.99284,53.43128],[-2.99068,53.43229],[-2.99123,53.43402],[-2.99394,53.43473]]]},"properties":{"h3":"8919510704fffff","c":0,"f":0,"cs":1.5,"fs":0.1,"score":0.833,"pct":32,"price":69500,"n":8,"outcode":"L5","apprec":1.87,"value":0.317}},{"type":"Feature","geometry":{"type":"Polygon","coordinates":[[[-2.99072,53.4402],[-2.99288,53.43919],[-2.99233,53.43747],[-2.98962,53.43675],[-2.98745,53.43776],[-2.988,53.43948],[-2.99072,53.4402]]]},"properties":{"h3":"89195107053ffff","c":1,"f":0,"cs":2.1,"fs":0.3,"score":0.776,"pct":27,"price":111000,"n":24,"outcode":"L20","apprec":1.6,"value":0.151}},{"type":"Feature","geometry":{"type":"Polygon","coordinates":[[[-2.98745,53.43776],[-2.98962,53.43675],[-2.98907,53.43502],[-2.98635,53.43431],[-2.98419,53.43531],[-2.98474,53.43704],[-2.98745,53.43776]]]},"properties":{"h3":"89195107057ffff","c":0,"f":0,"cs":1.6,"fs":0.6,"score":0.455,"pct":8,"price":85400,"n":38,"outcode":"L4","apprec":2.18,"value":0.063}},{"type":"Feature","geometry":{"type":"Polygon","coordinates":[[[-2.99559,53.43991],[-2.99776,53.4389],[-2.99721,53.43718],[-2.99449,53.43646],[-2.99233,53.43747],[-2.99288,53.43919],[-2.99559,53.43991]]]},"properties":{"h3":"8919510705bffff","c":0,"f":0,"cs":2.2,"fs":0.0,"score":1.0,"pct":75,"n":3}},{"type":"Feature","geometry":{"type":"Polygon","coordinates":[[[-2.98741,53.42985],[-2.98958,53.42884],[-2.98903,53.42711],[-2.98631,53.42639],[-2.98415,53.4274],[-2.9847,53.42913],[-2.98741,53.42985]]]},"properties":{"h3":"89195107063ffff","c":0,"f":0,"cs":1.5,"fs":0.3,"score":0.691,"pct":21,"price":131600,"n":108,"outcode":"L5","apprec":1.87,"value":-0.031}},{"type":"Feature","geometry":{"type":"Polygon","coordinates":[[[-2.98415,53.4274],[-2.98631,53.42639],[-2.98576,53.42467],[-2.98305,53.42395],[-2.98089,53.42496],[-2.98144,53.42668],[-2.98415,53.4274]]]},"properties":{"h3":"89195107067ffff","c":0,"f":0,"cs":1.5,"fs":0.6,"score":0.42,"pct":6,"price":145500,"n":92,"outcode":"L5","apprec":1.87,"value":-0.276}},{"type":"Feature","geometry":{"type":"Polygon","coordinates":[[[-2.9858,53.43258],[-2.98796,53.43157],[-2.98741,53.42985],[-2.9847,53.42913],[-2.98254,53.43013],[-2.98309,53.43186],[-2.9858,53.43258]]]},"properties":{"h3":"89195107073ffff","c":1,"f":0,"cs":1.9,"fs":0.6,"score":0.512,"pct":10,"price":134972,"n":156,"outcode":"L5","apprec":1.87,"value":-0.16}},{"type":"Feature","geometry":{"type":"Polygon","coordinates":[[[-2.98254,53.43013],[-2.9847,53.42913],[-2.98415,53.4274],[-2.98144,53.42668],[-2.97928,53.42769],[-2.97983,53.42942],[-2.98254,53.43013]]]},"properties":{"h3":"89195107077ffff","c":0,"f":0,"cs":2.0,"fs":0.3,"score":0.757,"pct":26,"price":142000,"n":151,"outcode":"L5","apprec":1.87,"value":-0.058}},{"type":"Feature","geometry":{"type":"Polygon","coordinates":[[[-2.99068,53.43229],[-2.99284,53.43128],[-2.99229,53.42956],[-2.98958,53.42884],[-2.98741,53.42985],[-2.98796,53.43157],[-2.99068,53.43229]]]},"properties":{"h3":"8919510707bffff","c":1,"f":0,"cs":1.7,"fs":0.1,"score":0.856,"pct":35,"price":102995,"n":77,"outcode":"L5","apprec":1.87,"value":0.268}},{"type":"Feature","geometry":{"type":"Polygon","coordinates":[[[-2.97122,53.44136],[-2.97338,53.44035],[-2.97283,53.43863],[-2.97012,53.43791],[-2.96795,53.43891],[-2.9685,53.44064],[-2.97122,53.44136]]]},"properties":{"h3":"89195107083ffff","c":2,"f":1,"cs":4.4,"fs":1.6,"score":0.462,"pct":9,"price":93000,"n":173,"outcode":"L4","apprec":2.18,"value":0.048}},{"type":"Feature","geometry":{"type":"Polygon","coordinates":[[[-2.96795,53.43891],[-2.97012,53.43791],[-2.96957,53.43618],[-2.96685,53.43546],[-2.96469,53.43647],[-2.96524,53.4382],[-2.96795,53.43891]]]},"properties":{"h3":"89195107087ffff","c":0,"f":0,"cs":3.4,"fs":0.7,"score":0.645,"pct":17,"price":96000,"n":107,"outcode":"L4","apprec":2.18,"value":0.114}},{"type":"Feature","geometry":{"type":"Polygon","coordinates":[[[-2.97609,53.44107],[-2.97825,53.44006],[-2.9777,53.43834],[-2.97499,53.43762],[-2.97283,53.43863],[-2.97338,53.44035],[-2.97609,53.44107]]]},"properties":{"h3":"8919510708bffff","c":0,"f":0,"cs":3.4,"fs":0.7,"score":0.645,"pct":17,"price":101950,"n":147,"outcode":"L4","apprec":2.18,"value":0.09}},{"type":"Feature","geometry":{"type":"Polygon","coordinates":[[[-2.97283,53.43863],[-2.97499,53.43762],[-2.97444,53.43589],[-2.97173,53.43517],[-2.96957,53.43618],[-2.97012,53.43791],[-2.97283,53.43863]]]},"properties":{"h3":"8919510708fffff","c":2,"f":0,"cs":4.1,"fs":0.7,"score":0.693,"pct":22,"price":100000,"n":128,"outcode":"L4","apprec":2.18,"value":0.142}},{"type":"Feature","geometry":{"type":"Polygon","coordinates":[[[-2.9696,53.44409],[-2.97177,53.44309],[-2.97122,53.44136],[-2.9685,53.44064],[-2.96634,53.44165],[-2.96689,53.44337],[-2.9696,53.44409]]]},"properties":{"h3":"89195107093ffff","c":0,"f":1,"cs":4.2,"fs":1.6,"score":0.445,"pct":7,"price":96000,"n":251,"outcode":"L4","apprec":2.18,"value":0.018}},{"type":"Feature","geometry":{"type":"Polygon","coordinates":[[[-2.96634,53.44165],[-2.9685,53.44064],[-2.96795,53.43891],[-2.96524,53.4382],[-2.96308,53.4392],[-2.96363,53.44093],[-2.96634,53.44165]]]},"properties":{"h3":"89195107097ffff","c":0,"f":0,"cs":2.4,"fs":1.2,"score":0.334,"pct":4,"price":90000,"n":166,"outcode":"L4","apprec":2.18,"value":0.014}},{"type":"Feature","geometry":{"type":"Polygon","coordinates":[[[-2.97448,53.4438],[-2.97664,53.4428],[-2.97609,53.44107],[-2.97338,53.44035],[-2.97122,53.44136],[-2.97177,53.44309],[-2.97448,53.4438]]]},"properties":{"h3":"8919510709bffff","c":1,"f":0,"cs":3.0,"fs":1.2,"score":0.428,"pct":7,"price":97500,"n":218,"outcode":"L4","apprec":2.18,"value":0.006}},{"type":"Feature","geometry":{"type":"Polygon","coordinates":[[[-2.9663,53.43374],[-2.96847,53.43273],[-2.96792,53.431],[-2.9652,53.43028],[-2.96304,53.43129],[-2.96359,53.43302],[-2.9663,53.43374]]]},"properties":{"h3":"891951070a3ffff","c":1,"f":0,"cs":3.9,"fs":0.0,"score":1.0,"pct":75,"price":126500,"n":85,"outcode":"L4","apprec":2.18,"value":0.552}},{"type":"Feature","geometry":{"type":"Polygon","coordinates":[[[-2.96304,53.43129],[-2.9652,53.43028],[-2.96465,53.42856],[-2.96194,53.42784],[-2.95978,53.42885],[-2.96033,53.43057],[-2.96304,53.43129]]]},"properties":{"h3":"891951070a7ffff","c":2,"f":0,"cs":5.6,"fs":0.0,"score":1.0,"pct":75,"price":132995,"n":119,"outcode":"L4","apprec":2.18,"value":0.504}},{"type":"Feature","geometry":{"type":"Polygon","coordinates":[[[-2.97118,53.43345],[-2.97334,53.43244],[-2.97279,53.43071],[-2.97008,53.42999],[-2.96792,53.431],[-2.96847,53.43273],[-2.97118,53.43345]]]},"properties":{"h3":"891951070abffff","c":0,"f":0,"cs":2.0,"fs":0.0,"score":1.0,"pct":75,"price":125000,"n":115,"outcode":"L4","apprec":2.18,"value":0.562}},{"type":"Feature","geometry":{"type":"Polygon","coordinates":[[[-2.96792,53.431],[-2.97008,53.42999],[-2.96953,53.42827],[-2.96682,53.42755],[-2.96465,53.42856],[-2.9652,53.43028],[-2.96792,53.431]]]},"properties":{"h3":"891951070afffff","c":0,"f":0,"cs":3.6,"fs":0.0,"score":1.0,"pct":75,"price":130000,"n":85,"outcode":"L4","apprec":2.18,"value":0.528}},{"type":"Feature","geometry":{"type":"Polygon","coordinates":[[[-2.96469,53.43647],[-2.96685,53.43546],[-2.9663,53.43374],[-2.96359,53.43302],[-2.96143,53.43402],[-2.96198,53.43575],[-2.96469,53.43647]]]},"properties":{"h3":"891951070b3ffff","c":0,"f":0,"cs":2.6,"fs":0.1,"score":0.902,"pct":41,"price":109000,"n":60,"outcode":"L4","apprec":2.18,"value":0.316}},{"type":"Feature","geometry":{"type":"Polygon","coordinates":[[[-2.96143,53.43402],[-2.96359,53.43302],[-2.96304,53.43129],[-2.96033,53.43057],[-2.95817,53.43158],[-2.95872,53.43331],[-2.96143,53.43402]]]},"properties":{"h3":"891951070b7ffff","c":0,"f":0,"cs":3.2,"fs":0.0,"score":1.0,"pct":75,"price":118975,"n":82,"outcode":"L4","apprec":2.18,"value":0.603}},{"type":"Feature","geometry":{"type":"Polygon","coordinates":[[[-2.96957,53.43618],[-2.97173,53.43517],[-2.97118,53.43345],[-2.96847,53.43273],[-2.9663,53.43374],[-2.96685,53.43546],[-2.96957,53.43618]]]},"properties":{"h3":"891951070bbffff","c":1,"f":0,"cs":3.5,"fs":0.1,"score":0.925,"pct":45,"price":118000,"n":85,"outcode":"L4","apprec":2.18,"value":0.304}},{"type":"Feature","geometry":{"type":"Polygon","coordinates":[[[-2.98423,53.44323],[-2.98639,53.44222],[-2.98584,53.44049],[-2.98313,53.43977],[-2.98097,53.44078],[-2.98152,53.44251],[-2.98423,53.44323]]]},"properties":{"h3":"891951070c3ffff","c":0,"f":0,"cs":2.8,"fs":0.6,"score":0.647,"pct":17,"price":105000,"n":96,"outcode":"L20","apprec":1.6,"value":0.083}},{"type":"Feature","geometry":{"type":"Polygon","coordinates":[[[-2.98097,53.44078],[-2.98313,53.43977],[-2.98258,53.43805],[-2.97987,53.43733],[-2.9777,53.43834],[-2.97825,53.44006],[-2.98097,53.44078]]]},"properties":{"h3":"891951070c7ffff","c":0,"f":0,"cs":1.8,"fs":0.4,"score":0.636,"pct":17,"price":95000,"n":94,"outcode":"L4","apprec":2.18,"value":0.122}},{"type":"Feature","geometry":{"type":"Polygon","coordinates":[[[-2.98911,53.44294],[-2.99127,53.44193],[-2.99072,53.4402],[-2.988,53.43948],[-2.98584,53.44049],[-2.98639,53.44222],[-2.98911,53.44294]]]},"properties":{"h3":"891951070cbffff","c":0,"f":0,"cs":3.0,"fs":0.6,"score":0.661,"pct":19,"price":118000,"n":74,"outcode":"L20","apprec":1.6,"value":0.035}},{"type":"Feature","geometry":{"type":"Polygon","coordinates":[[[-2.98584,53.44049],[-2.988,53.43948],[-2.98745,53.43776],[-2.98474,53.43704],[-2.98258,53.43805],[-2.98313,53.43977],[-2.98584,53.44049]]]},"properties":{"h3":"891951070cfffff","c":1,"f":0,"cs":2.0,"fs":0.3,"score":0.763,"pct":26,"price":101950,"n":53,"outcode":"L20","apprec":1.6,"value":0.184}},{"type":"Feature","geometry":{"type":"Polygon","coordinates":[[[-2.98262,53.44596],[-2.98478,53.44495],[-2.98423,53.44323],[-2.98152,53.44251],[-2.97935,53.44352],[-2.9799,53.44524],[-2.98262,53.44596]]]},"properties":{"h3":"891951070d3ffff","c":1,"f":0,"cs":2.9,"fs":0.6,"score":0.653,"pct":18,"price":110000,"n":121,"outcode":"L20","apprec":1.6,"value":0.07}},{"type":"Feature","geometry":{"type":"Polygon","coordinates":[[[-2.97935,53.44352],[-2.98152,53.44251],[-2.98097,53.44078],[-2.97825,53.44006],[-2.97609,53.44107],[-2.97664,53.4428],[-2.97935,53.44352]]]},"properties":{"h3":"891951070d7ffff","c":0,"f":0,"cs":2.2,"fs":0.4,"score":0.684,"pct":21,"price":109950,"n":153,"outcode":"L20","apprec":1.6,"value":0.104}},{"type":"Feature","geometry":{"type":"Polygon","coordinates":[[[-2.98749,53.44567],[-2.98966,53.44466],[-2.98911,53.44294],[-2.98639,53.44222],[-2.98423,53.44323],[-2.98478,53.44495],[-2.98749,53.44567]]]},"properties":{"h3":"891951070dbffff","c":2,"f":1,"cs":3.9,"fs":1.0,"score":0.591,"pct":14,"price":110000,"n":117,"outcode":"L20","apprec":1.6,"value":0.025}},{"type":"Feature","geometry":{"type":"Polygon","coordinates":[[[-2.95322,53.41604],[-2.95539,53.41503],[-2.95484,53.41331],[-2.95213,53.41259],[-2.94996,53.4136],[-2.95051,53.41532],[-2.95322,53.41604]]]},"properties":{"h3":"89195107107ffff","c":0,"f":0,"cs":1.1,"fs":0.6,"score":0.309,"pct":3,"price":125000,"n":128,"outcode":"L6","apprec":1.87,"value":-0.158}},{"type":"Feature","geometry":{"type":"Polygon","coordinates":[[[-2.9581,53.41575],[-2.96026,53.41475],[-2.95971,53.41302],[-2.957,53.4123],[-2.95484,53.41331],[-2.95539,53.41503],[-2.9581,53.41575]]]},"properties":{"h3":"8919510710fffff","c":0,"f":0,"cs":2.2,"fs":0.1,"score":0.885,"pct":39,"price":95950,"n":397,"outcode":"L6","apprec":1.87,"value":0.345}},{"type":"Feature","geometry":{"type":"Polygon","coordinates":[[[-2.95487,53.42122],[-2.95703,53.42021],[-2.95648,53.41849],[-2.95377,53.41777],[-2.95161,53.41878],[-2.95216,53.4205],[-2.95487,53.42122]]]},"properties":{"h3":"89195107113ffff","c":0,"f":0,"cs":1.6,"fs":0.0,"score":1.0,"pct":75,"price":123000,"n":45,"outcode":"L6","apprec":1.87,"value":0.573}},{"type":"Feature","geometry":{"type":"Polygon","coordinates":[[[-2.95158,53.41086],[-2.95374,53.40986],[-2.95319,53.40813],[-2.95048,53.40741],[-2.94832,53.40842],[-2.94887,53.41014],[-2.95158,53.41086]]]},"properties":{"h3":"89195107123ffff","c":0,"f":0,"cs":1.3,"fs":0.6,"score":0.358,"pct":5,"price":140000,"n":143,"outcode":"L7","apprec":1.72,"value":-0.251}},{"type":"Feature","geometry":{"type":"Polygon","coordinates":[[[-2.95645,53.41057],[-2.95861,53.40957],[-2.95806,53.40784],[-2.95535,53.40712],[-2.95319,53.40813],[-2.95374,53.40986],[-2.95645,53.41057]]]},"properties":{"h3":"8919510712bffff","c":0,"f":0,"cs":2.8,"fs":0.1,"score":0.907,"pct":42,"price":154000,"n":90,"outcode":"L7","apprec":1.72,"value":0.032}},{"type":"Feature","geometry":{"type":"Polygon","coordinates":[[[-2.95319,53.40813],[-2.95535,53.40712],[-2.9548,53.40539],[-2.95209,53.40468],[-2.94993,53.40568],[-2.95048,53.40741],[-2.95319,53.40813]]]},"properties":{"h3":"8919510712fffff","c":0,"f":0,"cs":1.6,"fs":0.1,"score":0.84,"pct":33,"price":161000,"n":95,"outcode":"L7","apprec":1.72,"value":-0.119}},{"type":"Feature","geometry":{"type":"Polygon","coordinates":[[[-2.94996,53.4136],[-2.95213,53.41259],[-2.95158,53.41086],[-2.94887,53.41014],[-2.9467,53.41115],[-2.94725,53.41288],[-2.94996,53.4136]]]},"properties":{"h3":"89195107133ffff","c":0,"f":1,"cs":1.8,"fs":1.1,"score":0.214,"pct":2,"price":125000,"n":164,"outcode":"L6","apprec":1.87,"value":-0.176}},{"type":"Feature","geometry":{"type":"Polygon","coordinates":[[[-2.9467,53.41115],[-2.94887,53.41014],[-2.94832,53.40842],[-2.94561,53.4077],[-2.94345,53.40871],[-2.94399,53.41043],[-2.9467,53.41115]]]},"properties":{"h3":"89195107137ffff","c":1,"f":0,"cs":1.4,"fs":0.7,"score":0.309,"pct":3,"price":130000,"n":92,"outcode":"L7","apprec":1.72,"value":-0.192}},{"type":"Feature","geometry":{"type":"Polygon","coordinates":[[[-2.95484,53.41331],[-2.957,53.4123],[-2.95645,53.41057],[-2.95374,53.40986],[-2.95158,53.41086],[-2.95213,53.41259],[-2.95484,53.41331]]]},"properties":{"h3":"8919510713bffff","c":0,"f":0,"cs":2.4,"fs":0.6,"score":0.591,"pct":14,"price":130000,"n":107,"outcode":"L7","apprec":1.72,"value":-0.094}},{"type":"Feature","geometry":{"type":"Polygon","coordinates":[[[-2.96458,53.41273],[-2.96674,53.41172],[-2.96619,53.41],[-2.96348,53.40928],[-2.96132,53.41029],[-2.96187,53.41201],[-2.96458,53.41273]]]},"properties":{"h3":"89195107163ffff","c":2,"f":0,"cs":6.5,"fs":0.0,"score":1.0,"pct":75,"price":95700,"n":372,"outcode":"L6","apprec":1.87,"value":0.708}},{"type":"Feature","geometry":{"type":"Polygon","coordinates":[[[-2.96132,53.41029],[-2.96348,53.40928],[-2.96293,53.40755],[-2.96022,53.40683],[-2.95806,53.40784],[-2.95861,53.40957],[-2.96132,53.41029]]]},"properties":{"h3":"89195107167ffff","c":0,"f":0,"cs":5.8,"fs":0.0,"score":1.0,"pct":75,"price":130000,"n":37,"outcode":"L7","apprec":1.72,"value":0.528}},{"type":"Feature","geometry":{"type":"Polygon","coordinates":[[[-2.96945,53.41244],[-2.97162,53.41143],[-2.97107,53.40971],[-2.96835,53.40899],[-2.96619,53.41],[-2.96674,53.41172],[-2.96945,53.41244]]]},"properties":{"h3":"8919510716bffff","c":2,"f":0,"cs":8.3,"fs":0.0,"score":1.0,"pct":75,"price":114000,"n":32,"outcode":"L3","apprec":1.17,"value":0.627}},{"type":"Feature","geometry":{"type":"Polygon","coordinates":[[[-2.96619,53.41],[-2.96835,53.40899],[-2.9678,53.40726],[-2.96509,53.40654],[-2.96293,53.40755],[-2.96348,53.40928],[-2.96619,53.41]]]},"properties":{"h3":"8919510716fffff","c":0,"f":0,"cs":9.6,"fs":0.1,"score":0.972,"pct":49,"price":85000,"n":14,"outcode":"L3","apprec":1.17,"value":0.489}},{"type":"Feature","geometry":{"type":"Polygon","coordinates":[[[-2.96297,53.41546],[-2.96513,53.41446],[-2.96458,53.41273],[-2.96187,53.41201],[-2.95971,53.41302],[-2.96026,53.41475],[-2.96297,53.41546]]]},"properties":{"h3":"89195107173ffff","c":0,"f":0,"cs":3.3,"fs":0.0,"score":1.0,"pct":75,"price":95950,"n":385,"outcode":"L6","apprec":1.87,"value":0.706}},{"type":"Feature","geometry":{"type":"Polygon","coordinates":[[[-2.95971,53.41302],[-2.96187,53.41201],[-2.96132,53.41029],[-2.95861,53.40957],[-2.95645,53.41057],[-2.957,53.4123],[-2.95971,53.41302]]]},"properties":{"h3":"89195107177ffff","c":3,"f":0,"cs":4.9,"fs":0.1,"score":0.946,"pct":47,"price":95950,"n":398,"outcode":"L6","apprec":1.87,"value":0.427}},{"type":"Feature","geometry":{"type":"Polygon","coordinates":[[[-2.96784,53.41518],[-2.97,53.41417],[-2.96945,53.41244],[-2.96674,53.41172],[-2.96458,53.41273],[-2.96513,53.41446],[-2.96784,53.41518]]]},"properties":{"h3":"8919510717bffff","c":0,"f":0,"cs":3.5,"fs":0.0,"score":1.0,"pct":75,"price":95950,"n":387,"outcode":"L6","apprec":1.87,"value":0.706}},{"type":"Feature","geometry":{"type":"Polygon","coordinates":[[[-2.94839,53.42424],[-2.95055,53.42324],[-2.95,53.42151],[-2.94729,53.42079],[-2.94513,53.4218],[-2.94567,53.42352],[-2.94839,53.42424]]]},"properties":{"h3":"89195107183ffff","c":0,"f":0,"cs":2.8,"fs":0.0,"score":1.0,"pct":75,"price":87500,"n":90,"outcode":"L6","apprec":1.87,"value":0.736}},{"type":"Feature","geometry":{"type":"Polygon","coordinates":[[[-2.95326,53.42396],[-2.95542,53.42295],[-2.95487,53.42122],[-2.95216,53.4205],[-2.95,53.42151],[-2.95055,53.42324],[-2.95326,53.42396]]]},"properties":{"h3":"8919510718bffff","c":0,"f":0,"cs":4.9,"fs":0.0,"score":1.0,"pct":75,"price":95500,"n":107,"outcode":"L6","apprec":1.87,"value":0.709}},{"type":"Feature","geometry":{"type":"Polygon","coordinates":[[[-2.94677,53.42698],[-2.94893,53.42597],[-2.94839,53.42424],[-2.94567,53.42352],[-2.94351,53.42453],[-2.94406,53.42626],[-2.94677,53.42698]]]},"properties":{"h3":"89195107193ffff","c":1,"f":0,"cs":4.1,"fs":0.0,"score":1.0,"pct":75,"price":95000,"n":163,"outcode":"L6","apprec":1.87,"value":0.713}},{"type":"Feature","geometry":{"type":"Polygon","coordinates":[[[-2.94351,53.42453],[-2.94567,53.42352],[-2.94513,53.4218],[-2.94242,53.42108],[-2.94025,53.42209],[-2.9408,53.42381],[-2.94351,53.42453]]]},"properties":{"h3":"89195107197ffff","c":0,"f":0,"cs":2.0,"fs":0.1,"score":0.875,"pct":38,"price":90000,"n":95,"outcode":"L6","apprec":1.87,"value":0.355}},{"type":"Feature","geometry":{"type":"Polygon","coordinates":[[[-2.95165,53.42669],[-2.95381,53.42568],[-2.95326,53.42396],[-2.95055,53.42324],[-2.94839,53.42424],[-2.94893,53.42597],[-2.95165,53.42669]]]},"properties":{"h3":"8919510719bffff","c":2,"f":0,"cs":6.5,"fs":0.0,"score":1.0,"pct":75,"price":92750,"n":148,"outcode":"L6","apprec":1.87,"value":0.721}},{"type":"Feature","geometry":{"type":"Polygon","coordinates":[[[-2.94348,53.41662],[-2.94564,53.41561],[-2.94509,53.41389],[-2.94238,53.41317],[-2.94022,53.41417],[-2.94077,53.4159],[-2.94348,53.41662]]]},"properties":{"h3":"891951071a3ffff","c":0,"f":0,"cs":1.3,"fs":0.7,"score":0.29,"pct":3,"price":128000,"n":146,"outcode":"L6","apprec":1.87,"value":-0.179}},{"type":"Feature","geometry":{"type":"Polygon","coordinates":[[[-2.94022,53.41417],[-2.94238,53.41317],[-2.94183,53.41144],[-2.93912,53.41072],[-2.93696,53.41173],[-2.93751,53.41345],[-2.94022,53.41417]]]},"properties":{"h3":"891951071a7ffff","c":1,"f":1,"cs":1.4,"fs":1.1,"score":0.107,"pct":1,"price":139500,"n":114,"outcode":"L6","apprec":1.87,"value":-0.275}},{"type":"Feature","geometry":{"type":"Polygon","coordinates":[[[-2.94835,53.41633],[-2.95051,53.41532],[-2.94996,53.4136],[-2.94725,53.41288],[-2.94509,53.41389],[-2.94564,53.41561],[-2.94835,53.41633]]]},"properties":{"h3":"891951071abffff","c":1,"f":0,"cs":1.3,"fs":0.7,"score":0.263,"pct":3,"price":120000,"n":146,"outcode":"L6","apprec":1.87,"value":-0.134}},{"type":"Feature","geometry":{"type":"Polygon","coordinates":[[[-2.94509,53.41389],[-2.94725,53.41288],[-2.9467,53.41115],[-2.94399,53.41043],[-2.94183,53.41144],[-2.94238,53.41317],[-2.94509,53.41389]]]},"properties":{"h3":"891951071afffff","c":0,"f":0,"cs":1.8,"fs":1.2,"score":0.2,"pct":2,"price":125000,"n":151,"outcode":"L6","apprec":1.87,"value":-0.177}},{"type":"Feature","geometry":{"type":"Polygon","coordinates":[[[-2.96139,53.42611],[-2.96356,53.4251],[-2.96301,53.42338],[-2.96029,53.42266],[-2.95813,53.42367],[-2.95868,53.42539],[-2.96139,53.42611]]]},"properties":{"h3":"891951071c3ffff","c":0,"f":0,"cs":5.7,"fs":0.0,"score":1.0,"pct":75,"price":122500,"n":93,"outcode":"L5","apprec":1.87,"value":0.577}},{"type":"Feature","geometry":{"type":"Polygon","coordinates":[[[-2.95813,53.42367],[-2.96029,53.42266],[-2.95974,53.42093],[-2.95703,53.42021],[-2.95487,53.42122],[-2.95542,53.42295],[-2.95813,53.42367]]]},"properties":{"h3":"891951071c7ffff","c":1,"f":0,"cs":4.1,"fs":0.0,"score":1.0,"pct":75,"price":100000,"n":76,"outcode":"L5","apprec":1.87,"value":0.685}},{"type":"Feature","geometry":{"type":"Polygon","coordinates":[[[-2.96627,53.42582],[-2.96843,53.42482],[-2.96788,53.42309],[-2.96517,53.42237],[-2.96301,53.42338],[-2.96356,53.4251],[-2.96627,53.42582]]]},"properties":{"h3":"891951071cbffff","c":0,"f":0,"cs":2.6,"fs":0.0,"score":1.0,"pct":75,"price":140000,"n":71,"outcode":"L5","apprec":1.87,"value":0.457}},{"type":"Feature","geometry":{"type":"Polygon","coordinates":[[[-2.96301,53.42338],[-2.96517,53.42237],[-2.96462,53.42064],[-2.96191,53.41993],[-2.95974,53.42093],[-2.96029,53.42266],[-2.96301,53.42338]]]},"properties":{"h3":"891951071cfffff","c":0,"f":0,"cs":1.8,"fs":0.0,"score":1.0,"pct":75,"price":131800,"n":77,"outcode":"L5","apprec":1.87,"value":0.513}},{"type":"Feature","geometry":{"type":"Polygon","coordinates":[[[-2.95978,53.42885],[-2.96194,53.42784],[-2.96139,53.42611],[-2.95868,53.42539],[-2.95652,53.4264],[-2.95707,53.42813],[-2.95978,53.42885]]]},"properties":{"h3":"891951071d3ffff","c":3,"f":0,"cs":7.7,"fs":0.0,"score":1.0,"pct":75,"price":108500,"n":140,"outcode":"L5","apprec":1.87,"value":0.657}},{"type":"Feature","geometry":{"type":"Polygon","coordinates":[[[-2.95652,53.4264],[-2.95868,53.42539],[-2.95813,53.42367],[-2.95542,53.42295],[-2.95326,53.42396],[-2.95381,53.42568],[-2.95652,53.4264]]]},"properties":{"h3":"891951071d7ffff","c":4,"f":0,"cs":8.3,"fs":0.0,"score":1.0,"pct":75,"price":96500,"n":139,"outcode":"L5","apprec":1.87,"value":0.697}},{"type":"Feature","geometry":{"type":"Polygon","coordinates":[[[-2.96465,53.42856],[-2.96682,53.42755],[-2.96627,53.42582],[-2.96356,53.4251],[-2.96139,53.42611],[-2.96194,53.42784],[-2.96465,53.42856]]]},"properties":{"h3":"891951071dbffff","c":0,"f":0,"cs":5.1,"fs":0.0,"score":1.0,"pct":75,"price":150000,"n":76,"outcode":"L5","apprec":1.87,"value":0.392}},{"type":"Feature","geometry":{"type":"Polygon","coordinates":[[[-3.00526,53.42351],[-3.00742,53.4225],[-3.00687,53.42077],[-3.00416,53.42005],[-3.002,53.42106],[-3.00255,53.42279],[-3.00526,53.42351]]]},"properties":{"h3":"89195107227ffff","c":0,"f":0,"cs":1.8,"fs":0.0,"score":1.0,"pct":75,"price":365000,"n":42,"outcode":"L3","apprec":1.17,"value":-0.218}},{"type":"Feature","geometry":{"type":"Polygon","coordinates":[[[-3.03134,53.43514],[-3.0335,53.43413],[-3.03295,53.43241],[-3.03023,53.43169],[-3.02807,53.4327],[-3.02862,53.43443],[-3.03134,53.43514]]]},"properties":{"h3":"8919510724bffff","c":0,"f":0,"cs":3.0,"fs":0.0,"score":1.0,"pct":75,"price":262500,"n":39,"outcode":"CH45","apprec":1.79,"value":-0.097}},{"type":"Feature","geometry":{"type":"Polygon","coordinates":[[[-3.00373,53.44207],[-3.0059,53.44106],[-3.00535,53.43933],[-3.00263,53.43861],[-3.00047,53.43962],[-3.00102,53.44135],[-3.00373,53.44207]]]},"properties":{"h3":"89195107293ffff","c":0,"f":0,"cs":2.1,"fs":0.0,"score":1.0,"pct":75,"n":0}},{"type":"Feature","geometry":{"type":"Polygon","coordinates":[[[-3.00047,53.43962],[-3.00263,53.43861],[-3.00208,53.43689],[-2.99937,53.43617],[-2.99721,53.43718],[-2.99776,53.4389],[-3.00047,53.43962]]]},"properties":{"h3":"89195107297ffff","c":0,"f":0,"cs":1.6,"fs":0.0,"score":1.0,"pct":75,"n":0}},{"type":"Feature","geometry":{"type":"Polygon","coordinates":[[[-2.9906,53.41646],[-2.99276,53.41545],[-2.99221,53.41373],[-2.9895,53.41301],[-2.98733,53.41402],[-2.98788,53.41574],[-2.9906,53.41646]]]},"properties":{"h3":"89195107303ffff","c":0,"f":1,"cs":4.7,"fs":1.6,"score":0.488,"pct":9,"price":150250,"n":98,"outcode":"L3","apprec":1.17,"value":-0.285}},{"type":"Feature","geometry":{"type":"Polygon","coordinates":[[[-2.98733,53.41402],[-2.9895,53.41301],[-2.98895,53.41128],[-2.98623,53.41056],[-2.98407,53.41157],[-2.98462,53.4133],[-2.98733,53.41402]]]},"properties":{"h3":"89195107307ffff","c":0,"f":1,"cs":16.5,"fs":1.9,"score":0.795,"pct":29,"price":129975,"n":150,"outcode":"L3","apprec":1.17,"value":0.069}},{"type":"Feature","geometry":{"type":"Polygon","coordinates":[[[-2.99547,53.41617],[-2.99763,53.41516],[-2.99708,53.41344],[-2.99437,53.41272],[-2.99221,53.41373],[-2.99276,53.41545],[-2.99547,53.41617]]]},"properties":{"h3":"8919510730bffff","c":0,"f":0,"cs":5.3,"fs":0.7,"score":0.756,"pct":26,"price":174484,"n":105,"outcode":"L3","apprec":1.17,"value":-0.254}},{"type":"Feature","geometry":{"type":"Polygon","coordinates":[[[-2.99221,53.41373],[-2.99437,53.41272],[-2.99382,53.41099],[-2.99111,53.41027],[-2.98895,53.41128],[-2.9895,53.41301],[-2.99221,53.41373]]]},"properties":{"h3":"8919510730fffff","c":0,"f":0,"cs":19.2,"fs":1.3,"score":0.869,"pct":37,"price":137000,"n":167,"outcode":"L3","apprec":1.17,"value":0.096}},{"type":"Feature","geometry":{"type":"Polygon","coordinates":[[[-2.98899,53.4192],[-2.99115,53.41819],[-2.9906,53.41646],[-2.98788,53.41574],[-2.98572,53.41675],[-2.98627,53.41848],[-2.98899,53.4192]]]},"properties":{"h3":"89195107313ffff","c":1,"f":0,"cs":1.7,"fs":0.7,"score":0.387,"pct":6,"price":172000,"n":70,"outcode":"L3","apprec":1.17,"value":-0.447}},{"type":"Feature","geometry":{"type":"Polygon","coordinates":[[[-2.98572,53.41675],[-2.98788,53.41574],[-2.98733,53.41402],[-2.98462,53.4133],[-2.98246,53.41431],[-2.98301,53.41603],[-2.98572,53.41675]]]},"properties":{"h3":"89195107317ffff","c":0,"f":0,"cs":3.1,"fs":1.2,"score":0.439,"pct":7,"price":150000,"n":90,"outcode":"L3","apprec":1.17,"value":-0.294}},{"type":"Feature","geometry":{"type":"Polygon","coordinates":[[[-2.99386,53.41891],[-2.99602,53.4179],[-2.99547,53.41617],[-2.99276,53.41545],[-2.9906,53.41646],[-2.99115,53.41819],[-2.99386,53.41891]]]},"properties":{"h3":"8919510731bffff","c":0,"f":0,"cs":3.0,"fs":0.7,"score":0.6,"pct":14,"price":180000,"n":33,"outcode":"L3","apprec":1.17,"value":-0.407}},{"type":"Feature","geometry":{"type":"Polygon","coordinates":[[[-2.98568,53.40884],[-2.98784,53.40783],[-2.98729,53.4061],[-2.98458,53.40538],[-2.98242,53.40639],[-2.98297,53.40812],[-2.98568,53.40884]]]},"properties":{"h3":"89195107323ffff","c":13,"f":1,"cs":68.8,"fs":6.7,"score":0.823,"pct":30,"price":98750,"n":108,"outcode":"L1","apprec":1.22,"value":0.238}},{"type":"Feature","geometry":{"type":"Polygon","coordinates":[[[-2.98242,53.40639],[-2.98458,53.40538],[-2.98403,53.40366],[-2.98132,53.40294],[-2.97916,53.40395],[-2.97971,53.40567],[-2.98242,53.40639]]]},"properties":{"h3":"89195107327ffff","c":16,"f":2,"cs":65.7,"fs":9.8,"score":0.74,"pct":24,"price":167500,"n":241,"outcode":"L1","apprec":1.22,"value":-0.241}},{"type":"Feature","geometry":{"type":"Polygon","coordinates":[[[-2.99056,53.40855],[-2.99272,53.40754],[-2.99217,53.40581],[-2.98946,53.40509],[-2.98729,53.4061],[-2.98784,53.40783],[-2.99056,53.40855]]]},"properties":{"h3":"8919510732bffff","c":23,"f":0,"cs":65.1,"fs":4.2,"score":0.879,"pct":38,"price":150000,"n":248,"outcode":"L3","apprec":1.17,"value":0.023}},{"type":"Feature","geometry":{"type":"Polygon","coordinates":[[[-2.98729,53.4061],[-2.98946,53.40509],[-2.98891,53.40337],[-2.98619,53.40265],[-2.98403,53.40366],[-2.98458,53.40538],[-2.98729,53.4061]]]},"properties":{"h3":"8919510732fffff","c":20,"f":5,"cs":67.4,"fs":7.6,"score":0.797,"pct":29,"price":182817,"n":367,"outcode":"L1","apprec":1.22,"value":-0.274}},{"type":"Feature","geometry":{"type":"Polygon","coordinates":[[[-2.98407,53.41157],[-2.98623,53.41056],[-2.98568,53.40884],[-2.98297,53.40812],[-2.98081,53.40913],[-2.98136,53.41085],[-2.98407,53.41157]]]},"properties":{"h3":"89195107333ffff","c":5,"f":0,"cs":35.4,"fs":3.3,"score":0.829,"pct":31,"price":99500,"n":104,"outcode":"L1","apprec":1.22,"value":0.248}},{"type":"Feature","geometry":{"type":"Polygon","coordinates":[[[-2.98081,53.40913],[-2.98297,53.40812],[-2.98242,53.40639],[-2.97971,53.40567],[-2.97755,53.40668],[-2.9781,53.40841],[-2.98081,53.40913]]]},"properties":{"h3":"89195107337ffff","c":9,"f":1,"cs":46.8,"fs":6.0,"score":0.773,"pct":27,"price":100000,"n":75,"outcode":"L1","apprec":1.22,"value":0.199}},{"type":"Feature","geometry":{"type":"Polygon","coordinates":[[[-2.98895,53.41128],[-2.99111,53.41027],[-2.99056,53.40855],[-2.98784,53.40783],[-2.98568,53.40884],[-2.98623,53.41056],[-2.98895,53.41128]]]},"properties":{"h3":"8919510733bffff","c":8,"f":0,"cs":47.6,"fs":2.4,"score":0.903,"pct":41,"price":122500,"n":209,"outcode":"L3","apprec":1.17,"value":0.241}},{"type":"Feature","geometry":{"type":"Polygon","coordinates":[[[-3.00361,53.41833],[-3.00577,53.41732],[-3.00522,53.41559],[-3.00251,53.41487],[-3.00034,53.41588],[-3.0009,53.41761],[-3.00361,53.41833]]]},"properties":{"h3":"89195107343ffff","c":0,"f":0,"cs":2.7,"fs":0.0,"score":1.0,"pct":75,"price":190000,"n":85,"outcode":"L3","apprec":1.17,"value":0.162}},{"type":"Feature","geometry":{"type":"Polygon","coordinates":[[[-3.00034,53.41588],[-3.00251,53.41487],[-3.00196,53.41315],[-2.99924,53.41243],[-2.99708,53.41344],[-2.99763,53.41516],[-3.00034,53.41588]]]},"properties":{"h3":"89195107347ffff","c":1,"f":0,"cs":4.5,"fs":0.1,"score":0.942,"pct":46,"price":180000,"n":115,"outcode":"L3","apprec":1.17,"value":-0.077}},{"type":"Feature","geometry":{"type":"Polygon","coordinates":[[[-3.002,53.42106],[-3.00416,53.42005],[-3.00361,53.41833],[-3.0009,53.41761],[-2.99873,53.41862],[-2.99928,53.42034],[-3.002,53.42106]]]},"properties":{"h3":"89195107353ffff","c":1,"f":0,"cs":3.7,"fs":0.0,"score":1.0,"pct":75,"price":335000,"n":53,"outcode":"L3","apprec":1.17,"value":-0.201}},{"type":"Feature","geometry":{"type":"Polygon","coordinates":[[[-2.99873,53.41862],[-3.0009,53.41761],[-3.00034,53.41588],[-2.99763,53.41516],[-2.99547,53.41617],[-2.99602,53.4179],[-2.99873,53.41862]]]},"properties":{"h3":"89195107357ffff","c":2,"f":0,"cs":4.2,"fs":0.1,"score":0.938,"pct":46,"price":190000,"n":64,"outcode":"L3","apprec":1.17,"value":-0.127}},{"type":"Feature","geometry":{"type":"Polygon","coordinates":[[[-2.99869,53.4107],[-3.00085,53.40969],[-3.0003,53.40797],[-2.99759,53.40725],[-2.99543,53.40826],[-2.99598,53.40998],[-2.99869,53.4107]]]},"properties":{"h3":"89195107363ffff","c":3,"f":0,"cs":17.2,"fs":0.0,"score":1.0,"pct":75,"price":160500,"n":123,"outcode":"L3","apprec":1.17,"value":0.308}},{"type":"Feature","geometry":{"type":"Polygon","coordinates":[[[-2.99543,53.40826],[-2.99759,53.40725],[-2.99704,53.40552],[-2.99433,53.4048],[-2.99217,53.40581],[-2.99272,53.40754],[-2.99543,53.40826]]]},"properties":{"h3":"89195107367ffff","c":3,"f":0,"cs":36.7,"fs":0.8,"score":0.957,"pct":48,"price":160000,"n":201,"outcode":"L3","apprec":1.17,"value":0.052}},{"type":"Feature","geometry":{"type":"Polygon","coordinates":[[[-3.00357,53.41041],[-3.00573,53.4094],[-3.00518,53.40768],[-3.00246,53.40696],[-3.0003,53.40797],[-3.00085,53.40969],[-3.00357,53.41041]]]},"properties":{"h3":"8919510736bffff","c":0,"f":0,"cs":4.5,"fs":0.0,"score":1.0,"pct":75,"price":195000,"n":39,"outcode":"L3","apprec":1.17,"value":0.14}},{"type":"Feature","geometry":{"type":"Polygon","coordinates":[[[-3.0003,53.40797],[-3.00246,53.40696],[-3.00191,53.40523],[-2.9992,53.40451],[-2.99704,53.40552],[-2.99759,53.40725],[-3.0003,53.40797]]]},"properties":{"h3":"8919510736fffff","c":0,"f":0,"cs":12.0,"fs":0.0,"score":1.0,"pct":75,"price":207500,"n":35,"outcode":"L3","apprec":1.17,"value":0.096}},{"type":"Feature","geometry":{"type":"Polygon","coordinates":[[[-2.99708,53.41344],[-2.99924,53.41243],[-2.99869,53.4107],[-2.99598,53.40998],[-2.99382,53.41099],[-2.99437,53.41272],[-2.99708,53.41344]]]},"properties":{"h3":"89195107373ffff","c":0,"f":0,"cs":14.6,"fs":0.3,"score":0.964,"pct":49,"price":170000,"n":187,"outcode":"L3","apprec":1.17,"value":-0.002}},{"type":"Feature","geometry":{"type":"Polygon","coordinates":[[[-2.99382,53.41099],[-2.99598,53.40998],[-2.99543,53.40826],[-2.99272,53.40754],[-2.99056,53.40855],[-2.99111,53.41027],[-2.99382,53.41099]]]},"properties":{"h3":"89195107377ffff","c":12,"f":0,"cs":40.5,"fs":1.1,"score":0.948,"pct":47,"price":140000,"n":190,"outcode":"L3","apprec":1.17,"value":0.182}},{"type":"Feature","geometry":{"type":"Polygon","coordinates":[[[-3.00196,53.41315],[-3.00412,53.41214],[-3.00357,53.41041],[-3.00085,53.40969],[-2.99869,53.4107],[-2.99924,53.41243],[-3.00196,53.41315]]]},"properties":{"h3":"8919510737bffff","c":0,"f":0,"cs":4.7,"fs":0.0,"score":1.0,"pct":75,"price":195000,"n":117,"outcode":"L3","apprec":1.17,"value":0.14}},{"type":"Feature","geometry":{"type":"Polygon","coordinates":[[[-2.98089,53.42496],[-2.98305,53.42395],[-2.9825,53.42222],[-2.97979,53.4215],[-2.97763,53.42251],[-2.97818,53.42424],[-2.98089,53.42496]]]},"properties":{"h3":"89195107393ffff","c":0,"f":1,"cs":1.2,"fs":1.0,"score":0.096,"pct":1,"price":96000,"n":44,"outcode":"L5","apprec":1.87,"value":-0.043}},{"type":"Feature","geometry":{"type":"Polygon","coordinates":[[[-2.97759,53.4146],[-2.97975,53.41359],[-2.9792,53.41186],[-2.97649,53.41114],[-2.97433,53.41215],[-2.97488,53.41388],[-2.97759,53.4146]]]},"properties":{"h3":"891951073a3ffff","c":0,"f":0,"cs":5.6,"fs":0.3,"score":0.908,"pct":43,"price":107500,"n":34,"outcode":"L3","apprec":1.17,"value":0.335}},{"type":"Feature","geometry":{"type":"Polygon","coordinates":[[[-2.97433,53.41215],[-2.97649,53.41114],[-2.97594,53.40942],[-2.97323,53.4087],[-2.97107,53.40971],[-2.97162,53.41143],[-2.97433,53.41215]]]},"properties":{"h3":"891951073a7ffff","c":3,"f":0,"cs":10.7,"fs":0.5,"score":0.904,"pct":42,"price":105000,"n":34,"outcode":"L3","apprec":1.17,"value":0.334}},{"type":"Feature","geometry":{"type":"Polygon","coordinates":[[[-2.98246,53.41431],[-2.98462,53.4133],[-2.98407,53.41157],[-2.98136,53.41085],[-2.9792,53.41186],[-2.97975,53.41359],[-2.98246,53.41431]]]},"properties":{"h3":"891951073abffff","c":1,"f":0,"cs":9.4,"fs":1.0,"score":0.805,"pct":29,"price":113000,"n":74,"outcode":"L3","apprec":1.17,"value":0.163}},{"type":"Feature","geometry":{"type":"Polygon","coordinates":[[[-2.9792,53.41186],[-2.98136,53.41085],[-2.98081,53.40913],[-2.9781,53.40841],[-2.97594,53.40942],[-2.97649,53.41114],[-2.9792,53.41186]]]},"properties":{"h3":"891951073afffff","c":1,"f":0,"cs":19.4,"fs":1.6,"score":0.852,"pct":34,"price":107500,"n":45,"outcode":"L3","apprec":1.17,"value":0.252}},{"type":"Feature","geometry":{"type":"Polygon","coordinates":[[[-2.97271,53.41489],[-2.97488,53.41388],[-2.97433,53.41215],[-2.97162,53.41143],[-2.96945,53.41244],[-2.97,53.41417],[-2.97271,53.41489]]]},"properties":{"h3":"891951073b7ffff","c":0,"f":0,"cs":4.0,"fs":0.0,"score":1.0,"pct":75,"price":121000,"n":55,"outcode":"L3","apprec":1.17,"value":0.584}},{"type":"Feature","geometry":{"type":"Polygon","coordinates":[[[-2.98085,53.41704],[-2.98301,53.41603],[-2.98246,53.41431],[-2.97975,53.41359],[-2.97759,53.4146],[-2.97814,53.41632],[-2.98085,53.41704]]]},"properties":{"h3":"891951073bbffff","c":0,"f":0,"cs":2.0,"fs":0.3,"score":0.757,"pct":26,"price":130000,"n":68,"outcode":"L3","apprec":1.17,"value":0.032}},{"type":"Feature","geometry":{"type":"Polygon","coordinates":[[[-2.99551,53.42409],[-2.99767,53.42308],[-2.99712,53.42135],[-2.99441,53.42063],[-2.99225,53.42164],[-2.9928,53.42337],[-2.99551,53.42409]]]},"properties":{"h3":"891951073c3ffff","c":1,"f":0,"cs":2.8,"fs":0.0,"score":1.0,"pct":75,"price":272500,"n":82,"outcode":"L3","apprec":1.17,"value":-0.123}},{"type":"Feature","geometry":{"type":"Polygon","coordinates":[[[-2.99225,53.42164],[-2.99441,53.42063],[-2.99386,53.41891],[-2.99115,53.41819],[-2.98899,53.4192],[-2.98954,53.42092],[-2.99225,53.42164]]]},"properties":{"h3":"891951073c7ffff","c":0,"f":0,"cs":2.4,"fs":0.1,"score":0.892,"pct":40,"price":168500,"n":54,"outcode":"L5","apprec":1.87,"value":-0.087}},{"type":"Feature","geometry":{"type":"Polygon","coordinates":[[[-3.00039,53.4238],[-3.00255,53.42279],[-3.002,53.42106],[-2.99928,53.42034],[-2.99712,53.42135],[-2.99767,53.42308],[-3.00039,53.4238]]]},"properties":{"h3":"891951073cbffff","c":1,"f":0,"cs":3.1,"fs":0.0,"score":1.0,"pct":75,"price":362500,"n":46,"outcode":"L3","apprec":1.17,"value":-0.217}},{"type":"Feature","geometry":{"type":"Polygon","coordinates":[[[-2.99712,53.42135],[-2.99928,53.42034],[-2.99873,53.41862],[-2.99602,53.4179],[-2.99386,53.41891],[-2.99441,53.42063],[-2.99712,53.42135]]]},"properties":{"h3":"891951073cfffff","c":1,"f":0,"cs":4.3,"fs":0.1,"score":0.939,"pct":46,"price":340000,"n":52,"outcode":"L3","apprec":1.17,"value":-0.492}},{"type":"Feature","geometry":{"type":"Polygon","coordinates":[[[-2.96803,53.45474],[-2.97019,53.45373],[-2.96964,53.452],[-2.96693,53.45129],[-2.96476,53.45229],[-2.96531,53.45402],[-2.96803,53.45474]]]},"properties":{"h3":"89195107403ffff","c":0,"f":0,"cs":2.7,"fs":0.0,"score":1.0,"pct":75,"price":105500,"n":86,"outcode":"L9","apprec":1.79,"value":0.665}},{"type":"Feature","geometry":{"type":"Polygon","coordinates":[[[-2.96476,53.45229],[-2.96693,53.45129],[-2.96638,53.44956],[-2.96366,53.44884],[-2.9615,53.44985],[-2.96205,53.45157],[-2.96476,53.45229]]]},"properties":{"h3":"89195107407ffff","c":2,"f":0,"cs":4.5,"fs":0.0,"score":1.0,"pct":75,"price":86000,"n":72,"outcode":"L9","apprec":1.79,"value":0.739}},{"type":"Feature","geometry":{"type":"Polygon","coordinates":[[[-2.96964,53.452],[-2.9718,53.451],[-2.97125,53.44927],[-2.96854,53.44855],[-2.96638,53.44956],[-2.96693,53.45129],[-2.96964,53.452]]]},"properties":{"h3":"8919510740fffff","c":0,"f":0,"cs":2.6,"fs":0.0,"score":1.0,"pct":75,"price":85000,"n":89,"outcode":"L9","apprec":1.79,"value":0.743}},{"type":"Feature","geometry":{"type":"Polygon","coordinates":[[[-2.96641,53.45747],[-2.96858,53.45646],[-2.96803,53.45474],[-2.96531,53.45402],[-2.96315,53.45503],[-2.9637,53.45675],[-2.96641,53.45747]]]},"properties":{"h3":"89195107413ffff","c":0,"f":0,"cs":2.4,"fs":0.0,"score":1.0,"pct":75,"price":135000,"n":98,"outcode":"L9","apprec":1.79,"value":0.491}},{"type":"Feature","geometry":{"type":"Polygon","coordinates":[[[-2.96315,53.45503],[-2.96531,53.45402],[-2.96476,53.45229],[-2.96205,53.45157],[-2.95989,53.45258],[-2.96044,53.45431],[-2.96315,53.45503]]]},"properties":{"h3":"89195107417ffff","c":2,"f":0,"cs":4.0,"fs":0.0,"score":1.0,"pct":75,"price":135000,"n":129,"outcode":"L9","apprec":1.79,"value":0.491}},{"type":"Feature","geometry":{"type":"Polygon","coordinates":[[[-2.96311,53.44711],[-2.96528,53.44611],[-2.96473,53.44438],[-2.96202,53.44366],[-2.95985,53.44467],[-2.9604,53.4464],[-2.96311,53.44711]]]},"properties":{"h3":"89195107423ffff","c":1,"f":0,"cs":3.7,"fs":0.1,"score":0.929,"pct":45,"price":113000,"n":141,"outcode":"L4","apprec":2.18,"value":0.332}},{"type":"Feature","geometry":{"type":"Polygon","coordinates":[[[-2.96799,53.44683],[-2.97015,53.44582],[-2.9696,53.44409],[-2.96689,53.44337],[-2.96473,53.44438],[-2.96528,53.44611],[-2.96799,53.44683]]]},"properties":{"h3":"8919510742bffff","c":3,"f":0,"cs":4.9,"fs":0.7,"score":0.737,"pct":24,"price":95000,"n":192,"outcode":"L4","apprec":2.18,"value":0.198}},{"type":"Feature","geometry":{"type":"Polygon","coordinates":[[[-2.96473,53.44438],[-2.96689,53.44337],[-2.96634,53.44165],[-2.96363,53.44093],[-2.96147,53.44194],[-2.96202,53.44366],[-2.96473,53.44438]]]},"properties":{"h3":"8919510742fffff","c":0,"f":0,"cs":3.0,"fs":0.7,"score":0.6,"pct":14,"price":95000,"n":167,"outcode":"L4","apprec":2.18,"value":0.097}},{"type":"Feature","geometry":{"type":"Polygon","coordinates":[[[-2.9615,53.44985],[-2.96366,53.44884],[-2.96311,53.44711],[-2.9604,53.4464],[-2.95824,53.4474],[-2.95879,53.44913],[-2.9615,53.44985]]]},"properties":{"h3":"89195107433ffff","c":0,"f":0,"cs":3.1,"fs":0.0,"score":1.0,"pct":75,"price":122210,"n":72,"outcode":"L4","apprec":2.18,"value":0.579}},{"type":"Feature","geometry":{"type":"Polygon","coordinates":[[[-2.95824,53.4474],[-2.9604,53.4464],[-2.95985,53.44467],[-2.95714,53.44395],[-2.95498,53.44496],[-2.95553,53.44668],[-2.95824,53.4474]]]},"properties":{"h3":"89195107437ffff","c":0,"f":0,"cs":1.6,"fs":0.0,"score":1.0,"pct":75,"price":135000,"n":82,"outcode":"L4","apprec":2.18,"value":0.491}},{"type":"Feature","geometry":{"type":"Polygon","coordinates":[[[-2.96638,53.44956],[-2.96854,53.44855],[-2.96799,53.44683],[-2.96528,53.44611],[-2.96311,53.44711],[-2.96366,53.44884],[-2.96638,53.44956]]]},"properties":{"h3":"8919510743bffff","c":1,"f":0,"cs":4.9,"fs":0.1,"score":0.946,"pct":47,"price":93500,"n":95,"outcode":"L4","apprec":2.18,"value":0.441}},{"type":"Feature","geometry":{"type":"Polygon","coordinates":[[[-2.98592,53.45632],[-2.98808,53.45531],[-2.98753,53.45358],[-2.98482,53.45286],[-2.98266,53.45387],[-2.98321,53.4556],[-2.98592,53.45632]]]},"properties":{"h3":"8919510744bffff","c":0,"f":0,"cs":3.3,"fs":0.3,"score":0.849,"pct":34,"price":115125,"n":100,"outcode":"L20","apprec":1.6,"value":0.2}},{"type":"Feature","geometry":{"type":"Polygon","coordinates":[[[-2.98266,53.45387],[-2.98482,53.45286],[-2.98427,53.45114],[-2.98156,53.45042],[-2.97939,53.45143],[-2.97994,53.45315],[-2.98266,53.45387]]]},"properties":{"h3":"8919510744fffff","c":0,"f":0,"cs":1.5,"fs":0.3,"score":0.692,"pct":21,"price":130000,"n":118,"outcode":"L20","apprec":1.6,"value":-0.016}},{"type":"Feature","geometry":{"type":"Polygon","coordinates":[[[-2.98431,53.45905],[-2.98647,53.45804],[-2.98592,53.45632],[-2.98321,53.4556],[-2.98104,53.4566],[-2.9816,53.45833],[-2.98431,53.45905]]]},"properties":{"h3":"8919510745bffff","c":1,"f":0,"cs":2.1,"fs":0.0,"score":1.0,"pct":75,"price":125000,"n":92,"outcode":"L20","apprec":1.6,"value":0.562}},{"type":"Feature","geometry":{"type":"Polygon","coordinates":[[[-2.97287,53.44654],[-2.97503,53.44553],[-2.97448,53.4438],[-2.97177,53.44309],[-2.9696,53.44409],[-2.97015,53.44582],[-2.97287,53.44654]]]},"properties":{"h3":"89195107467ffff","c":0,"f":0,"cs":3.1,"fs":0.7,"score":0.614,"pct":15,"price":100000,"n":197,"outcode":"L4","apprec":2.18,"value":0.077}},{"type":"Feature","geometry":{"type":"Polygon","coordinates":[[[-2.98101,53.44869],[-2.98317,53.44769],[-2.98262,53.44596],[-2.9799,53.44524],[-2.97774,53.44625],[-2.97829,53.44797],[-2.98101,53.44869]]]},"properties":{"h3":"8919510746bffff","c":0,"f":0,"cs":1.4,"fs":0.1,"score":0.826,"pct":31,"price":120000,"n":123,"outcode":"L20","apprec":1.6,"value":0.146}},{"type":"Feature","geometry":{"type":"Polygon","coordinates":[[[-2.97774,53.44625],[-2.9799,53.44524],[-2.97935,53.44352],[-2.97664,53.4428],[-2.97448,53.4438],[-2.97503,53.44553],[-2.97774,53.44625]]]},"properties":{"h3":"8919510746fffff","c":0,"f":0,"cs":2.2,"fs":0.4,"score":0.684,"pct":21,"price":115250,"n":166,"outcode":"L20","apprec":1.6,"value":0.065}},{"type":"Feature","geometry":{"type":"Polygon","coordinates":[[[-2.97125,53.44927],[-2.97342,53.44826],[-2.97287,53.44654],[-2.97015,53.44582],[-2.96799,53.44683],[-2.96854,53.44855],[-2.97125,53.44927]]]},"properties":{"h3":"89195107477ffff","c":0,"f":0,"cs":3.0,"fs":0.1,"score":0.913,"pct":43,"price":95750,"n":126,"outcode":"L4","apprec":2.18,"value":0.389}},{"type":"Feature","geometry":{"type":"Polygon","coordinates":[[[-2.95992,53.46049],[-2.96209,53.45948],[-2.96154,53.45776],[-2.95882,53.45704],[-2.95666,53.45805],[-2.95721,53.45977],[-2.95992,53.46049]]]},"properties":{"h3":"89195107483ffff","c":0,"f":0,"cs":2.8,"fs":0.3,"score":0.822,"pct":30,"price":143000,"n":81,"outcode":"L9","apprec":1.79,"value":-0.024}},{"type":"Feature","geometry":{"type":"Polygon","coordinates":[[[-2.95666,53.45805],[-2.95882,53.45704],[-2.95828,53.45531],[-2.95556,53.45459],[-2.9534,53.4556],[-2.95395,53.45733],[-2.95666,53.45805]]]},"properties":{"h3":"89195107487ffff","c":0,"f":0,"cs":1.6,"fs":0.0,"score":1.0,"pct":75,"price":140000,"n":101,"outcode":"L9","apprec":1.79,"value":0.457}},{"type":"Feature","geometry":{"type":"Polygon","coordinates":[[[-2.9648,53.4602],[-2.96696,53.4592],[-2.96641,53.45747],[-2.9637,53.45675],[-2.96154,53.45776],[-2.96209,53.45948],[-2.9648,53.4602]]]},"properties":{"h3":"8919510748bffff","c":0,"f":0,"cs":3.0,"fs":0.3,"score":0.836,"pct":33,"price":147500,"n":135,"outcode":"L9","apprec":1.79,"value":-0.021}},{"type":"Feature","geometry":{"type":"Polygon","coordinates":[[[-2.96154,53.45776],[-2.9637,53.45675],[-2.96315,53.45503],[-2.96044,53.45431],[-2.95828,53.45531],[-2.95882,53.45704],[-2.96154,53.45776]]]},"properties":{"h3":"8919510748fffff","c":1,"f":0,"cs":2.8,"fs":0.0,"score":1.0,"pct":75,"price":141500,"n":134,"outcode":"L9","apprec":1.79,"value":0.441}},{"type":"Feature","geometry":{"type":"Polygon","coordinates":[[[-2.95831,53.46322],[-2.96047,53.46222],[-2.95992,53.46049],[-2.95721,53.45977],[-2.95505,53.46078],[-2.9556,53.4625],[-2.95831,53.46322]]]},"properties":{"h3":"89195107493ffff","c":0,"f":0,"cs":3.8,"fs":1.2,"score":0.52,"pct":11,"price":130000,"n":97,"outcode":"L9","apprec":1.79,"value":-0.124}},{"type":"Feature","geometry":{"type":"Polygon","coordinates":[[[-2.95505,53.46078],[-2.95721,53.45977],[-2.95666,53.45805],[-2.95395,53.45733],[-2.95179,53.45833],[-2.95233,53.46006],[-2.95505,53.46078]]]},"properties":{"h3":"89195107497ffff","c":0,"f":0,"cs":2.2,"fs":0.3,"score":0.777,"pct":27,"price":138750,"n":58,"outcode":"L9","apprec":1.79,"value":-0.011}},{"type":"Feature","geometry":{"type":"Polygon","coordinates":[[[-2.96319,53.46294],[-2.96535,53.46193],[-2.9648,53.4602],[-2.96209,53.45948],[-2.95992,53.46049],[-2.96047,53.46222],[-2.96319,53.46294]]]},"properties":{"h3":"8919510749bffff","c":2,"f":0,"cs":4.6,"fs":1.2,"score":0.585,"pct":14,"price":142500,"n":144,"outcode":"L9","apprec":1.79,"value":-0.191}},{"type":"Feature","geometry":{"type":"Polygon","coordinates":[[[-2.95989,53.45258],[-2.96205,53.45157],[-2.9615,53.44985],[-2.95879,53.44913],[-2.95663,53.45014],[-2.95718,53.45186],[-2.95989,53.45258]]]},"properties":{"h3":"891951074abffff","c":0,"f":0,"cs":2.8,"fs":0.0,"score":1.0,"pct":75,"price":140000,"n":72,"outcode":"L9","apprec":1.79,"value":0.457}},{"type":"Feature","geometry":{"type":"Polygon","coordinates":[[[-2.95828,53.45531],[-2.96044,53.45431],[-2.95989,53.45258],[-2.95718,53.45186],[-2.95501,53.45287],[-2.95556,53.45459],[-2.95828,53.45531]]]},"properties":{"h3":"891951074bbffff","c":0,"f":0,"cs":2.1,"fs":0.0,"score":1.0,"pct":75,"price":145000,"n":110,"outcode":"L9","apprec":1.79,"value":0.421}},{"type":"Feature","geometry":{"type":"Polygon","coordinates":[[[-2.97294,53.46236],[-2.97511,53.46135],[-2.97456,53.45963],[-2.97184,53.45891],[-2.96968,53.45991],[-2.97023,53.46164],[-2.97294,53.46236]]]},"properties":{"h3":"891951074c3ffff","c":0,"f":0,"cs":3.0,"fs":0.0,"score":1.0,"pct":75,"price":150000,"n":183,"outcode":"L9","apprec":1.79,"value":0.392}},{"type":"Feature","geometry":{"type":"Polygon","coordinates":[[[-2.97133,53.46509],[-2.97349,53.46409],[-2.97294,53.46236],[-2.97023,53.46164],[-2.96806,53.46265],[-2.96861,53.46437],[-2.97133,53.46509]]]},"properties":{"h3":"891951074d3ffff","c":4,"f":0,"cs":5.1,"fs":0.3,"score":0.9,"pct":41,"price":152250,"n":182,"outcode":"L9","apprec":1.79,"value":0.031}},{"type":"Feature","geometry":{"type":"Polygon","coordinates":[[[-2.96806,53.46265],[-2.97023,53.46164],[-2.96968,53.45991],[-2.96696,53.4592],[-2.9648,53.4602],[-2.96535,53.46193],[-2.96806,53.46265]]]},"properties":{"h3":"891951074d7ffff","c":0,"f":0,"cs":4.7,"fs":0.3,"score":0.89,"pct":39,"price":150500,"n":166,"outcode":"L9","apprec":1.79,"value":0.021}},{"type":"Feature","geometry":{"type":"Polygon","coordinates":[[[-2.97621,53.4648],[-2.97837,53.4638],[-2.97782,53.46207],[-2.97511,53.46135],[-2.97294,53.46236],[-2.97349,53.46409],[-2.97621,53.4648]]]},"properties":{"h3":"891951074dbffff","c":0,"f":0,"cs":2.7,"fs":0.0,"score":1.0,"pct":75,"price":150000,"n":124,"outcode":"L20","apprec":1.6,"value":0.392}},{"type":"Feature","geometry":{"type":"Polygon","coordinates":[[[-2.94029,53.43],[-2.94245,53.42899],[-2.9419,53.42727],[-2.93919,53.42655],[-2.93703,53.42755],[-2.93758,53.42928],[-2.94029,53.43]]]},"properties":{"h3":"89195107523ffff","c":0,"f":0,"cs":1.7,"fs":0.1,"score":0.852,"pct":34,"price":166000,"n":348,"outcode":"L6","apprec":1.87,"value":-0.13}},{"type":"Feature","geometry":{"type":"Polygon","coordinates":[[[-2.93703,53.42755],[-2.93919,53.42655],[-2.93864,53.42482],[-2.93593,53.4241],[-2.93377,53.42511],[-2.93432,53.42683],[-2.93703,53.42755]]]},"properties":{"h3":"89195107527ffff","c":0,"f":0,"cs":3.3,"fs":0.6,"score":0.69,"pct":21,"price":130000,"n":276,"outcode":"L6","apprec":1.87,"value":-0.018}},{"type":"Feature","geometry":{"type":"Polygon","coordinates":[[[-2.94516,53.42971],[-2.94732,53.4287],[-2.94677,53.42698],[-2.94406,53.42626],[-2.9419,53.42727],[-2.94245,53.42899],[-2.94516,53.42971]]]},"properties":{"h3":"8919510752bffff","c":0,"f":0,"cs":2.4,"fs":0.0,"score":1.0,"pct":75,"price":160000,"n":333,"outcode":"L6","apprec":1.87,"value":0.32}},{"type":"Feature","geometry":{"type":"Polygon","coordinates":[[[-2.9419,53.42727],[-2.94406,53.42626],[-2.94351,53.42453],[-2.9408,53.42381],[-2.93864,53.42482],[-2.93919,53.42655],[-2.9419,53.42727]]]},"properties":{"h3":"8919510752fffff","c":1,"f":0,"cs":2.6,"fs":0.1,"score":0.899,"pct":41,"price":126500,"n":226,"outcode":"L6","apprec":1.87,"value":0.208}},{"type":"Feature","geometry":{"type":"Polygon","coordinates":[[[-2.93541,53.43029],[-2.93758,53.42928],[-2.93703,53.42755],[-2.93432,53.42683],[-2.93215,53.42784],[-2.9327,53.42957],[-2.93541,53.43029]]]},"properties":{"h3":"89195107537ffff","c":0,"f":0,"cs":1.9,"fs":0.1,"score":0.866,"pct":36,"price":140000,"n":272,"outcode":"L13","apprec":1.86,"value":0.067}},{"type":"Feature","geometry":{"type":"Polygon","coordinates":[[[-2.96308,53.4392],[-2.96524,53.4382],[-2.96469,53.43647],[-2.96198,53.43575],[-2.95982,53.43676],[-2.96037,53.43848],[-2.96308,53.4392]]]},"properties":{"h3":"8919510754bffff","c":0,"f":0,"cs":1.4,"fs":0.3,"score":0.68,"pct":20,"price":94000,"n":47,"outcode":"L4","apprec":2.18,"value":0.165}},{"type":"Feature","geometry":{"type":"Polygon","coordinates":[[[-2.95982,53.43676],[-2.96198,53.43575],[-2.96143,53.43402],[-2.95872,53.43331],[-2.95656,53.43431],[-2.9571,53.43604],[-2.95982,53.43676]]]},"properties":{"h3":"8919510754fffff","c":1,"f":0,"cs":1.8,"fs":0.0,"score":1.0,"pct":75,"price":123250,"n":34,"outcode":"L4","apprec":2.18,"value":0.572}},{"type":"Feature","geometry":{"type":"Polygon","coordinates":[[[-2.95329,53.43187],[-2.95546,53.43086],[-2.95491,53.42913],[-2.9522,53.42842],[-2.95003,53.42942],[-2.95058,53.43115],[-2.95329,53.43187]]]},"properties":{"h3":"89195107563ffff","c":1,"f":0,"cs":4.0,"fs":0.0,"score":1.0,"pct":75,"price":110000,"n":216,"outcode":"L4","apprec":2.18,"value":0.646}},{"type":"Feature","geometry":{"type":"Polygon","coordinates":[[[-2.95003,53.42942],[-2.9522,53.42842],[-2.95165,53.42669],[-2.94893,53.42597],[-2.94677,53.42698],[-2.94732,53.4287],[-2.95003,53.42942]]]},"properties":{"h3":"89195107567ffff","c":1,"f":0,"cs":4.6,"fs":0.0,"score":1.0,"pct":75,"price":100000,"n":193,"outcode":"L4","apprec":2.18,"value":0.685}},{"type":"Feature","geometry":{"type":"Polygon","coordinates":[[[-2.95817,53.43158],[-2.96033,53.43057],[-2.95978,53.42885],[-2.95707,53.42813],[-2.95491,53.42913],[-2.95546,53.43086],[-2.95817,53.43158]]]},"properties":{"h3":"8919510756bffff","c":0,"f":0,"cs":5.0,"fs":0.0,"score":1.0,"pct":75,"price":119000,"n":147,"outcode":"L4","apprec":2.18,"value":0.601}},{"type":"Feature","geometry":{"type":"Polygon","coordinates":[[[-2.95491,53.42913],[-2.95707,53.42813],[-2.95652,53.4264],[-2.95381,53.42568],[-2.95165,53.42669],[-2.9522,53.42842],[-2.95491,53.42913]]]},"properties":{"h3":"8919510756fffff","c":0,"f":0,"cs":7.3,"fs":0.0,"score":1.0,"pct":75,"price":105000,"n":226,"outcode":"L4","apprec":2.18,"value":0.668}},{"type":"Feature","geometry":{"type":"Polygon","coordinates":[[[-2.95168,53.4346],[-2.95384,53.43359],[-2.95329,53.43187],[-2.95058,53.43115],[-2.94842,53.43216],[-2.94897,53.43388],[-2.95168,53.4346]]]},"properties":{"h3":"89195107573ffff","c":1,"f":0,"cs":1.9,"fs":0.0,"score":1.0,"pct":75,"price":120000,"n":155,"outcode":"L4","apprec":2.18,"value":0.592}},{"type":"Feature","geometry":{"type":"Polygon","coordinates":[[[-2.94842,53.43216],[-2.95058,53.43115],[-2.95003,53.42942],[-2.94732,53.4287],[-2.94516,53.42971],[-2.94571,53.43144],[-2.94842,53.43216]]]},"properties":{"h3":"89195107577ffff","c":0,"f":0,"cs":2.4,"fs":0.0,"score":1.0,"pct":75,"price":126500,"n":268,"outcode":"L6","apprec":1.87,"value":0.552}},{"type":"Feature","geometry":{"type":"Polygon","coordinates":[[[-2.95656,53.43431],[-2.95872,53.43331],[-2.95817,53.43158],[-2.95546,53.43086],[-2.95329,53.43187],[-2.95384,53.43359],[-2.95656,53.43431]]]},"properties":{"h3":"8919510757bffff","c":0,"f":0,"cs":2.8,"fs":0.0,"score":1.0,"pct":75,"price":120000,"n":127,"outcode":"L4","apprec":2.18,"value":0.592}},{"type":"Feature","geometry":{"type":"Polygon","coordinates":[[[-2.93709,53.44338],[-2.93925,53.44237],[-2.93871,53.44064],[-2.93599,53.43992],[-2.93383,53.44093],[-2.93438,53.44266],[-2.93709,53.44338]]]},"properties":{"h3":"89195107583ffff","c":0,"f":0,"cs":1.0,"fs":0.6,"score":0.251,"pct":2,"price":150150,"n":58,"outcode":"L4","apprec":2.18,"value":-0.348}},{"type":"Feature","geometry":{"type":"Polygon","coordinates":[[[-2.93383,53.44093],[-2.93599,53.43992],[-2.93545,53.4382],[-2.93273,53.43748],[-2.93057,53.43849],[-2.93112,53.44021],[-2.93383,53.44093]]]},"properties":{"h3":"89195107587ffff","c":0,"f":0,"cs":1.9,"fs":0.6,"score":0.514,"pct":10,"price":160000,"n":67,"outcode":"L11","apprec":2.06,"value":-0.335}},{"type":"Feature","geometry":{"type":"Polygon","coordinates":[[[-2.93871,53.44064],[-2.94087,53.43964],[-2.94032,53.43791],[-2.93761,53.43719],[-2.93545,53.4382],[-2.93599,53.43992],[-2.93871,53.44064]]]},"properties":{"h3":"8919510758fffff","c":0,"f":0,"cs":1.5,"fs":0.1,"score":0.833,"pct":32,"price":150000,"n":67,"outcode":"L4","apprec":2.18,"value":-0.045}},{"type":"Feature","geometry":{"type":"Polygon","coordinates":[[[-2.93222,53.44366],[-2.93438,53.44266],[-2.93383,53.44093],[-2.93112,53.44021],[-2.92896,53.44122],[-2.92951,53.44294],[-2.93222,53.44366]]]},"properties":{"h3":"89195107597ffff","c":0,"f":1,"cs":1.5,"fs":1.0,"score":0.195,"pct":2,"price":150000,"n":54,"outcode":"L11","apprec":2.06,"value":-0.348}},{"type":"Feature","geometry":{"type":"Polygon","coordinates":[[[-2.93219,53.43575],[-2.93435,53.43475],[-2.9338,53.43302],[-2.93109,53.4323],[-2.92893,53.43331],[-2.92947,53.43503],[-2.93219,53.43575]]]},"properties":{"h3":"891951075a3ffff","c":0,"f":0,"cs":2.8,"fs":0.0,"score":1.0,"pct":75,"price":155000,"n":103,"outcode":"L13","apprec":1.86,"value":0.352}},{"type":"Feature","geometry":{"type":"Polygon","coordinates":[[[-2.92893,53.43331],[-2.93109,53.4323],[-2.93054,53.43057],[-2.92783,53.42985],[-2.92567,53.43086],[-2.92622,53.43259],[-2.92893,53.43331]]]},"properties":{"h3":"891951075a7ffff","c":0,"f":0,"cs":2.4,"fs":0.0,"score":1.0,"pct":75,"price":152500,"n":123,"outcode":"L13","apprec":1.86,"value":0.37}},{"type":"Feature","geometry":{"type":"Polygon","coordinates":[[[-2.93706,53.43547],[-2.93922,53.43446],[-2.93867,53.43273],[-2.93596,53.43201],[-2.9338,53.43302],[-2.93435,53.43475],[-2.93706,53.43547]]]},"properties":{"h3":"891951075abffff","c":1,"f":0,"cs":2.0,"fs":0.0,"score":1.0,"pct":75,"price":148000,"n":87,"outcode":"L13","apprec":1.86,"value":0.407}},{"type":"Feature","geometry":{"type":"Polygon","coordinates":[[[-2.9338,53.43302],[-2.93596,53.43201],[-2.93541,53.43029],[-2.9327,53.42957],[-2.93054,53.43057],[-2.93109,53.4323],[-2.9338,53.43302]]]},"properties":{"h3":"891951075afffff","c":0,"f":0,"cs":1.8,"fs":0.0,"score":1.0,"pct":75,"price":140000,"n":133,"outcode":"L13","apprec":1.86,"value":0.457}},{"type":"Feature","geometry":{"type":"Polygon","coordinates":[[[-2.93057,53.43849],[-2.93273,53.43748],[-2.93219,53.43575],[-2.92947,53.43503],[-2.92731,53.43604],[-2.92786,53.43777],[-2.93057,53.43849]]]},"properties":{"h3":"891951075b3ffff","c":0,"f":0,"cs":2.8,"fs":0.1,"score":0.909,"pct":43,"price":164500,"n":84,"outcode":"L11","apprec":2.06,"value":-0.028}},{"type":"Feature","geometry":{"type":"Polygon","coordinates":[[[-2.92731,53.43604],[-2.92947,53.43503],[-2.92893,53.43331],[-2.92622,53.43259],[-2.92405,53.43359],[-2.9246,53.43532],[-2.92731,53.43604]]]},"properties":{"h3":"891951075b7ffff","c":2,"f":0,"cs":3.1,"fs":0.0,"score":1.0,"pct":75,"price":165000,"n":88,"outcode":"L13","apprec":1.86,"value":0.287}},{"type":"Feature","geometry":{"type":"Polygon","coordinates":[[[-2.93545,53.4382],[-2.93761,53.43719],[-2.93706,53.43547],[-2.93435,53.43475],[-2.93219,53.43575],[-2.93273,53.43748],[-2.93545,53.4382]]]},"properties":{"h3":"891951075bbffff","c":1,"f":0,"cs":2.1,"fs":0.1,"score":0.881,"pct":39,"price":165000,"n":68,"outcode":"L4","apprec":2.18,"value":-0.08}},{"type":"Feature","geometry":{"type":"Polygon","coordinates":[[[-3.00217,53.45271],[-3.00433,53.45171],[-3.00378,53.44998],[-3.00106,53.44926],[-2.9989,53.45027],[-2.99945,53.452],[-3.00217,53.45271]]]},"properties":{"h3":"89195107603ffff","c":0,"f":0,"cs":1.8,"fs":0.3,"score":0.742,"pct":24,"price":90000,"n":26,"outcode":"L20","apprec":1.6,"value":0.216}},{"type":"Feature","geometry":{"type":"Polygon","coordinates":[[[-2.9989,53.45027],[-3.00106,53.44926],[-3.00051,53.44754],[-2.9978,53.44682],[-2.99564,53.44783],[-2.99619,53.44955],[-2.9989,53.45027]]]},"properties":{"h3":"89195107607ffff","c":0,"f":0,"cs":3.3,"fs":0.3,"score":0.849,"pct":34,"price":83750,"n":32,"outcode":"L20","apprec":1.6,"value":0.33}},{"type":"Feature","geometry":{"type":"Polygon","coordinates":[[[-3.00378,53.44998],[-3.00594,53.44897],[-3.00539,53.44725],[-3.00267,53.44653],[-3.00051,53.44754],[-3.00106,53.44926],[-3.00378,53.44998]]]},"properties":{"h3":"8919510760fffff","c":1,"f":0,"cs":2.0,"fs":0.0,"score":1.0,"pct":75,"n":1}},{"type":"Feature","geometry":{"type":"Polygon","coordinates":[[[-3.00055,53.45545],[-3.00272,53.45444],[-3.00217,53.45271],[-2.99945,53.452],[-2.99729,53.453],[-2.99784,53.45473],[-3.00055,53.45545]]]},"properties":{"h3":"89195107613ffff","c":0,"f":0,"cs":2.0,"fs":0.3,"score":0.757,"pct":26,"price":92000,"n":55,"outcode":"L20","apprec":1.6,"value":0.228}},{"type":"Feature","geometry":{"type":"Polygon","coordinates":[[[-2.99729,53.453],[-2.99945,53.452],[-2.9989,53.45027],[-2.99619,53.44955],[-2.99402,53.45056],[-2.99457,53.45228],[-2.99729,53.453]]]},"properties":{"h3":"89195107617ffff","c":0,"f":0,"cs":4.9,"fs":1.2,"score":0.6,"pct":14,"price":92000,"n":43,"outcode":"L20","apprec":1.6,"value":0.107}},{"type":"Feature","geometry":{"type":"Polygon","coordinates":[[[-2.99725,53.44509],[-2.99941,53.44408],[-2.99886,53.44236],[-2.99614,53.44164],[-2.99398,53.44265],[-2.99453,53.44437],[-2.99725,53.44509]]]},"properties":{"h3":"89195107623ffff","c":0,"f":0,"cs":3.7,"fs":0.1,"score":0.93,"pct":45,"price":135000,"n":41,"outcode":"L20","apprec":1.6,"value":0.196}},{"type":"Feature","geometry":{"type":"Polygon","coordinates":[[[-2.99398,53.44265],[-2.99614,53.44164],[-2.99559,53.43991],[-2.99288,53.43919],[-2.99072,53.4402],[-2.99127,53.44193],[-2.99398,53.44265]]]},"properties":{"h3":"89195107627ffff","c":0,"f":0,"cs":2.4,"fs":0.1,"score":0.895,"pct":40,"price":135000,"n":51,"outcode":"L20","apprec":1.6,"value":0.14}},{"type":"Feature","geometry":{"type":"Polygon","coordinates":[[[-3.00212,53.4448],[-3.00429,53.44379],[-3.00373,53.44207],[-3.00102,53.44135],[-2.99886,53.44236],[-2.99941,53.44408],[-3.00212,53.4448]]]},"properties":{"h3":"8919510762bffff","c":2,"f":0,"cs":3.5,"fs":0.0,"score":1.0,"pct":75,"n":3}},{"type":"Feature","geometry":{"type":"Polygon","coordinates":[[[-2.99886,53.44236],[-3.00102,53.44135],[-3.00047,53.43962],[-2.99776,53.4389],[-2.99559,53.43991],[-2.99614,53.44164],[-2.99886,53.44236]]]},"properties":{"h3":"8919510762fffff","c":1,"f":0,"cs":2.8,"fs":0.0,"score":1.0,"pct":75,"n":4}},{"type":"Feature","geometry":{"type":"Polygon","coordinates":[[[-2.99564,53.44783],[-2.9978,53.44682],[-2.99725,53.44509],[-2.99453,53.44437],[-2.99237,53.44538],[-2.99292,53.44711],[-2.99564,53.44783]]]},"properties":{"h3":"89195107633ffff","c":1,"f":0,"cs":4.1,"fs":0.4,"score":0.82,"pct":30,"price":135000,"n":60,"outcode":"L20","apprec":1.6,"value":0.035}},{"type":"Feature","geometry":{"type":"Polygon","coordinates":[[[-2.99237,53.44538],[-2.99453,53.44437],[-2.99398,53.44265],[-2.99127,53.44193],[-2.98911,53.44294],[-2.98966,53.44466],[-2.99237,53.44538]]]},"properties":{"h3":"89195107637ffff","c":0,"f":0,"cs":3.6,"fs":0.6,"score":0.715,"pct":23,"price":115000,"n":70,"outcode":"L20","apprec":1.6,"value":0.09}},{"type":"Feature","geometry":{"type":"Polygon","coordinates":[[[-3.00051,53.44754],[-3.00267,53.44653],[-3.00212,53.4448],[-2.99941,53.44408],[-2.99725,53.44509],[-2.9978,53.44682],[-3.00051,53.44754]]]},"properties":{"h3":"8919510763bffff","c":1,"f":0,"cs":3.7,"fs":0.0,"score":1.0,"pct":75,"price":81250,"n":10,"outcode":"L20","apprec":1.6,"value":0.747}},{"type":"Feature","geometry":{"type":"Polygon","coordinates":[[[-3.007,53.44451],[-3.00916,53.4435],[-3.00861,53.44178],[-3.0059,53.44106],[-3.00373,53.44207],[-3.00429,53.44379],[-3.007,53.44451]]]},"properties":{"h3":"89195107667ffff","c":0,"f":0,"cs":1.6,"fs":0.0,"score":1.0,"pct":75,"n":0}},{"type":"Feature","geometry":{"type":"Polygon","coordinates":[[[-3.00539,53.44725],[-3.00755,53.44624],[-3.007,53.44451],[-3.00429,53.44379],[-3.00212,53.4448],[-3.00267,53.44653],[-3.00539,53.44725]]]},"properties":{"h3":"89195107677ffff","c":0,"f":0,"cs":2.7,"fs":0.0,"score":1.0,"pct":75,"n":1}},{"type":"Feature","geometry":{"type":"Polygon","coordinates":[[[-2.99406,53.45847],[-2.99623,53.45746],[-2.99568,53.45574],[-2.99296,53.45502],[-2.9908,53.45603],[-2.99135,53.45775],[-2.99406,53.45847]]]},"properties":{"h3":"89195107683ffff","c":0,"f":0,"cs":3.8,"fs":0.3,"score":0.866,"pct":36,"price":105000,"n":77,"outcode":"L20","apprec":1.6,"value":0.278}},{"type":"Feature","geometry":{"type":"Polygon","coordinates":[[[-2.9908,53.45603],[-2.99296,53.45502],[-2.99241,53.45329],[-2.9897,53.45257],[-2.98753,53.45358],[-2.98808,53.45531],[-2.9908,53.45603]]]},"properties":{"h3":"89195107687ffff","c":2,"f":0,"cs":6.3,"fs":1.2,"score":0.678,"pct":20,"price":96500,"n":54,"outcode":"L20","apprec":1.6,"value":0.139}},{"type":"Feature","geometry":{"type":"Polygon","coordinates":[[[-2.99894,53.45818],[-3.0011,53.45717],[-3.00055,53.45545],[-2.99784,53.45473],[-2.99568,53.45574],[-2.99623,53.45746],[-2.99894,53.45818]]]},"properties":{"h3":"8919510768bffff","c":0,"f":0,"cs":2.8,"fs":0.3,"score":0.826,"pct":31,"price":102000,"n":81,"outcode":"L20","apprec":1.6,"value":0.229}},{"type":"Feature","geometry":{"type":"Polygon","coordinates":[[[-2.99568,53.45574],[-2.99784,53.45473],[-2.99729,53.453],[-2.99457,53.45228],[-2.99241,53.45329],[-2.99296,53.45502],[-2.99568,53.45574]]]},"properties":{"h3":"8919510768fffff","c":0,"f":0,"cs":5.7,"fs":1.2,"score":0.647,"pct":17,"price":90000,"n":51,"outcode":"L20","apprec":1.6,"value":0.144}},{"type":"Feature","geometry":{"type":"Polygon","coordinates":[[[-2.99245,53.4612],[-2.99462,53.4602],[-2.99406,53.45847],[-2.99135,53.45775],[-2.98919,53.45876],[-2.98974,53.46049],[-2.99245,53.4612]]]},"properties":{"h3":"89195107693ffff","c":2,"f":0,"cs":3.6,"fs":0.0,"score":1.0,"pct":75,"price":110000,"n":93,"outcode":"L20","apprec":1.6,"value":0.646}},{"type":"Feature","geometry":{"type":"Polygon","coordinates":[[[-2.98919,53.45876],[-2.99135,53.45775],[-2.9908,53.45603],[-2.98808,53.45531],[-2.98592,53.45632],[-2.98647,53.45804],[-2.98919,53.45876]]]},"properties":{"h3":"89195107697ffff","c":0,"f":0,"cs":4.1,"fs":0.3,"score":0.877,"pct":38,"price":106000,"n":71,"outcode":"L20","apprec":1.6,"value":0.293}},{"type":"Feature","geometry":{"type":"Polygon","coordinates":[[[-2.99733,53.46091],[-2.99949,53.45991],[-2.99894,53.45818],[-2.99623,53.45746],[-2.99406,53.45847],[-2.99462,53.4602],[-2.99733,53.46091]]]},"properties":{"h3":"8919510769bffff","c":0,"f":0,"cs":3.1,"fs":0.0,"score":1.0,"pct":75,"price":95000,"n":109,"outcode":"L20","apprec":1.6,"value":0.713}},{"type":"Feature","geometry":{"type":"Polygon","coordinates":[[[-2.98915,53.45085],[-2.99131,53.44984],[-2.99076,53.44811],[-2.98804,53.4474],[-2.98588,53.4484],[-2.98643,53.45013],[-2.98915,53.45085]]]},"properties":{"h3":"891951076a3ffff","c":2,"f":0,"cs":7.1,"fs":1.3,"score":0.679,"pct":20,"price":81000,"n":64,"outcode":"L20","apprec":1.6,"value":0.192}},{"type":"Feature","geometry":{"type":"Polygon","coordinates":[[[-2.98588,53.4484],[-2.98804,53.4474],[-2.98749,53.44567],[-2.98478,53.44495],[-2.98262,53.44596],[-2.98317,53.44769],[-2.98588,53.4484]]]},"properties":{"h3":"891951076a7ffff","c":0,"f":0,"cs":4.6,"fs":0.9,"score":0.679,"pct":20,"price":105000,"n":89,"outcode":"L20","apprec":1.6,"value":0.112}},{"type":"Feature","geometry":{"type":"Polygon","coordinates":[[[-2.99402,53.45056],[-2.99619,53.44955],[-2.99564,53.44783],[-2.99292,53.44711],[-2.99076,53.44811],[-2.99131,53.44984],[-2.99402,53.45056]]]},"properties":{"h3":"891951076abffff","c":0,"f":0,"cs":6.9,"fs":1.3,"score":0.672,"pct":20,"price":79975,"n":42,"outcode":"L20","apprec":1.6,"value":0.187}},{"type":"Feature","geometry":{"type":"Polygon","coordinates":[[[-2.99076,53.44811],[-2.99292,53.44711],[-2.99237,53.44538],[-2.98966,53.44466],[-2.98749,53.44567],[-2.98804,53.4474],[-2.99076,53.44811]]]},"properties":{"h3":"891951076afffff","c":1,"f":0,"cs":5.1,"fs":0.9,"score":0.707,"pct":22,"price":116000,"n":75,"outcode":"L20","apprec":1.6,"value":0.077}},{"type":"Feature","geometry":{"type":"Polygon","coordinates":[[[-2.98753,53.45358],[-2.9897,53.45257],[-2.98915,53.45085],[-2.98643,53.45013],[-2.98427,53.45114],[-2.98482,53.45286],[-2.98753,53.45358]]]},"properties":{"h3":"891951076b3ffff","c":0,"f":0,"cs":6.3,"fs":1.2,"score":0.679,"pct":20,"price":110000,"n":82,"outcode":"L20","apprec":1.6,"value":0.09}},{"type":"Feature","geometry":{"type":"Polygon","coordinates":[[[-2.98427,53.45114],[-2.98643,53.45013],[-2.98588,53.4484],[-2.98317,53.44769],[-2.98101,53.44869],[-2.98156,53.45042],[-2.98427,53.45114]]]},"properties":{"h3":"891951076b7ffff","c":0,"f":0,"cs":2.8,"fs":0.4,"score":0.75,"pct":25,"price":117000,"n":83,"outcode":"L20","apprec":1.6,"value":0.104}},{"type":"Feature","geometry":{"type":"Polygon","coordinates":[[[-2.99241,53.45329],[-2.99457,53.45228],[-2.99402,53.45056],[-2.99131,53.44984],[-2.98915,53.45085],[-2.9897,53.45257],[-2.99241,53.45329]]]},"properties":{"h3":"891951076bbffff","c":6,"f":2,"cs":8.7,"fs":2.0,"score":0.626,"pct":16,"price":85000,"n":55,"outcode":"L20","apprec":1.6,"value":0.145}},{"type":"Feature","geometry":{"type":"Polygon","coordinates":[[[-3.00709,53.46034],[-3.00925,53.45933],[-3.0087,53.4576],[-3.00598,53.45688],[-3.00382,53.45789],[-3.00437,53.45962],[-3.00709,53.46034]]]},"properties":{"h3":"891951076c3ffff","c":0,"f":0,"cs":2.1,"fs":0.0,"score":1.0,"pct":75,"price":92000,"n":112,"outcode":"L20","apprec":1.6,"value":0.724}},{"type":"Feature","geometry":{"type":"Polygon","coordinates":[[[-3.00382,53.45789],[-3.00598,53.45688],[-3.00543,53.45516],[-3.00272,53.45444],[-3.00055,53.45545],[-3.0011,53.45717],[-3.00382,53.45789]]]},"properties":{"h3":"891951076c7ffff","c":1,"f":0,"cs":1.7,"fs":0.0,"score":1.0,"pct":75,"price":95000,"n":91,"outcode":"L20","apprec":1.6,"value":0.713}},{"type":"Feature","geometry":{"type":"Polygon","coordinates":[[[-3.00547,53.46307],[-3.00764,53.46206],[-3.00709,53.46034],[-3.00437,53.45962],[-3.00221,53.46062],[-3.00276,53.46235],[-3.00547,53.46307]]]},"properties":{"h3":"891951076d3ffff","c":1,"f":0,"cs":3.8,"fs":0.0,"score":1.0,"pct":75,"price":88000,"n":129,"outcode":"L20","apprec":1.6,"value":0.734}},{"type":"Feature","geometry":{"type":"Polygon","coordinates":[[[-3.00221,53.46062],[-3.00437,53.45962],[-3.00382,53.45789],[-3.0011,53.45717],[-2.99894,53.45818],[-2.99949,53.45991],[-3.00221,53.46062]]]},"properties":{"h3":"891951076d7ffff","c":1,"f":0,"cs":3.0,"fs":0.0,"score":1.0,"pct":75,"price":90000,"n":141,"outcode":"L20","apprec":1.6,"value":0.729}},{"type":"Feature","geometry":{"type":"Polygon","coordinates":[[[-3.01035,53.46278],[-3.01252,53.46177],[-3.01196,53.46005],[-3.00925,53.45933],[-3.00709,53.46034],[-3.00764,53.46206],[-3.01035,53.46278]]]},"properties":{"h3":"891951076dbffff","c":0,"f":0,"cs":2.1,"fs":0.0,"score":1.0,"pct":75,"price":103000,"n":106,"outcode":"L21","apprec":1.94,"value":0.672}},{"type":"Feature","geometry":{"type":"Polygon","coordinates":[[[-3.1837,53.36782],[-3.18586,53.3668],[-3.1853,53.36507],[-3.18258,53.36436],[-3.18042,53.36537],[-3.18098,53.3671],[-3.1837,53.36782]]]},"properties":{"h3":"8919510c003ffff","c":0,"f":0,"cs":4.7,"fs":0.0,"score":1.0,"pct":75,"price":322500,"n":126,"outcode":"CH48","apprec":1.67,"value":-0.192}},{"type":"Feature","geometry":{"type":"Polygon","coordinates":[[[-3.18857,53.36752],[-3.19073,53.3665],[-3.19017,53.36478],[-3.18746,53.36406],[-3.1853,53.36507],[-3.18586,53.3668],[-3.18857,53.36752]]]},"properties":{"h3":"8919510c00bffff","c":0,"f":0,"cs":2.3,"fs":0.0,"score":1.0,"pct":75,"price":325000,"n":43,"outcode":"CH48","apprec":1.67,"value":-0.194}},{"type":"Feature","geometry":{"type":"Polygon","coordinates":[[[-3.18209,53.37056],[-3.18425,53.36954],[-3.1837,53.36782],[-3.18098,53.3671],[-3.17882,53.36811],[-3.17938,53.36984],[-3.18209,53.37056]]]},"properties":{"h3":"8919510c013ffff","c":5,"f":0,"cs":12.8,"fs":0.0,"score":1.0,"pct":75,"price":306500,"n":214,"outcode":"CH48","apprec":1.67,"value":-0.177}},{"type":"Feature","geometry":{"type":"Polygon","coordinates":[[[-3.17882,53.36811],[-3.18098,53.3671],[-3.18042,53.36537],[-3.17771,53.36466],[-3.17555,53.36567],[-3.17611,53.3674],[-3.17882,53.36811]]]},"properties":{"h3":"8919510c017ffff","c":0,"f":0,"cs":4.5,"fs":0.0,"score":1.0,"pct":75,"price":383750,"n":156,"outcode":"CH48","apprec":1.67,"value":-0.228}},{"type":"Feature","geometry":{"type":"Polygon","coordinates":[[[-3.18697,53.37026],[-3.18913,53.36924],[-3.18857,53.36752],[-3.18586,53.3668],[-3.1837,53.36782],[-3.18425,53.36954],[-3.18697,53.37026]]]},"properties":{"h3":"8919510c01bffff","c":0,"f":0,"cs":11.3,"fs":0.0,"score":1.0,"pct":75,"price":308000,"n":129,"outcode":"CH48","apprec":1.67,"value":-0.179}},{"type":"Feature","geometry":{"type":"Polygon","coordinates":[[[-3.19512,53.3724],[-3.19728,53.37139],[-3.19672,53.36966],[-3.194,53.36894],[-3.19184,53.36996],[-3.1924,53.37169],[-3.19512,53.3724]]]},"properties":{"h3":"8919510c053ffff","c":0,"f":0,"cs":2.1,"fs":0.0,"score":1.0,"pct":75,"n":0}},{"type":"Feature","geometry":{"type":"Polygon","coordinates":[[[-3.19184,53.36996],[-3.194,53.36894],[-3.19345,53.36722],[-3.19073,53.3665],[-3.18857,53.36752],[-3.18913,53.36924],[-3.19184,53.36996]]]},"properties":{"h3":"8919510c057ffff","c":0,"f":0,"cs":2.8,"fs":0.0,"score":1.0,"pct":75,"price":300000,"n":25,"outcode":"CH48","apprec":1.67,"value":-0.167}},{"type":"Feature","geometry":{"type":"Polygon","coordinates":[[[-3.17562,53.3736],[-3.17778,53.37258],[-3.17722,53.37086],[-3.1745,53.37014],[-3.17234,53.37115],[-3.1729,53.37288],[-3.17562,53.3736]]]},"properties":{"h3":"8919510c083ffff","c":0,"f":0,"cs":3.2,"fs":0.0,"score":1.0,"pct":75,"price":390000,"n":111,"outcode":"CH48","apprec":1.67,"value":-0.23}},{"type":"Feature","geometry":{"type":"Polygon","coordinates":[[[-3.18049,53.3733],[-3.18265,53.37228],[-3.18209,53.37056],[-3.17938,53.36984],[-3.17722,53.37086],[-3.17778,53.37258],[-3.18049,53.3733]]]},"properties":{"h3":"8919510c08bffff","c":0,"f":0,"cs":14.1,"fs":0.0,"score":1.0,"pct":75,"price":315000,"n":205,"outcode":"CH48","apprec":1.67,"value":-0.185}},{"type":"Feature","geometry":{"type":"Polygon","coordinates":[[[-3.17722,53.37086],[-3.17938,53.36984],[-3.17882,53.36811],[-3.17611,53.3674],[-3.17395,53.36841],[-3.1745,53.37014],[-3.17722,53.37086]]]},"properties":{"h3":"8919510c08fffff","c":0,"f":0,"cs":5.5,"fs":0.0,"score":1.0,"pct":75,"price":335000,"n":165,"outcode":"CH48","apprec":1.67,"value":-0.201}},{"type":"Feature","geometry":{"type":"Polygon","coordinates":[[[-3.17401,53.37634],[-3.17617,53.37532],[-3.17562,53.3736],[-3.1729,53.37288],[-3.17074,53.3739],[-3.1713,53.37562],[-3.17401,53.37634]]]},"properties":{"h3":"8919510c093ffff","c":0,"f":0,"cs":1.6,"fs":0.0,"score":1.0,"pct":75,"price":320000,"n":117,"outcode":"CH48","apprec":1.67,"value":-0.189}},{"type":"Feature","geometry":{"type":"Polygon","coordinates":[[[-3.17889,53.37604],[-3.18105,53.37503],[-3.18049,53.3733],[-3.17778,53.37258],[-3.17562,53.3736],[-3.17617,53.37532],[-3.17889,53.37604]]]},"properties":{"h3":"8919510c09bffff","c":0,"f":0,"cs":6.5,"fs":0.0,"score":1.0,"pct":75,"price":320000,"n":157,"outcode":"CH48","apprec":1.67,"value":-0.189}},{"type":"Feature","geometry":{"type":"Polygon","coordinates":[[[-3.18864,53.37544],[-3.1908,53.37443],[-3.19024,53.3727],[-3.18753,53.37199],[-3.18537,53.373],[-3.18592,53.37473],[-3.18864,53.37544]]]},"properties":{"h3":"8919510c0c3ffff","c":0,"f":0,"cs":12.2,"fs":0.0,"score":1.0,"pct":75,"price":285000,"n":115,"outcode":"CH48","apprec":1.67,"value":-0.146}},{"type":"Feature","geometry":{"type":"Polygon","coordinates":[[[-3.18537,53.373],[-3.18753,53.37199],[-3.18697,53.37026],[-3.18425,53.36954],[-3.18209,53.37056],[-3.18265,53.37228],[-3.18537,53.373]]]},"properties":{"h3":"8919510c0c7ffff","c":11,"f":0,"cs":18.9,"fs":0.0,"score":1.0,"pct":75,"price":300000,"n":205,"outcode":"CH48","apprec":1.67,"value":-0.167}},{"type":"Feature","geometry":{"type":"Polygon","coordinates":[[[-3.19352,53.37514],[-3.19568,53.37413],[-3.19512,53.3724],[-3.1924,53.37169],[-3.19024,53.3727],[-3.1908,53.37443],[-3.19352,53.37514]]]},"properties":{"h3":"8919510c0cbffff","c":0,"f":0,"cs":3.0,"fs":0.0,"score":1.0,"pct":75,"price":405000,"n":31,"outcode":"CH48","apprec":1.67,"value":-0.237}},{"type":"Feature","geometry":{"type":"Polygon","coordinates":[[[-3.19024,53.3727],[-3.1924,53.37169],[-3.19184,53.36996],[-3.18913,53.36924],[-3.18697,53.37026],[-3.18753,53.37199],[-3.19024,53.3727]]]},"properties":{"h3":"8919510c0cfffff","c":1,"f":0,"cs":9.3,"fs":0.0,"score":1.0,"pct":75,"price":295000,"n":102,"outcode":"CH48","apprec":1.67,"value":-0.159}},{"type":"Feature","geometry":{"type":"Polygon","coordinates":[[[-3.18704,53.37818],[-3.1892,53.37717],[-3.18864,53.37544],[-3.18592,53.37473],[-3.18376,53.37574],[-3.18432,53.37747],[-3.18704,53.37818]]]},"properties":{"h3":"8919510c0d3ffff","c":0,"f":0,"cs":5.9,"fs":0.0,"score":1.0,"pct":75,"price":285000,"n":117,"outcode":"CH48","apprec":1.67,"value":-0.146}},{"type":"Feature","geometry":{"type":"Polygon","coordinates":[[[-3.18376,53.37574],[-3.18592,53.37473],[-3.18537,53.373],[-3.18265,53.37228],[-3.18049,53.3733],[-3.18105,53.37503],[-3.18376,53.37574]]]},"properties":{"h3":"8919510c0d7ffff","c":7,"f":0,"cs":14.5,"fs":0.0,"score":1.0,"pct":75,"price":304000,"n":213,"outcode":"CH48","apprec":1.67,"value":-0.172}},{"type":"Feature","geometry":{"type":"Polygon","coordinates":[[[-3.19191,53.37788],[-3.19407,53.37687],[-3.19352,53.37514],[-3.1908,53.37443],[-3.18864,53.37544],[-3.1892,53.37717],[-3.19191,53.37788]]]},"properties":{"h3":"8919510c0dbffff","c":0,"f":0,"cs":2.6,"fs":0.0,"score":1.0,"pct":75,"price":490000,"n":44,"outcode":"CH48","apprec":1.67,"value":-0.246}},{"type":"Feature","geometry":{"type":"Polygon","coordinates":[[[-3.14451,53.34643],[-3.14667,53.34542],[-3.14611,53.34369],[-3.1434,53.34298],[-3.14124,53.34399],[-3.1418,53.34572],[-3.14451,53.34643]]]},"properties":{"h3":"8919510c1a7ffff","c":0,"f":0,"cs":1.8,"fs":0.0,"score":1.0,"pct":75,"n":1}},{"type":"Feature","geometry":{"type":"Polygon","coordinates":[[[-3.17575,53.38944],[-3.17791,53.38843],[-3.17735,53.3867],[-3.17464,53.38599],[-3.17248,53.387],[-3.17303,53.38873],[-3.17575,53.38944]]]},"properties":{"h3":"8919510c41bffff","c":0,"f":0,"cs":4.3,"fs":0.0,"score":1.0,"pct":75,"price":227500,"n":30,"outcode":"CH47","apprec":1.61,"value":0.015}},{"type":"Feature","geometry":{"type":"Polygon","coordinates":[[[-3.1839,53.39158],[-3.18606,53.39057],[-3.1855,53.38884],[-3.18279,53.38813],[-3.18063,53.38914],[-3.18118,53.39087],[-3.1839,53.39158]]]},"properties":{"h3":"8919510c453ffff","c":0,"f":0,"cs":4.3,"fs":0.0,"score":1.0,"pct":75,"price":250000,"n":101,"outcode":"CH47","apprec":1.61,"value":-0.064}},{"type":"Feature","geometry":{"type":"Polygon","coordinates":[[[-3.18063,53.38914],[-3.18279,53.38813],[-3.18223,53.3864],[-3.17951,53.38569],[-3.17735,53.3867],[-3.17791,53.38843],[-3.18063,53.38914]]]},"properties":{"h3":"8919510c457ffff","c":0,"f":0,"cs":4.3,"fs":0.0,"score":1.0,"pct":75,"price":242000,"n":42,"outcode":"CH47","apprec":1.61,"value":-0.033}},{"type":"Feature","geometry":{"type":"Polygon","coordinates":[[[-3.18216,53.37848],[-3.18432,53.37747],[-3.18376,53.37574],[-3.18105,53.37503],[-3.17889,53.37604],[-3.17945,53.37777],[-3.18216,53.37848]]]},"properties":{"h3":"8919510c46fffff","c":0,"f":0,"cs":5.7,"fs":0.0,"score":1.0,"pct":75,"price":292500,"n":128,"outcode":"CH48","apprec":1.67,"value":-0.155}},{"type":"Feature","geometry":{"type":"Polygon","coordinates":[[[-3.16927,53.39248],[-3.17143,53.39147],[-3.17087,53.38974],[-3.16816,53.38903],[-3.166,53.39004],[-3.16655,53.39177],[-3.16927,53.39248]]]},"properties":{"h3":"8919510c48bffff","c":0,"f":0,"cs":2.2,"fs":0.0,"score":1.0,"pct":75,"price":240000,"n":15,"outcode":"CH47","apprec":1.61,"value":-0.028}},{"type":"Feature","geometry":{"type":"Polygon","coordinates":[[[-3.16767,53.39522],[-3.16983,53.39421],[-3.16927,53.39248],[-3.16655,53.39177],[-3.16439,53.39278],[-3.16495,53.39451],[-3.16767,53.39522]]]},"properties":{"h3":"8919510c49bffff","c":0,"f":0,"cs":2.0,"fs":0.0,"score":1.0,"pct":75,"price":244000,"n":42,"outcode":"CH47","apprec":1.61,"value":-0.038}},{"type":"Feature","geometry":{"type":"Polygon","coordinates":[[[-3.17742,53.39462],[-3.17958,53.39361],[-3.17902,53.39188],[-3.17631,53.39117],[-3.17415,53.39218],[-3.1747,53.39391],[-3.17742,53.39462]]]},"properties":{"h3":"8919510c4c3ffff","c":5,"f":0,"cs":11.3,"fs":0.0,"score":1.0,"pct":75,"price":230000,"n":195,"outcode":"CH47","apprec":1.61,"value":0.005}},{"type":"Feature","geometry":{"type":"Polygon","coordinates":[[[-3.17415,53.39218],[-3.17631,53.39117],[-3.17575,53.38944],[-3.17303,53.38873],[-3.17087,53.38974],[-3.17143,53.39147],[-3.17415,53.39218]]]},"properties":{"h3":"8919510c4c7ffff","c":0,"f":0,"cs":7.3,"fs":0.0,"score":1.0,"pct":75,"price":220000,"n":86,"outcode":"CH47","apprec":1.61,"value":0.051}},{"type":"Feature","geometry":{"type":"Polygon","coordinates":[[[-3.1823,53.39433],[-3.18446,53.39331],[-3.1839,53.39158],[-3.18118,53.39087],[-3.17902,53.39188],[-3.17958,53.39361],[-3.1823,53.39433]]]},"properties":{"h3":"8919510c4cbffff","c":0,"f":0,"cs":7.2,"fs":0.0,"score":1.0,"pct":75,"price":232500,"n":184,"outcode":"CH47","apprec":1.61,"value":-0.004}},{"type":"Feature","geometry":{"type":"Polygon","coordinates":[[[-3.17902,53.39188],[-3.18118,53.39087],[-3.18063,53.38914],[-3.17791,53.38843],[-3.17575,53.38944],[-3.17631,53.39117],[-3.17902,53.39188]]]},"properties":{"h3":"8919510c4cfffff","c":6,"f":0,"cs":9.6,"fs":0.0,"score":1.0,"pct":75,"price":222500,"n":127,"outcode":"CH47","apprec":1.61,"value":0.04}},{"type":"Feature","geometry":{"type":"Polygon","coordinates":[[[-3.17582,53.39736],[-3.17798,53.39635],[-3.17742,53.39462],[-3.1747,53.39391],[-3.17254,53.39492],[-3.1731,53.39665],[-3.17582,53.39736]]]},"properties":{"h3":"8919510c4d3ffff","c":4,"f":0,"cs":9.2,"fs":0.0,"score":1.0,"pct":75,"price":261000,"n":199,"outcode":"CH47","apprec":1.61,"value":-0.093}},{"type":"Feature","geometry":{"type":"Polygon","coordinates":[[[-3.17254,53.39492],[-3.1747,53.39391],[-3.17415,53.39218],[-3.17143,53.39147],[-3.16927,53.39248],[-3.16983,53.39421],[-3.17254,53.39492]]]},"properties":{"h3":"8919510c4d7ffff","c":0,"f":0,"cs":7.0,"fs":0.0,"score":1.0,"pct":75,"price":223750,"n":120,"outcode":"CH47","apprec":1.61,"value":0.034}},{"type":"Feature","geometry":{"type":"Polygon","coordinates":[[[-3.18069,53.39707],[-3.18286,53.39605],[-3.1823,53.39433],[-3.17958,53.39361],[-3.17742,53.39462],[-3.17798,53.39635],[-3.18069,53.39707]]]},"properties":{"h3":"8919510c4dbffff","c":0,"f":0,"cs":6.5,"fs":0.0,"score":1.0,"pct":75,"price":238000,"n":176,"outcode":"CH47","apprec":1.61,"value":-0.02}},{"type":"Feature","geometry":{"type":"Polygon","coordinates":[[[-3.14124,53.34399],[-3.1434,53.34298],[-3.14285,53.34125],[-3.14013,53.34053],[-3.13797,53.34155],[-3.13853,53.34327],[-3.14124,53.34399]]]},"properties":{"h3":"8919510ccd3ffff","c":0,"f":0,"cs":1.8,"fs":0.0,"score":1.0,"pct":75,"n":1}},{"type":"Feature","geometry":{"type":"Polygon","coordinates":[[[-3.14611,53.34369],[-3.14827,53.34268],[-3.14772,53.34095],[-3.145,53.34023],[-3.14285,53.34125],[-3.1434,53.34298],[-3.14611,53.34369]]]},"properties":{"h3":"8919510ccdbffff","c":2,"f":0,"cs":2.1,"fs":0.0,"score":1.0,"pct":75,"n":1}},{"type":"Feature","geometry":{"type":"Polygon","coordinates":[[[-3.12057,53.40337],[-3.12273,53.40236],[-3.12217,53.40063],[-3.11946,53.39992],[-3.11729,53.40093],[-3.11785,53.40266],[-3.12057,53.40337]]]},"properties":{"h3":"8919510e033ffff","c":0,"f":0,"cs":2.9,"fs":0.4,"score":0.755,"pct":26,"price":190500,"n":132,"outcode":"CH46","apprec":1.75,"value":-0.346}},{"type":"Feature","geometry":{"type":"Polygon","coordinates":[[[-3.11729,53.40093],[-3.11946,53.39992],[-3.1189,53.39819],[-3.11619,53.39747],[-3.11402,53.39849],[-3.11458,53.40021],[-3.11729,53.40093]]]},"properties":{"h3":"8919510e037ffff","c":1,"f":0,"cs":4.1,"fs":1.3,"score":0.505,"pct":10,"price":222500,"n":106,"outcode":"CH46","apprec":1.75,"value":-0.62}},{"type":"Feature","geometry":{"type":"Polygon","coordinates":[[[-3.11741,53.41677],[-3.11957,53.41575],[-3.11902,53.41403],[-3.1163,53.41331],[-3.11414,53.41432],[-3.1147,53.41605],[-3.11741,53.41677]]]},"properties":{"h3":"8919510e093ffff","c":2,"f":0,"cs":2.0,"fs":0.0,"score":1.0,"pct":75,"price":168750,"n":36,"outcode":"CH46","apprec":1.75,"value":0.267}},{"type":"Feature","geometry":{"type":"Polygon","coordinates":[[[-3.11408,53.4064],[-3.11624,53.40539],[-3.11569,53.40367],[-3.11297,53.40295],[-3.11081,53.40396],[-3.11137,53.40569],[-3.11408,53.4064]]]},"properties":{"h3":"8919510e0a3ffff","c":0,"f":0,"cs":5.3,"fs":0.9,"score":0.714,"pct":23,"price":229000,"n":160,"outcode":"CH46","apprec":1.75,"value":-0.521}},{"type":"Feature","geometry":{"type":"Polygon","coordinates":[[[-3.11081,53.40396],[-3.11297,53.40295],[-3.11242,53.40122],[-3.1097,53.40051],[-3.10754,53.40152],[-3.1081,53.40325],[-3.11081,53.40396]]]},"properties":{"h3":"8919510e0a7ffff","c":5,"f":1,"cs":7.7,"fs":2.2,"score":0.553,"pct":12,"price":185000,"n":118,"outcode":"CH46","apprec":1.75,"value":-0.451}},{"type":"Feature","geometry":{"type":"Polygon","coordinates":[[[-3.11896,53.40611],[-3.12112,53.4051],[-3.12057,53.40337],[-3.11785,53.40266],[-3.11569,53.40367],[-3.11624,53.40539],[-3.11896,53.40611]]]},"properties":{"h3":"8919510e0abffff","c":0,"f":0,"cs":2.9,"fs":0.4,"score":0.755,"pct":26,"price":170000,"n":86,"outcode":"CH46","apprec":1.75,"value":-0.242}},{"type":"Feature","geometry":{"type":"Polygon","coordinates":[[[-3.11569,53.40367],[-3.11785,53.40266],[-3.11729,53.40093],[-3.11458,53.40021],[-3.11242,53.40122],[-3.11297,53.40295],[-3.11569,53.40367]]]},"properties":{"h3":"8919510e0afffff","c":2,"f":0,"cs":7.0,"fs":1.8,"score":0.587,"pct":14,"price":190000,"n":100,"outcode":"CH46","apprec":1.75,"value":-0.461}},{"type":"Feature","geometry":{"type":"Polygon","coordinates":[[[-3.11248,53.40914],[-3.11464,53.40813],[-3.11408,53.4064],[-3.11137,53.40569],[-3.10921,53.4067],[-3.10976,53.40843],[-3.11248,53.40914]]]},"properties":{"h3":"8919510e0b3ffff","c":0,"f":0,"cs":1.7,"fs":0.1,"score":0.852,"pct":34,"price":269995,"n":204,"outcode":"CH46","apprec":1.75,"value":-0.522}},{"type":"Feature","geometry":{"type":"Polygon","coordinates":[[[-3.10921,53.4067],[-3.11137,53.40569],[-3.11081,53.40396],[-3.1081,53.40325],[-3.10594,53.40426],[-3.10649,53.40598],[-3.10921,53.4067]]]},"properties":{"h3":"8919510e0b7ffff","c":0,"f":0,"cs":3.8,"fs":0.9,"score":0.628,"pct":16,"price":248495,"n":154,"outcode":"CH46","apprec":1.75,"value":-0.649}},{"type":"Feature","geometry":{"type":"Polygon","coordinates":[[[-3.11735,53.40885],[-3.11951,53.40784],[-3.11896,53.40611],[-3.11624,53.40539],[-3.11408,53.4064],[-3.11464,53.40813],[-3.11735,53.40885]]]},"properties":{"h3":"8919510e0bbffff","c":1,"f":0,"cs":1.9,"fs":0.1,"score":0.87,"pct":37,"price":272995,"n":171,"outcode":"CH46","apprec":1.75,"value":-0.507}},{"type":"Feature","geometry":{"type":"Polygon","coordinates":[[[-3.10095,53.38871],[-3.10311,53.3877],[-3.10255,53.38598],[-3.09984,53.38526],[-3.09768,53.38627],[-3.09823,53.388],[-3.10095,53.38871]]]},"properties":{"h3":"8919510e107ffff","c":0,"f":0,"cs":3.3,"fs":0.0,"score":1.0,"pct":75,"price":265000,"n":97,"outcode":"CH49","apprec":1.64,"value":-0.104}},{"type":"Feature","geometry":{"type":"Polygon","coordinates":[[[-3.09929,53.38353],[-3.10145,53.38252],[-3.10089,53.38079],[-3.09818,53.38008],[-3.09602,53.38109],[-3.09657,53.38282],[-3.09929,53.38353]]]},"properties":{"h3":"8919510e123ffff","c":0,"f":0,"cs":4.9,"fs":0.0,"score":1.0,"pct":75,"price":190500,"n":117,"outcode":"CH49","apprec":1.64,"value":0.155}},{"type":"Feature","geometry":{"type":"Polygon","coordinates":[[[-3.09602,53.38109],[-3.09818,53.38008],[-3.09762,53.37835],[-3.09491,53.37763],[-3.09275,53.37865],[-3.0933,53.38037],[-3.09602,53.38109]]]},"properties":{"h3":"8919510e127ffff","c":0,"f":0,"cs":1.6,"fs":0.0,"score":1.0,"pct":75,"price":182500,"n":120,"outcode":"CH49","apprec":1.64,"value":0.196}},{"type":"Feature","geometry":{"type":"Polygon","coordinates":[[[-3.10416,53.38324],[-3.10632,53.38223],[-3.10577,53.3805],[-3.10305,53.37978],[-3.10089,53.38079],[-3.10145,53.38252],[-3.10416,53.38324]]]},"properties":{"h3":"8919510e12bffff","c":2,"f":0,"cs":3.6,"fs":0.0,"score":1.0,"pct":75,"price":228750,"n":80,"outcode":"CH49","apprec":1.64,"value":0.011}},{"type":"Feature","geometry":{"type":"Polygon","coordinates":[[[-3.10089,53.38079],[-3.10305,53.37978],[-3.1025,53.37805],[-3.09978,53.37734],[-3.09762,53.37835],[-3.09818,53.38008],[-3.10089,53.38079]]]},"properties":{"h3":"8919510e12fffff","c":1,"f":0,"cs":2.9,"fs":0.0,"score":1.0,"pct":75,"price":221000,"n":91,"outcode":"CH49","apprec":1.64,"value":0.045}},{"type":"Feature","geometry":{"type":"Polygon","coordinates":[[[-3.09768,53.38627],[-3.09984,53.38526],[-3.09929,53.38353],[-3.09657,53.38282],[-3.09441,53.38383],[-3.09497,53.38555],[-3.09768,53.38627]]]},"properties":{"h3":"8919510e133ffff","c":5,"f":0,"cs":5.4,"fs":0.0,"score":1.0,"pct":75,"price":215000,"n":112,"outcode":"CH49","apprec":1.64,"value":0.071}},{"type":"Feature","geometry":{"type":"Polygon","coordinates":[[[-3.09441,53.38383],[-3.09657,53.38282],[-3.09602,53.38109],[-3.0933,53.38037],[-3.09114,53.38138],[-3.0917,53.38311],[-3.09441,53.38383]]]},"properties":{"h3":"8919510e137ffff","c":0,"f":0,"cs":3.4,"fs":0.0,"score":1.0,"pct":75,"price":162000,"n":117,"outcode":"CH49","apprec":1.64,"value":0.304}},{"type":"Feature","geometry":{"type":"Polygon","coordinates":[[[-3.10255,53.38598],[-3.10471,53.38496],[-3.10416,53.38324],[-3.10145,53.38252],[-3.09929,53.38353],[-3.09984,53.38526],[-3.10255,53.38598]]]},"properties":{"h3":"8919510e13bffff","c":0,"f":0,"cs":4.4,"fs":0.0,"score":1.0,"pct":75,"price":227500,"n":72,"outcode":"CH49","apprec":1.64,"value":0.015}},{"type":"Feature","geometry":{"type":"Polygon","coordinates":[[[-3.11724,53.39301],[-3.1194,53.392],[-3.11884,53.39027],[-3.11613,53.38955],[-3.11397,53.39057],[-3.11452,53.39229],[-3.11724,53.39301]]]},"properties":{"h3":"8919510e143ffff","c":0,"f":0,"cs":1.8,"fs":0.0,"score":1.0,"pct":75,"price":220000,"n":116,"outcode":"CH49","apprec":1.64,"value":0.051}},{"type":"Feature","geometry":{"type":"Polygon","coordinates":[[[-3.11397,53.39057],[-3.11613,53.38955],[-3.11557,53.38783],[-3.11286,53.38711],[-3.1107,53.38812],[-3.11125,53.38985],[-3.11397,53.39057]]]},"properties":{"h3":"8919510e147ffff","c":2,"f":0,"cs":2.6,"fs":0.0,"score":1.0,"pct":75,"price":220000,"n":113,"outcode":"CH49","apprec":1.64,"value":0.051}},{"type":"Feature","geometry":{"type":"Polygon","coordinates":[[[-3.11884,53.39027],[-3.121,53.38926],[-3.12045,53.38753],[-3.11773,53.38682],[-3.11557,53.38783],[-3.11613,53.38955],[-3.11884,53.39027]]]},"properties":{"h3":"8919510e14fffff","c":1,"f":0,"cs":2.2,"fs":0.0,"score":1.0,"pct":75,"price":220000,"n":101,"outcode":"CH49","apprec":1.64,"value":0.051}},{"type":"Feature","geometry":{"type":"Polygon","coordinates":[[[-3.1123,53.38538],[-3.11446,53.38437],[-3.11391,53.38264],[-3.11119,53.38193],[-3.10903,53.38294],[-3.10959,53.38467],[-3.1123,53.38538]]]},"properties":{"h3":"8919510e163ffff","c":0,"f":0,"cs":1.9,"fs":0.0,"score":1.0,"pct":75,"price":240000,"n":119,"outcode":"CH49","apprec":1.64,"value":-0.028}},{"type":"Feature","geometry":{"type":"Polygon","coordinates":[[[-3.10903,53.38294],[-3.11119,53.38193],[-3.11064,53.3802],[-3.10793,53.37949],[-3.10577,53.3805],[-3.10632,53.38223],[-3.10903,53.38294]]]},"properties":{"h3":"8919510e167ffff","c":0,"f":0,"cs":2.6,"fs":0.0,"score":1.0,"pct":75,"price":261250,"n":90,"outcode":"CH49","apprec":1.64,"value":-0.094}},{"type":"Feature","geometry":{"type":"Polygon","coordinates":[[[-3.11718,53.38509],[-3.11934,53.38408],[-3.11878,53.38235],[-3.11607,53.38163],[-3.11391,53.38264],[-3.11446,53.38437],[-3.11718,53.38509]]]},"properties":{"h3":"8919510e16bffff","c":0,"f":0,"cs":1.8,"fs":0.0,"score":1.0,"pct":75,"price":249999,"n":137,"outcode":"CH49","apprec":1.64,"value":-0.057}},{"type":"Feature","geometry":{"type":"Polygon","coordinates":[[[-3.11391,53.38264],[-3.11607,53.38163],[-3.11551,53.37991],[-3.1128,53.37919],[-3.11064,53.3802],[-3.11119,53.38193],[-3.11391,53.38264]]]},"properties":{"h3":"8919510e16fffff","c":2,"f":0,"cs":2.4,"fs":0.0,"score":1.0,"pct":75,"price":258000,"n":124,"outcode":"CH49","apprec":1.64,"value":-0.08}},{"type":"Feature","geometry":{"type":"Polygon","coordinates":[[[-3.1107,53.38812],[-3.11286,53.38711],[-3.1123,53.38538],[-3.10959,53.38467],[-3.10743,53.38568],[-3.10798,53.38741],[-3.1107,53.38812]]]},"properties":{"h3":"8919510e173ffff","c":0,"f":0,"cs":1.9,"fs":0.0,"score":1.0,"pct":75,"price":238750,"n":118,"outcode":"CH49","apprec":1.64,"value":-0.023}},{"type":"Feature","geometry":{"type":"Polygon","coordinates":[[[-3.10743,53.38568],[-3.10959,53.38467],[-3.10903,53.38294],[-3.10632,53.38223],[-3.10416,53.38324],[-3.10471,53.38496],[-3.10743,53.38568]]]},"properties":{"h3":"8919510e177ffff","c":0,"f":0,"cs":2.6,"fs":0.0,"score":1.0,"pct":75,"price":247000,"n":107,"outcode":"CH49","apprec":1.64,"value":-0.051}},{"type":"Feature","geometry":{"type":"Polygon","coordinates":[[[-3.11557,53.38783],[-3.11773,53.38682],[-3.11718,53.38509],[-3.11446,53.38437],[-3.1123,53.38538],[-3.11286,53.38711],[-3.11557,53.38783]]]},"properties":{"h3":"8919510e17bffff","c":0,"f":0,"cs":2.1,"fs":0.0,"score":1.0,"pct":75,"price":225000,"n":138,"outcode":"CH49","apprec":1.64,"value":0.028}},{"type":"Feature","geometry":{"type":"Polygon","coordinates":[[[-3.09607,53.38901],[-3.09823,53.388],[-3.09768,53.38627],[-3.09497,53.38555],[-3.09281,53.38657],[-3.09336,53.38829],[-3.09607,53.38901]]]},"properties":{"h3":"8919510e1abffff","c":0,"f":0,"cs":3.2,"fs":0.0,"score":1.0,"pct":75,"price":333250,"n":107,"outcode":"CH49","apprec":1.64,"value":-0.199}},{"type":"Feature","geometry":{"type":"Polygon","coordinates":[[[-3.09281,53.38657],[-3.09497,53.38555],[-3.09441,53.38383],[-3.0917,53.38311],[-3.08954,53.38412],[-3.09009,53.38585],[-3.09281,53.38657]]]},"properties":{"h3":"8919510e1afffff","c":0,"f":0,"cs":3.2,"fs":0.0,"score":1.0,"pct":75,"price":205000,"n":98,"outcode":"CH49","apprec":1.64,"value":0.104}},{"type":"Feature","geometry":{"type":"Polygon","coordinates":[[[-3.10915,53.39878],[-3.11131,53.39777],[-3.11076,53.39604],[-3.10804,53.39533],[-3.10588,53.39634],[-3.10643,53.39807],[-3.10915,53.39878]]]},"properties":{"h3":"8919510e1c3ffff","c":0,"f":0,"cs":2.3,"fs":1.3,"score":0.26,"pct":3,"price":224750,"n":170,"outcode":"CH46","apprec":1.75,"value":-0.695}},{"type":"Feature","geometry":{"type":"Polygon","coordinates":[[[-3.11402,53.39849],[-3.11619,53.39747],[-3.11563,53.39575],[-3.11292,53.39503],[-3.11076,53.39604],[-3.11131,53.39777],[-3.11402,53.39849]]]},"properties":{"h3":"8919510e1cbffff","c":0,"f":0,"cs":2.8,"fs":1.3,"score":0.345,"pct":4,"price":249000,"n":128,"outcode":"CH46","apprec":1.75,"value":-0.767}},{"type":"Feature","geometry":{"type":"Polygon","coordinates":[[[-3.10754,53.40152],[-3.1097,53.40051],[-3.10915,53.39878],[-3.10643,53.39807],[-3.10427,53.39908],[-3.10483,53.4008],[-3.10754,53.40152]]]},"properties":{"h3":"8919510e1d3ffff","c":0,"f":0,"cs":4.7,"fs":1.8,"score":0.438,"pct":7,"price":210000,"n":155,"outcode":"CH46","apprec":1.75,"value":-0.6}},{"type":"Feature","geometry":{"type":"Polygon","coordinates":[[[-3.11242,53.40122],[-3.11458,53.40021],[-3.11402,53.39849],[-3.11131,53.39777],[-3.10915,53.39878],[-3.1097,53.40051],[-3.11242,53.40122]]]},"properties":{"h3":"8919510e1dbffff","c":2,"f":2,"cs":6.9,"fs":2.6,"score":0.449,"pct":8,"price":222500,"n":140,"outcode":"CH46","apprec":1.75,"value":-0.642}},{"type":"Feature","geometry":{"type":"Polygon","coordinates":[[[-3.16934,53.4004],[-3.1715,53.39939],[-3.17094,53.39766],[-3.16822,53.39695],[-3.16606,53.39796],[-3.16662,53.39969],[-3.16934,53.4004]]]},"properties":{"h3":"8919510e263ffff","c":0,"f":0,"cs":2.4,"fs":0.0,"score":1.0,"pct":75,"price":410000,"n":117,"outcode":"CH47","apprec":1.61,"value":-0.238}},{"type":"Feature","geometry":{"type":"Polygon","coordinates":[[[-3.17421,53.4001],[-3.17637,53.39909],[-3.17582,53.39736],[-3.1731,53.39665],[-3.17094,53.39766],[-3.1715,53.39939],[-3.17421,53.4001]]]},"properties":{"h3":"8919510e26bffff","c":1,"f":0,"cs":5.3,"fs":0.0,"score":1.0,"pct":75,"price":325000,"n":116,"outcode":"CH47","apprec":1.61,"value":-0.194}},{"type":"Feature","geometry":{"type":"Polygon","coordinates":[[[-3.17094,53.39766],[-3.1731,53.39665],[-3.17254,53.39492],[-3.16983,53.39421],[-3.16767,53.39522],[-3.16822,53.39695],[-3.17094,53.39766]]]},"properties":{"h3":"8919510e26fffff","c":1,"f":0,"cs":4.8,"fs":0.0,"score":1.0,"pct":75,"price":293500,"n":110,"outcode":"CH47","apprec":1.61,"value":-0.156}},{"type":"Feature","geometry":{"type":"Polygon","coordinates":[[[-3.17261,53.40284],[-3.17477,53.40183],[-3.17421,53.4001],[-3.1715,53.39939],[-3.16934,53.4004],[-3.16989,53.40213],[-3.17261,53.40284]]]},"properties":{"h3":"8919510e27bffff","c":1,"f":0,"cs":2.3,"fs":0.0,"score":1.0,"pct":75,"price":450000,"n":67,"outcode":"CH47","apprec":1.61,"value":-0.245}},{"type":"Feature","geometry":{"type":"Polygon","coordinates":[[[-3.08477,53.40026],[-3.08693,53.39924],[-3.08638,53.39752],[-3.08366,53.3968],[-3.0815,53.39781],[-3.08206,53.39954],[-3.08477,53.40026]]]},"properties":{"h3":"8919510e527ffff","c":0,"f":0,"cs":2.0,"fs":0.0,"score":1.0,"pct":75,"price":180500,"n":50,"outcode":"CH43","apprec":1.63,"value":0.2}},{"type":"Feature","geometry":{"type":"Polygon","coordinates":[[[-3.10599,53.41218],[-3.10815,53.41116],[-3.1076,53.40944],[-3.10488,53.40872],[-3.10272,53.40973],[-3.10328,53.41146],[-3.10599,53.41218]]]},"properties":{"h3":"8919510e543ffff","c":1,"f":0,"cs":1.6,"fs":0.0,"score":1.0,"pct":75,"price":209245,"n":98,"outcode":"CH46","apprec":1.75,"value":0.093}},{"type":"Feature","geometry":{"type":"Polygon","coordinates":[[[-3.1076,53.40944],[-3.10976,53.40843],[-3.10921,53.4067],[-3.10649,53.40598],[-3.10433,53.407],[-3.10488,53.40872],[-3.1076,53.40944]]]},"properties":{"h3":"8919510e54fffff","c":0,"f":0,"cs":1.6,"fs":0.1,"score":0.84,"pct":33,"price":259497,"n":164,"outcode":"CH46","apprec":1.75,"value":-0.51}},{"type":"Feature","geometry":{"type":"Polygon","coordinates":[[[-3.10112,53.41247],[-3.10328,53.41146],[-3.10272,53.40973],[-3.10001,53.40902],[-3.09785,53.41003],[-3.0984,53.41175],[-3.10112,53.41247]]]},"properties":{"h3":"8919510e557ffff","c":1,"f":0,"cs":1.6,"fs":0.0,"score":1.0,"pct":75,"price":178000,"n":63,"outcode":"CH46","apprec":1.75,"value":0.224}},{"type":"Feature","geometry":{"type":"Polygon","coordinates":[[[-3.10594,53.40426],[-3.1081,53.40325],[-3.10754,53.40152],[-3.10483,53.4008],[-3.10267,53.40181],[-3.10322,53.40354],[-3.10594,53.40426]]]},"properties":{"h3":"8919510e56bffff","c":0,"f":0,"cs":3.6,"fs":0.9,"score":0.606,"pct":15,"price":186000,"n":132,"outcode":"CH46","apprec":1.75,"value":-0.433}},{"type":"Feature","geometry":{"type":"Polygon","coordinates":[[[-3.0974,53.34666],[-3.09956,53.34565],[-3.09901,53.34392],[-3.09629,53.34321],[-3.09413,53.34422],[-3.09469,53.34595],[-3.0974,53.34666]]]},"properties":{"h3":"8919510e867ffff","c":1,"f":0,"cs":1.6,"fs":0.0,"score":1.0,"pct":75,"price":250000,"n":127,"outcode":"CH61","apprec":1.67,"value":-0.064}},{"type":"Feature","geometry":{"type":"Polygon","coordinates":[[[-3.0958,53.3494],[-3.09795,53.34839],[-3.0974,53.34666],[-3.09469,53.34595],[-3.09253,53.34696],[-3.09308,53.34869],[-3.0958,53.3494]]]},"properties":{"h3":"8919510e877ffff","c":1,"f":0,"cs":1.6,"fs":0.0,"score":1.0,"pct":75,"price":247500,"n":130,"outcode":"CH61","apprec":1.67,"value":-0.051}},{"type":"Feature","geometry":{"type":"Polygon","coordinates":[[[-3.12181,53.3531],[-3.12397,53.35209],[-3.12342,53.35036],[-3.12071,53.34965],[-3.11855,53.35066],[-3.1191,53.35239],[-3.12181,53.3531]]]},"properties":{"h3":"8919510ea17ffff","c":0,"f":0,"cs":1.8,"fs":0.0,"score":1.0,"pct":75,"price":400000,"n":41,"outcode":"CH61","apprec":1.67,"value":-0.236}},{"type":"Feature","geometry":{"type":"Polygon","coordinates":[[[-3.11534,53.35614],[-3.1175,53.35513],[-3.11694,53.3534],[-3.11423,53.35268],[-3.11207,53.3537],[-3.11263,53.35542],[-3.11534,53.35614]]]},"properties":{"h3":"8919510ea87ffff","c":0,"f":0,"cs":1.8,"fs":0.0,"score":1.0,"pct":75,"price":297500,"n":70,"outcode":"CH61","apprec":1.67,"value":-0.162}},{"type":"Feature","geometry":{"type":"Polygon","coordinates":[[[-3.12021,53.35584],[-3.12237,53.35483],[-3.12181,53.3531],[-3.1191,53.35239],[-3.11694,53.3534],[-3.1175,53.35513],[-3.12021,53.35584]]]},"properties":{"h3":"8919510ea8fffff","c":0,"f":0,"cs":1.8,"fs":0.0,"score":1.0,"pct":75,"price":370000,"n":80,"outcode":"CH61","apprec":1.67,"value":-0.221}},{"type":"Feature","geometry":{"type":"Polygon","coordinates":[[[-3.11368,53.35096],[-3.11583,53.34994],[-3.11528,53.34822],[-3.11257,53.3475],[-3.11041,53.34851],[-3.11096,53.35024],[-3.11368,53.35096]]]},"properties":{"h3":"8919510eaa3ffff","c":0,"f":0,"cs":1.8,"fs":0.0,"score":1.0,"pct":75,"price":264950,"n":43,"outcode":"CH61","apprec":1.67,"value":-0.101}},{"type":"Feature","geometry":{"type":"Polygon","coordinates":[[[-3.11855,53.35066],[-3.12071,53.34965],[-3.12015,53.34792],[-3.11744,53.3472],[-3.11528,53.34822],[-3.11583,53.34994],[-3.11855,53.35066]]]},"properties":{"h3":"8919510eaabffff","c":0,"f":0,"cs":1.8,"fs":0.0,"score":1.0,"pct":75,"price":382500,"n":30,"outcode":"CH61","apprec":1.67,"value":-0.226}},{"type":"Feature","geometry":{"type":"Polygon","coordinates":[[[-3.11207,53.3537],[-3.11423,53.35268],[-3.11368,53.35096],[-3.11096,53.35024],[-3.1088,53.35125],[-3.10936,53.35298],[-3.11207,53.3537]]]},"properties":{"h3":"8919510eab3ffff","c":0,"f":0,"cs":1.8,"fs":0.0,"score":1.0,"pct":75,"price":336250,"n":36,"outcode":"CH61","apprec":1.67,"value":-0.203}},{"type":"Feature","geometry":{"type":"Polygon","coordinates":[[[-3.11694,53.3534],[-3.1191,53.35239],[-3.11855,53.35066],[-3.11583,53.34994],[-3.11368,53.35096],[-3.11423,53.35268],[-3.11694,53.3534]]]},"properties":{"h3":"8919510eabbffff","c":3,"f":0,"cs":3.0,"fs":0.0,"score":1.0,"pct":75,"price":382500,"n":48,"outcode":"CH61","apprec":1.67,"value":-0.226}},{"type":"Feature","geometry":{"type":"Polygon","coordinates":[[[-3.10382,53.3357],[-3.10598,53.33469],[-3.10542,53.33296],[-3.10271,53.33225],[-3.10055,53.33326],[-3.10111,53.33499],[-3.10382,53.3357]]]},"properties":{"h3":"8919510eb03ffff","c":0,"f":0,"cs":2.8,"fs":0.0,"score":1.0,"pct":75,"price":285000,"n":102,"outcode":"CH60","apprec":1.71,"value":-0.146}},{"type":"Feature","geometry":{"type":"Polygon","coordinates":[[[-3.10055,53.33326],[-3.10271,53.33225],[-3.10216,53.33052],[-3.09945,53.3298],[-3.09729,53.33081],[-3.09784,53.33254],[-3.10055,53.33326]]]},"properties":{"h3":"8919510eb07ffff","c":0,"f":0,"cs":6.5,"fs":0.0,"score":1.0,"pct":75,"price":250750,"n":126,"outcode":"CH60","apprec":1.71,"value":-0.07}},{"type":"Feature","geometry":{"type":"Polygon","coordinates":[[[-3.10542,53.33296],[-3.10758,53.33195],[-3.10703,53.33022],[-3.10432,53.3295],[-3.10216,53.33052],[-3.10271,53.33225],[-3.10542,53.33296]]]},"properties":{"h3":"8919510eb0fffff","c":0,"f":0,"cs":2.3,"fs":0.0,"score":1.0,"pct":75,"price":302500,"n":82,"outcode":"CH60","apprec":1.71,"value":-0.17}},{"type":"Feature","geometry":{"type":"Polygon","coordinates":[[[-3.10221,53.33844],[-3.10437,53.33743],[-3.10382,53.3357],[-3.10111,53.33499],[-3.09895,53.336],[-3.0995,53.33773],[-3.10221,53.33844]]]},"properties":{"h3":"8919510eb13ffff","c":0,"f":0,"cs":1.8,"fs":0.0,"score":1.0,"pct":75,"price":300000,"n":105,"outcode":"CH61","apprec":1.67,"value":-0.167}},{"type":"Feature","geometry":{"type":"Polygon","coordinates":[[[-3.09895,53.336],[-3.10111,53.33499],[-3.10055,53.33326],[-3.09784,53.33254],[-3.09568,53.33355],[-3.09624,53.33528],[-3.09895,53.336]]]},"properties":{"h3":"8919510eb17ffff","c":3,"f":0,"cs":3.9,"fs":0.0,"score":1.0,"pct":75,"price":275000,"n":142,"outcode":"CH60","apprec":1.71,"value":-0.128}},{"type":"Feature","geometry":{"type":"Polygon","coordinates":[[[-3.09889,53.32807],[-3.10105,53.32706],[-3.1005,53.32533],[-3.09779,53.32462],[-3.09563,53.32563],[-3.09618,53.32736],[-3.09889,53.32807]]]},"properties":{"h3":"8919510eb23ffff","c":0,"f":0,"cs":6.2,"fs":0.0,"score":1.0,"pct":75,"price":272000,"n":127,"outcode":"CH60","apprec":1.71,"value":-0.122}},{"type":"Feature","geometry":{"type":"Polygon","coordinates":[[[-3.09563,53.32563],[-3.09779,53.32462],[-3.09723,53.32289],[-3.09452,53.32217],[-3.09236,53.32319],[-3.09292,53.32491],[-3.09563,53.32563]]]},"properties":{"h3":"8919510eb27ffff","c":0,"f":0,"cs":2.9,"fs":0.0,"score":1.0,"pct":75,"price":360000,"n":113,"outcode":"CH60","apprec":1.71,"value":-0.215}},{"type":"Feature","geometry":{"type":"Polygon","coordinates":[[[-3.10376,53.32778],[-3.10592,53.32676],[-3.10537,53.32504],[-3.10266,53.32432],[-3.1005,53.32533],[-3.10105,53.32706],[-3.10376,53.32778]]]},"properties":{"h3":"8919510eb2bffff","c":0,"f":0,"cs":2.9,"fs":0.0,"score":1.0,"pct":75,"price":416000,"n":80,"outcode":"CH60","apprec":1.71,"value":-0.24}},{"type":"Feature","geometry":{"type":"Polygon","coordinates":[[[-3.1005,53.32533],[-3.10266,53.32432],[-3.1021,53.32259],[-3.09939,53.32188],[-3.09723,53.32289],[-3.09779,53.32462],[-3.1005,53.32533]]]},"properties":{"h3":"8919510eb2fffff","c":0,"f":0,"cs":2.0,"fs":0.0,"score":1.0,"pct":75,"price":505000,"n":72,"outcode":"CH60","apprec":1.71,"value":-0.247}},{"type":"Feature","geometry":{"type":"Polygon","coordinates":[[[-3.09729,53.33081],[-3.09945,53.3298],[-3.09889,53.32807],[-3.09618,53.32736],[-3.09402,53.32837],[-3.09458,53.3301],[-3.09729,53.33081]]]},"properties":{"h3":"8919510eb33ffff","c":5,"f":0,"cs":8.4,"fs":0.0,"score":1.0,"pct":75,"price":258500,"n":158,"outcode":"CH60","apprec":1.71,"value":-0.081}},{"type":"Feature","geometry":{"type":"Polygon","coordinates":[[[-3.09402,53.32837],[-3.09618,53.32736],[-3.09563,53.32563],[-3.09292,53.32491],[-3.09076,53.32593],[-3.09131,53.32765],[-3.09402,53.32837]]]},"properties":{"h3":"8919510eb37ffff","c":3,"f":0,"cs":6.3,"fs":0.0,"score":1.0,"pct":75,"price":342000,"n":131,"outcode":"CH60","apprec":1.71,"value":-0.206}},{"type":"Feature","geometry":{"type":"Polygon","coordinates":[[[-3.10216,53.33052],[-3.10432,53.3295],[-3.10376,53.32778],[-3.10105,53.32706],[-3.09889,53.32807],[-3.09945,53.3298],[-3.10216,53.33052]]]},"properties":{"h3":"8919510eb3bffff","c":2,"f":0,"cs":6.0,"fs":0.0,"score":1.0,"pct":75,"price":305000,"n":95,"outcode":"CH60","apprec":1.71,"value":-0.175}},{"type":"Feature","geometry":{"type":"Polygon","coordinates":[[[-3.10703,53.33022],[-3.10919,53.32921],[-3.10863,53.32748],[-3.10592,53.32676],[-3.10376,53.32778],[-3.10432,53.3295],[-3.10703,53.33022]]]},"properties":{"h3":"8919510eb77ffff","c":0,"f":0,"cs":2.0,"fs":0.0,"score":1.0,"pct":75,"price":437000,"n":55,"outcode":"CH60","apprec":1.71,"value":-0.244}},{"type":"Feature","geometry":{"type":"Polygon","coordinates":[[[-3.09734,53.33874],[-3.0995,53.33773],[-3.09895,53.336],[-3.09624,53.33528],[-3.09408,53.33629],[-3.09463,53.33802],[-3.09734,53.33874]]]},"properties":{"h3":"8919510eb8fffff","c":0,"f":0,"cs":1.8,"fs":0.0,"score":1.0,"pct":75,"price":295000,"n":112,"outcode":"CH61","apprec":1.67,"value":-0.159}},{"type":"Feature","geometry":{"type":"Polygon","coordinates":[[[-3.09568,53.33355],[-3.09784,53.33254],[-3.09729,53.33081],[-3.09458,53.3301],[-3.09242,53.33111],[-3.09297,53.33284],[-3.09568,53.33355]]]},"properties":{"h3":"8919510ebabffff","c":0,"f":0,"cs":5.5,"fs":0.0,"score":1.0,"pct":75,"price":272000,"n":141,"outcode":"CH60","apprec":1.71,"value":-0.122}},{"type":"Feature","geometry":{"type":"Polygon","coordinates":[[[-3.09242,53.33111],[-3.09458,53.3301],[-3.09402,53.32837],[-3.09131,53.32765],[-3.08916,53.32867],[-3.08971,53.33039],[-3.09242,53.33111]]]},"properties":{"h3":"8919510ebafffff","c":0,"f":0,"cs":5.5,"fs":0.0,"score":1.0,"pct":75,"price":300000,"n":137,"outcode":"CH60","apprec":1.71,"value":-0.167}},{"type":"Feature","geometry":{"type":"Polygon","coordinates":[[[-3.09408,53.33629],[-3.09624,53.33528],[-3.09568,53.33355],[-3.09297,53.33284],[-3.09081,53.33385],[-3.09137,53.33558],[-3.09408,53.33629]]]},"properties":{"h3":"8919510ebbbffff","c":0,"f":0,"cs":2.5,"fs":0.0,"score":1.0,"pct":75,"price":270000,"n":103,"outcode":"CH60","apprec":1.71,"value":-0.117}},{"type":"Feature","geometry":{"type":"Polygon","coordinates":[[[-3.07155,53.36672],[-3.07371,53.36571],[-3.07315,53.36398],[-3.07044,53.36327],[-3.06828,53.36428],[-3.06883,53.36601],[-3.07155,53.36672]]]},"properties":{"h3":"8919510ec37ffff","c":1,"f":0,"cs":1.6,"fs":0.0,"score":1.0,"pct":75,"price":209000,"n":19,"outcode":"CH43","apprec":1.63,"value":0.094}},{"type":"Feature","geometry":{"type":"Polygon","coordinates":[[[-3.06994,53.36946],[-3.0721,53.36845],[-3.07155,53.36672],[-3.06883,53.36601],[-3.06667,53.36702],[-3.06723,53.36874],[-3.06994,53.36946]]]},"properties":{"h3":"8919510ecafffff","c":1,"f":0,"cs":1.6,"fs":0.0,"score":1.0,"pct":75,"price":200000,"n":49,"outcode":"CH43","apprec":1.63,"value":0.121}},{"type":"Feature","geometry":{"type":"Polygon","coordinates":[[[-3.10577,53.3805],[-3.10793,53.37949],[-3.10737,53.37776],[-3.10466,53.37704],[-3.1025,53.37805],[-3.10305,53.37978],[-3.10577,53.3805]]]},"properties":{"h3":"8919510ee93ffff","c":0,"f":0,"cs":2.1,"fs":0.0,"score":1.0,"pct":75,"price":298997,"n":136,"outcode":"CH49","apprec":1.64,"value":-0.163}},{"type":"Feature","geometry":{"type":"Polygon","coordinates":[[[-3.11064,53.3802],[-3.1128,53.37919],[-3.11224,53.37746],[-3.10953,53.37675],[-3.10737,53.37776],[-3.10793,53.37949],[-3.11064,53.3802]]]},"properties":{"h3":"8919510ee9bffff","c":0,"f":0,"cs":1.8,"fs":0.0,"score":1.0,"pct":75,"price":311000,"n":154,"outcode":"CH49","apprec":1.64,"value":-0.182}},{"type":"Feature","geometry":{"type":"Polygon","coordinates":[[[-3.11878,53.38235],[-3.12094,53.38134],[-3.12039,53.37961],[-3.11767,53.37889],[-3.11551,53.37991],[-3.11607,53.38163],[-3.11878,53.38235]]]},"properties":{"h3":"8919510eed3ffff","c":0,"f":0,"cs":1.8,"fs":0.0,"score":1.0,"pct":75,"price":260000,"n":115,"outcode":"CH49","apprec":1.64,"value":-0.087}},{"type":"Feature","geometry":{"type":"Polygon","coordinates":[[[-3.11551,53.37991],[-3.11767,53.37889],[-3.11712,53.37717],[-3.1144,53.37645],[-3.11224,53.37746],[-3.1128,53.37919],[-3.11551,53.37991]]]},"properties":{"h3":"8919510eed7ffff","c":0,"f":0,"cs":1.8,"fs":0.0,"score":1.0,"pct":75,"price":280000,"n":121,"outcode":"CH49","apprec":1.64,"value":-0.138}},{"type":"Feature","geometry":{"type":"Polygon","coordinates":[[[-3.18557,53.39677],[-3.18773,53.39575],[-3.18718,53.39403],[-3.18446,53.39331],[-3.1823,53.39433],[-3.18286,53.39605],[-3.18557,53.39677]]]},"properties":{"h3":"8919510f137ffff","c":0,"f":0,"cs":2.0,"fs":0.0,"score":1.0,"pct":75,"price":267500,"n":102,"outcode":"CH47","apprec":1.61,"value":-0.11}},{"type":"Feature","geometry":{"type":"Polygon","coordinates":[[[-3.17909,53.39981],[-3.18125,53.39879],[-3.18069,53.39707],[-3.17798,53.39635],[-3.17582,53.39736],[-3.17637,53.39909],[-3.17909,53.39981]]]},"properties":{"h3":"8919510f1a7ffff","c":0,"f":0,"cs":4.0,"fs":0.0,"score":1.0,"pct":75,"price":307500,"n":112,"outcode":"CH47","apprec":1.61,"value":-0.178}},{"type":"Feature","geometry":{"type":"Polygon","coordinates":[[[-3.17749,53.40255],[-3.17965,53.40153],[-3.17909,53.39981],[-3.17637,53.39909],[-3.17421,53.4001],[-3.17477,53.40183],[-3.17749,53.40255]]]},"properties":{"h3":"8919510f1b7ffff","c":0,"f":0,"cs":1.9,"fs":0.0,"score":1.0,"pct":75,"price":440000,"n":45,"outcode":"CH47","apprec":1.61,"value":-0.245}},{"type":"Feature","geometry":{"type":"Polygon","coordinates":[[[-3.02437,53.63853],[-3.02654,53.63753],[-3.02599,53.63581],[-3.02327,53.63509],[-3.0211,53.63609],[-3.02165,53.63782],[-3.02437,53.63853]]]},"properties":{"h3":"89195110013ffff","c":1,"f":0,"cs":1.7,"fs":0.0,"score":1.0,"pct":75,"price":265000,"n":124,"outcode":"PR8","apprec":1.6,"value":-0.104}},{"type":"Feature","geometry":{"type":"Polygon","coordinates":[[[-3.0211,53.63609],[-3.02327,53.63509],[-3.02271,53.63336],[-3.01999,53.63265],[-3.01782,53.63365],[-3.01837,53.63537],[-3.0211,53.63609]]]},"properties":{"h3":"89195110017ffff","c":0,"f":0,"cs":4.0,"fs":0.0,"score":1.0,"pct":75,"price":211250,"n":194,"outcode":"PR8","apprec":1.6,"value":0.079}},{"type":"Feature","geometry":{"type":"Polygon","coordinates":[[[-3.01458,53.63911],[-3.01676,53.6381],[-3.0162,53.63638],[-3.01348,53.63566],[-3.01131,53.63667],[-3.01186,53.63839],[-3.01458,53.63911]]]},"properties":{"h3":"89195110087ffff","c":0,"f":0,"cs":4.0,"fs":0.0,"score":1.0,"pct":75,"price":218500,"n":232,"outcode":"PR8","apprec":1.6,"value":0.063}},{"type":"Feature","geometry":{"type":"Polygon","coordinates":[[[-3.01948,53.63882],[-3.02165,53.63782],[-3.0211,53.63609],[-3.01837,53.63537],[-3.0162,53.63638],[-3.01676,53.6381],[-3.01948,53.63882]]]},"properties":{"h3":"8919511008fffff","c":0,"f":0,"cs":4.0,"fs":0.0,"score":1.0,"pct":75,"price":193500,"n":200,"outcode":"PR8","apprec":1.6,"value":0.144}},{"type":"Feature","geometry":{"type":"Polygon","coordinates":[[[-3.01625,53.64428],[-3.01842,53.64327],[-3.01786,53.64155],[-3.01514,53.64083],[-3.01297,53.64183],[-3.01352,53.64356],[-3.01625,53.64428]]]},"properties":{"h3":"89195110093ffff","c":0,"f":0,"cs":1.9,"fs":0.1,"score":0.866,"pct":36,"price":230000,"n":133,"outcode":"PR8","apprec":1.6,"value":-0.385}},{"type":"Feature","geometry":{"type":"Polygon","coordinates":[[[-3.01297,53.64183],[-3.01514,53.64083],[-3.01458,53.63911],[-3.01186,53.63839],[-3.00969,53.63939],[-3.01024,53.64112],[-3.01297,53.64183]]]},"properties":{"h3":"89195110097ffff","c":0,"f":0,"cs":1.9,"fs":0.1,"score":0.867,"pct":37,"price":210000,"n":190,"outcode":"PR8","apprec":1.6,"value":-0.3}},{"type":"Feature","geometry":{"type":"Polygon","coordinates":[[[-3.01292,53.63394],[-3.01509,53.63293],[-3.01454,53.63121],[-3.01182,53.63049],[-3.00965,53.6315],[-3.0102,53.63322],[-3.01292,53.63394]]]},"properties":{"h3":"891951100a3ffff","c":2,"f":0,"cs":5.6,"fs":0.0,"score":1.0,"pct":75,"price":245000,"n":205,"outcode":"PR8","apprec":1.6,"value":-0.043}},{"type":"Feature","geometry":{"type":"Polygon","coordinates":[[[-3.00965,53.6315],[-3.01182,53.63049],[-3.01126,53.62877],[-3.00854,53.62805],[-3.00637,53.62905],[-3.00692,53.63078],[-3.00965,53.6315]]]},"properties":{"h3":"891951100a7ffff","c":0,"f":0,"cs":2.0,"fs":0.0,"score":1.0,"pct":75,"price":209500,"n":159,"outcode":"PR8","apprec":1.6,"value":0.092}},{"type":"Feature","geometry":{"type":"Polygon","coordinates":[[[-3.01782,53.63365],[-3.01999,53.63265],[-3.01943,53.63092],[-3.01671,53.6302],[-3.01454,53.63121],[-3.01509,53.63293],[-3.01782,53.63365]]]},"properties":{"h3":"891951100abffff","c":0,"f":0,"cs":4.5,"fs":0.0,"score":1.0,"pct":75,"price":190000,"n":169,"outcode":"PR8","apprec":1.6,"value":0.162}},{"type":"Feature","geometry":{"type":"Polygon","coordinates":[[[-3.01454,53.63121],[-3.01671,53.6302],[-3.01616,53.62848],[-3.01343,53.62776],[-3.01126,53.62877],[-3.01182,53.63049],[-3.01454,53.63121]]]},"properties":{"h3":"891951100afffff","c":0,"f":0,"cs":2.0,"fs":0.0,"score":1.0,"pct":75,"price":350000,"n":106,"outcode":"PR8","apprec":1.6,"value":-0.212}},{"type":"Feature","geometry":{"type":"Polygon","coordinates":[[[-3.01131,53.63667],[-3.01348,53.63566],[-3.01292,53.63394],[-3.0102,53.63322],[-3.00803,53.63422],[-3.00858,53.63595],[-3.01131,53.63667]]]},"properties":{"h3":"891951100b3ffff","c":1,"f":0,"cs":5.2,"fs":0.0,"score":1.0,"pct":75,"price":200000,"n":232,"outcode":"PR8","apprec":1.6,"value":0.121}},{"type":"Feature","geometry":{"type":"Polygon","coordinates":[[[-3.00803,53.63422],[-3.0102,53.63322],[-3.00965,53.6315],[-3.00692,53.63078],[-3.00475,53.63178],[-3.00531,53.63351],[-3.00803,53.63422]]]},"properties":{"h3":"891951100b7ffff","c":0,"f":0,"cs":2.5,"fs":0.0,"score":1.0,"pct":75,"price":193250,"n":199,"outcode":"PR8","apprec":1.6,"value":0.145}},{"type":"Feature","geometry":{"type":"Polygon","coordinates":[[[-3.0162,53.63638],[-3.01837,53.63537],[-3.01782,53.63365],[-3.01509,53.63293],[-3.01292,53.63394],[-3.01348,53.63566],[-3.0162,53.63638]]]},"properties":{"h3":"891951100bbffff","c":5,"f":0,"cs":7.0,"fs":0.0,"score":1.0,"pct":75,"price":242500,"n":213,"outcode":"PR8","apprec":1.6,"value":-0.034}},{"type":"Feature","geometry":{"type":"Polygon","coordinates":[[[-3.0145,53.62331],[-3.01667,53.62231],[-3.01611,53.62058],[-3.01339,53.61987],[-3.01122,53.62087],[-3.01177,53.62259],[-3.0145,53.62331]]]},"properties":{"h3":"89195110153ffff","c":2,"f":0,"cs":2.1,"fs":0.0,"score":1.0,"pct":75,"price":225000,"n":159,"outcode":"PR8","apprec":1.6,"value":0.028}},{"type":"Feature","geometry":{"type":"Polygon","coordinates":[[[-3.01939,53.62303],[-3.02156,53.62202],[-3.02101,53.6203],[-3.01828,53.61958],[-3.01611,53.62058],[-3.01667,53.62231],[-3.01939,53.62303]]]},"properties":{"h3":"8919511015bffff","c":0,"f":0,"cs":1.8,"fs":0.0,"score":1.0,"pct":75,"price":295000,"n":139,"outcode":"PR8","apprec":1.6,"value":-0.159}},{"type":"Feature","geometry":{"type":"Polygon","coordinates":[[[-3.03398,53.60636],[-3.03614,53.60536],[-3.03559,53.60364],[-3.03287,53.60292],[-3.0307,53.60392],[-3.03125,53.60565],[-3.03398,53.60636]]]},"properties":{"h3":"8919511032fffff","c":0,"f":0,"cs":2.8,"fs":0.0,"score":1.0,"pct":75,"price":215000,"n":110,"outcode":"PR8","apprec":1.6,"value":0.071}},{"type":"Feature","geometry":{"type":"Polygon","coordinates":[[[-3.01467,53.6549],[-3.01684,53.65389],[-3.01629,53.65217],[-3.01357,53.65145],[-3.01139,53.65246],[-3.01195,53.65418],[-3.01467,53.6549]]]},"properties":{"h3":"89195110403ffff","c":2,"f":1,"cs":5.8,"fs":1.9,"score":0.514,"pct":10,"n":0}},{"type":"Feature","geometry":{"type":"Polygon","coordinates":[[[-3.01139,53.65246],[-3.01357,53.65145],[-3.01301,53.64973],[-3.01029,53.64901],[-3.00812,53.65002],[-3.00867,53.65174],[-3.01139,53.65246]]]},"properties":{"h3":"89195110407ffff","c":3,"f":0,"cs":18.7,"fs":2.7,"score":0.747,"pct":25,"price":95500,"n":34,"outcode":"PR8","apprec":1.6,"value":0.2}},{"type":"Feature","geometry":{"type":"Polygon","coordinates":[[[-3.01957,53.65461],[-3.02174,53.65361],[-3.02119,53.65188],[-3.01846,53.65117],[-3.01629,53.65217],[-3.01684,53.65389],[-3.01957,53.65461]]]},"properties":{"h3":"8919511040bffff","c":0,"f":0,"cs":1.6,"fs":1.2,"score":0.143,"pct":1,"n":0}},{"type":"Feature","geometry":{"type":"Polygon","coordinates":[[[-3.01629,53.65217],[-3.01846,53.65117],[-3.01791,53.64944],[-3.01518,53.64873],[-3.01301,53.64973],[-3.01357,53.65145],[-3.01629,53.65217]]]},"properties":{"h3":"8919511040fffff","c":0,"f":1,"cs":5.9,"fs":2.0,"score":0.49,"pct":9,"n":0}},{"type":"Feature","geometry":{"type":"Polygon","coordinates":[[[-3.01306,53.65763],[-3.01523,53.65662],[-3.01467,53.6549],[-3.01195,53.65418],[-3.00978,53.65518],[-3.01033,53.65691],[-3.01306,53.65763]]]},"properties":{"h3":"89195110413ffff","c":0,"f":0,"cs":2.2,"fs":0.7,"score":0.489,"pct":9,"n":0}},{"type":"Feature","geometry":{"type":"Polygon","coordinates":[[[-3.00978,53.65518],[-3.01195,53.65418],[-3.01139,53.65246],[-3.00867,53.65174],[-3.0065,53.65274],[-3.00705,53.65447],[-3.00978,53.65518]]]},"properties":{"h3":"89195110417ffff","c":0,"f":0,"cs":9.9,"fs":1.0,"score":0.815,"pct":30,"price":185000,"n":36,"outcode":"PR9","apprec":1.55,"value":-0.272}},{"type":"Feature","geometry":{"type":"Polygon","coordinates":[[[-3.01795,53.65734],[-3.02012,53.65633],[-3.01957,53.65461],[-3.01684,53.65389],[-3.01467,53.6549],[-3.01523,53.65662],[-3.01795,53.65734]]]},"properties":{"h3":"8919511041bffff","c":0,"f":0,"cs":1.6,"fs":0.7,"score":0.372,"pct":5,"n":0}},{"type":"Feature","geometry":{"type":"Polygon","coordinates":[[[-3.00973,53.64729],[-3.0119,53.64628],[-3.01135,53.64456],[-3.00863,53.64384],[-3.00646,53.64485],[-3.00701,53.64657],[-3.00973,53.64729]]]},"properties":{"h3":"89195110423ffff","c":5,"f":1,"cs":24.8,"fs":3.0,"score":0.787,"pct":28,"price":119000,"n":140,"outcode":"PR8","apprec":1.6,"value":0.127}},{"type":"Feature","geometry":{"type":"Polygon","coordinates":[[[-3.00646,53.64485],[-3.00863,53.64384],[-3.00807,53.64212],[-3.00535,53.6414],[-3.00318,53.64241],[-3.00373,53.64413],[-3.00646,53.64485]]]},"properties":{"h3":"89195110427ffff","c":0,"f":0,"cs":17.7,"fs":1.5,"score":0.846,"pct":33,"price":130000,"n":158,"outcode":"PR8","apprec":1.6,"value":0.108}},{"type":"Feature","geometry":{"type":"Polygon","coordinates":[[[-3.01463,53.647],[-3.0168,53.646],[-3.01625,53.64428],[-3.01352,53.64356],[-3.01135,53.64456],[-3.0119,53.64628],[-3.01463,53.647]]]},"properties":{"h3":"8919511042bffff","c":2,"f":0,"cs":8.8,"fs":1.1,"score":0.77,"pct":27,"price":185000,"n":124,"outcode":"PR8","apprec":1.6,"value":-0.3}},{"type":"Feature","geometry":{"type":"Polygon","coordinates":[[[-3.01135,53.64456],[-3.01352,53.64356],[-3.01297,53.64183],[-3.01024,53.64112],[-3.00807,53.64212],[-3.00863,53.64384],[-3.01135,53.64456]]]},"properties":{"h3":"8919511042fffff","c":0,"f":0,"cs":8.2,"fs":1.0,"score":0.779,"pct":27,"price":189250,"n":194,"outcode":"PR8","apprec":1.6,"value":-0.309}},{"type":"Feature","geometry":{"type":"Polygon","coordinates":[[[-3.00812,53.65002],[-3.01029,53.64901],[-3.00973,53.64729],[-3.00701,53.64657],[-3.00484,53.64758],[-3.00539,53.6493],[-3.00812,53.65002]]]},"properties":{"h3":"89195110433ffff","c":11,"f":2,"cs":37.0,"fs":3.5,"score":0.828,"pct":31,"price":96000,"n":107,"outcode":"PR8","apprec":1.6,"value":0.259}},{"type":"Feature","geometry":{"type":"Polygon","coordinates":[[[-3.00484,53.64758],[-3.00701,53.64657],[-3.00646,53.64485],[-3.00373,53.64413],[-3.00156,53.64513],[-3.00212,53.64686],[-3.00484,53.64758]]]},"properties":{"h3":"89195110437ffff","c":14,"f":1,"cs":37.1,"fs":2.8,"score":0.859,"pct":35,"price":115000,"n":138,"outcode":"PR8","apprec":1.6,"value":0.221}},{"type":"Feature","geometry":{"type":"Polygon","coordinates":[[[-3.01301,53.64973],[-3.01518,53.64873],[-3.01463,53.647],[-3.0119,53.64628],[-3.00973,53.64729],[-3.01029,53.64901],[-3.01301,53.64973]]]},"properties":{"h3":"8919511043bffff","c":0,"f":0,"cs":17.2,"fs":2.7,"score":0.729,"pct":24,"price":115000,"n":79,"outcode":"PR8","apprec":1.6,"value":0.101}},{"type":"Feature","geometry":{"type":"Polygon","coordinates":[[[-3.01952,53.64672],[-3.02169,53.64571],[-3.02114,53.64399],[-3.01842,53.64327],[-3.01625,53.64428],[-3.0168,53.646],[-3.01952,53.64672]]]},"properties":{"h3":"89195110467ffff","c":0,"f":0,"cs":1.9,"fs":0.3,"score":0.749,"pct":25,"price":267000,"n":55,"outcode":"PR8","apprec":1.6,"value":-0.615}},{"type":"Feature","geometry":{"type":"Polygon","coordinates":[[[-3.02119,53.65188],[-3.02336,53.65088],[-3.0228,53.64916],[-3.02008,53.64844],[-3.01791,53.64944],[-3.01846,53.65117],[-3.02119,53.65188]]]},"properties":{"h3":"89195110473ffff","c":0,"f":0,"cs":0.9,"fs":0.7,"score":0.122,"pct":1,"n":0}},{"type":"Feature","geometry":{"type":"Polygon","coordinates":[[[-3.01791,53.64944],[-3.02008,53.64844],[-3.01952,53.64672],[-3.0168,53.646],[-3.01463,53.647],[-3.01518,53.64873],[-3.01791,53.64944]]]},"properties":{"h3":"89195110477ffff","c":0,"f":0,"cs":4.1,"fs":1.1,"score":0.559,"pct":12,"n":6}},{"type":"Feature","geometry":{"type":"Polygon","coordinates":[[[-3.00326,53.6582],[-3.00544,53.65719],[-3.00488,53.65547],[-3.00216,53.65475],[-2.99999,53.65576],[-3.00054,53.65748],[-3.00326,53.6582]]]},"properties":{"h3":"89195110487ffff","c":0,"f":0,"cs":3.3,"fs":0.0,"score":1.0,"pct":75,"price":146000,"n":102,"outcode":"PR9","apprec":1.55,"value":0.414}},{"type":"Feature","geometry":{"type":"Polygon","coordinates":[[[-3.00816,53.65791],[-3.01033,53.65691],[-3.00978,53.65518],[-3.00705,53.65447],[-3.00488,53.65547],[-3.00544,53.65719],[-3.00816,53.65791]]]},"properties":{"h3":"8919511048fffff","c":0,"f":0,"cs":3.0,"fs":0.1,"score":0.915,"pct":44,"price":190000,"n":31,"outcode":"PR9","apprec":1.55,"value":-0.152}},{"type":"Feature","geometry":{"type":"Polygon","coordinates":[[[-3.00165,53.66092],[-3.00382,53.65992],[-3.00326,53.6582],[-3.00054,53.65748],[-2.99837,53.65848],[-2.99892,53.66021],[-3.00165,53.66092]]]},"properties":{"h3":"89195110497ffff","c":2,"f":0,"cs":2.1,"fs":0.0,"score":1.0,"pct":75,"price":115000,"n":35,"outcode":"PR9","apprec":1.55,"value":0.62}},{"type":"Feature","geometry":{"type":"Polygon","coordinates":[[[-3.0016,53.65303],[-3.00378,53.65202],[-3.00322,53.6503],[-3.0005,53.64958],[-2.99833,53.65059],[-2.99888,53.65231],[-3.0016,53.65303]]]},"properties":{"h3":"891951104a3ffff","c":8,"f":0,"cs":23.1,"fs":0.4,"score":0.965,"pct":49,"price":122250,"n":166,"outcode":"PR9","apprec":1.55,"value":0.319}},{"type":"Feature","geometry":{"type":"Polygon","coordinates":[[[-2.99833,53.65059],[-3.0005,53.64958],[-2.99994,53.64786],[-2.99722,53.64714],[-2.99505,53.64815],[-2.9956,53.64987],[-2.99833,53.65059]]]},"properties":{"h3":"891951104a7ffff","c":0,"f":0,"cs":19.8,"fs":0.4,"score":0.96,"pct":49,"price":132500,"n":145,"outcode":"PR9","apprec":1.55,"value":0.243}},{"type":"Feature","geometry":{"type":"Polygon","coordinates":[[[-3.0065,53.65274],[-3.00867,53.65174],[-3.00812,53.65002],[-3.00539,53.6493],[-3.00322,53.6503],[-3.00378,53.65202],[-3.0065,53.65274]]]},"properties":{"h3":"891951104abffff","c":3,"f":0,"cs":28.4,"fs":1.8,"score":0.884,"pct":39,"price":110000,"n":119,"outcode":"PR9","apprec":1.55,"value":0.284}},{"type":"Feature","geometry":{"type":"Polygon","coordinates":[[[-3.00322,53.6503],[-3.00539,53.6493],[-3.00484,53.64758],[-3.00212,53.64686],[-2.99994,53.64786],[-3.0005,53.64958],[-3.00322,53.6503]]]},"properties":{"h3":"891951104afffff","c":14,"f":0,"cs":38.3,"fs":2.0,"score":0.903,"pct":41,"price":98000,"n":124,"outcode":"PR9","apprec":1.55,"value":0.357}},{"type":"Feature","geometry":{"type":"Polygon","coordinates":[[[-2.99999,53.65576],[-3.00216,53.65475],[-3.0016,53.65303],[-2.99888,53.65231],[-2.99671,53.65331],[-2.99726,53.65504],[-2.99999,53.65576]]]},"properties":{"h3":"891951104b3ffff","c":0,"f":0,"cs":8.3,"fs":0.0,"score":1.0,"pct":75,"price":138000,"n":181,"outcode":"PR9","apprec":1.55,"value":0.475}},{"type":"Feature","geometry":{"type":"Polygon","coordinates":[[[-2.99671,53.65331],[-2.99888,53.65231],[-2.99833,53.65059],[-2.9956,53.64987],[-2.99343,53.65087],[-2.99399,53.6526],[-2.99671,53.65331]]]},"properties":{"h3":"891951104b7ffff","c":0,"f":0,"cs":8.6,"fs":0.0,"score":1.0,"pct":75,"price":143000,"n":213,"outcode":"PR9","apprec":1.55,"value":0.43}},{"type":"Feature","geometry":{"type":"Polygon","coordinates":[[[-3.00488,53.65547],[-3.00705,53.65447],[-3.0065,53.65274],[-3.00378,53.65202],[-3.0016,53.65303],[-3.00216,53.65475],[-3.00488,53.65547]]]},"properties":{"h3":"891951104bbffff","c":1,"f":0,"cs":12.0,"fs":0.4,"score":0.935,"pct":46,"price":120000,"n":139,"outcode":"PR9","apprec":1.55,"value":0.3}},{"type":"Feature","geometry":{"type":"Polygon","coordinates":[[[-3.00969,53.63939],[-3.01186,53.63839],[-3.01131,53.63667],[-3.00858,53.63595],[-3.00641,53.63695],[-3.00697,53.63867],[-3.00969,53.63939]]]},"properties":{"h3":"8919511054bffff","c":0,"f":0,"cs":1.7,"fs":0.0,"score":1.0,"pct":75,"price":200000,"n":183,"outcode":"PR8","apprec":1.6,"value":0.121}},{"type":"Feature","geometry":{"type":"Polygon","coordinates":[[[-3.00641,53.63695],[-3.00858,53.63595],[-3.00803,53.63422],[-3.00531,53.63351],[-3.00314,53.63451],[-3.00369,53.63623],[-3.00641,53.63695]]]},"properties":{"h3":"8919511054fffff","c":0,"f":0,"cs":1.7,"fs":0.0,"score":1.0,"pct":75,"price":190000,"n":200,"outcode":"PR8","apprec":1.6,"value":0.162}},{"type":"Feature","geometry":{"type":"Polygon","coordinates":[[[-3.00318,53.64241],[-3.00535,53.6414],[-3.0048,53.63968],[-3.00207,53.63896],[-2.9999,53.63997],[-3.00046,53.64169],[-3.00318,53.64241]]]},"properties":{"h3":"89195110553ffff","c":1,"f":0,"cs":5.5,"fs":0.3,"score":0.907,"pct":42,"price":179000,"n":166,"outcode":"PR8","apprec":1.6,"value":-0.107}},{"type":"Feature","geometry":{"type":"Polygon","coordinates":[[[-3.00807,53.64212],[-3.01024,53.64112],[-3.00969,53.63939],[-3.00697,53.63867],[-3.0048,53.63968],[-3.00535,53.6414],[-3.00807,53.64212]]]},"properties":{"h3":"8919511055bffff","c":0,"f":0,"cs":4.0,"fs":0.3,"score":0.873,"pct":37,"price":180000,"n":161,"outcode":"PR8","apprec":1.6,"value":-0.169}},{"type":"Feature","geometry":{"type":"Polygon","coordinates":[[[-2.98688,53.64599],[-2.98905,53.64499],[-2.9885,53.64326],[-2.98577,53.64254],[-2.9836,53.64355],[-2.98416,53.64527],[-2.98688,53.64599]]]},"properties":{"h3":"8919511059bffff","c":1,"f":0,"cs":2.0,"fs":0.0,"score":1.0,"pct":75,"price":195000,"n":157,"outcode":"PR8","apprec":1.6,"value":0.14}},{"type":"Feature","geometry":{"type":"Polygon","coordinates":[[[-2.99667,53.64542],[-2.99884,53.64442],[-2.99829,53.64269],[-2.99556,53.64197],[-2.99339,53.64298],[-2.99394,53.6447],[-2.99667,53.64542]]]},"properties":{"h3":"891951105c3ffff","c":0,"f":0,"cs":7.4,"fs":0.1,"score":0.964,"pct":49,"price":165500,"n":126,"outcode":"PR8","apprec":1.6,"value":0.019}},{"type":"Feature","geometry":{"type":"Polygon","coordinates":[[[-3.00156,53.64513],[-3.00373,53.64413],[-3.00318,53.64241],[-3.00046,53.64169],[-2.99829,53.64269],[-2.99884,53.64442],[-3.00156,53.64513]]]},"properties":{"h3":"891951105cbffff","c":3,"f":0,"cs":16.9,"fs":1.0,"score":0.887,"pct":39,"price":160000,"n":128,"outcode":"PR8","apprec":1.6,"value":-0.039}},{"type":"Feature","geometry":{"type":"Polygon","coordinates":[[[-2.99829,53.64269],[-3.00046,53.64169],[-2.9999,53.63997],[-2.99718,53.63925],[-2.99501,53.64025],[-2.99556,53.64197],[-2.99829,53.64269]]]},"properties":{"h3":"891951105cfffff","c":0,"f":0,"cs":4.6,"fs":0.1,"score":0.943,"pct":46,"price":192250,"n":144,"outcode":"PR8","apprec":1.6,"value":-0.135}},{"type":"Feature","geometry":{"type":"Polygon","coordinates":[[[-2.99505,53.64815],[-2.99722,53.64714],[-2.99667,53.64542],[-2.99394,53.6447],[-2.99177,53.64571],[-2.99233,53.64743],[-2.99505,53.64815]]]},"properties":{"h3":"891951105d3ffff","c":1,"f":0,"cs":8.4,"fs":0.1,"score":0.968,"pct":49,"price":167000,"n":141,"outcode":"PR9","apprec":1.55,"value":0.02}},{"type":"Feature","geometry":{"type":"Polygon","coordinates":[[[-2.99177,53.64571],[-2.99394,53.6447],[-2.99339,53.64298],[-2.99067,53.64226],[-2.9885,53.64326],[-2.98905,53.64499],[-2.99177,53.64571]]]},"properties":{"h3":"891951105d7ffff","c":0,"f":0,"cs":2.6,"fs":0.0,"score":1.0,"pct":75,"price":175000,"n":159,"outcode":"PR8","apprec":1.6,"value":0.239}},{"type":"Feature","geometry":{"type":"Polygon","coordinates":[[[-2.99994,53.64786],[-3.00212,53.64686],[-3.00156,53.64513],[-2.99884,53.64442],[-2.99667,53.64542],[-2.99722,53.64714],[-2.99994,53.64786]]]},"properties":{"h3":"891951105dbffff","c":1,"f":0,"cs":24.5,"fs":1.0,"score":0.921,"pct":44,"price":152500,"n":99,"outcode":"PR9","apprec":1.55,"value":0.063}},{"type":"Feature","geometry":{"type":"Polygon","coordinates":[[[-3.03231,53.60119],[-3.03448,53.60019],[-3.03393,53.59846],[-3.03121,53.59775],[-3.02904,53.59875],[-3.02959,53.60048],[-3.03231,53.60119]]]},"properties":{"h3":"89195110e4bffff","c":0,"f":0,"cs":2.8,"fs":0.0,"score":1.0,"pct":75,"price":219997,"n":106,"outcode":"PR8","apprec":1.6,"value":0.057}},{"type":"Feature","geometry":{"type":"Polygon","coordinates":[[[-3.0307,53.60392],[-3.03287,53.60292],[-3.03231,53.60119],[-3.02959,53.60048],[-3.02742,53.60148],[-3.02798,53.60321],[-3.0307,53.60392]]]},"properties":{"h3":"89195110e5bffff","c":0,"f":0,"cs":2.8,"fs":0.0,"score":1.0,"pct":75,"price":205000,"n":109,"outcode":"PR8","apprec":1.6,"value":0.104}},{"type":"Feature","geometry":{"type":"Polygon","coordinates":[[[-3.04048,53.60335],[-3.04265,53.60234],[-3.0421,53.60062],[-3.03937,53.5999],[-3.03721,53.60091],[-3.03776,53.60263],[-3.04048,53.60335]]]},"properties":{"h3":"89195111d83ffff","c":3,"f":0,"cs":5.4,"fs":0.0,"score":1.0,"pct":75,"price":245000,"n":113,"outcode":"PR8","apprec":1.6,"value":-0.043}},{"type":"Feature","geometry":{"type":"Polygon","coordinates":[[[-3.03721,53.60091],[-3.03937,53.5999],[-3.03882,53.59818],[-3.0361,53.59746],[-3.03393,53.59846],[-3.03448,53.60019],[-3.03721,53.60091]]]},"properties":{"h3":"89195111d87ffff","c":0,"f":0,"cs":4.2,"fs":0.0,"score":1.0,"pct":75,"price":235000,"n":115,"outcode":"PR8","apprec":1.6,"value":-0.013}},{"type":"Feature","geometry":{"type":"Polygon","coordinates":[[[-3.04537,53.60306],[-3.04754,53.60205],[-3.04699,53.60033],[-3.04427,53.59961],[-3.0421,53.60062],[-3.04265,53.60234],[-3.04537,53.60306]]]},"properties":{"h3":"89195111d8bffff","c":0,"f":0,"cs":2.4,"fs":0.0,"score":1.0,"pct":75,"price":346000,"n":69,"outcode":"PR8","apprec":1.6,"value":-0.209}},{"type":"Feature","geometry":{"type":"Polygon","coordinates":[[[-3.0421,53.60062],[-3.04427,53.59961],[-3.04371,53.59789],[-3.04099,53.59717],[-3.03882,53.59818],[-3.03937,53.5999],[-3.0421,53.60062]]]},"properties":{"h3":"89195111d8fffff","c":0,"f":0,"cs":2.4,"fs":0.0,"score":1.0,"pct":75,"price":315000,"n":99,"outcode":"PR8","apprec":1.6,"value":-0.185}},{"type":"Feature","geometry":{"type":"Polygon","coordinates":[[[-3.03887,53.60608],[-3.04104,53.60507],[-3.04048,53.60335],[-3.03776,53.60263],[-3.03559,53.60364],[-3.03614,53.60536],[-3.03887,53.60608]]]},"properties":{"h3":"89195111d93ffff","c":0,"f":0,"cs":4.2,"fs":0.0,"score":1.0,"pct":75,"price":222000,"n":99,"outcode":"PR8","apprec":1.6,"value":0.043}},{"type":"Feature","geometry":{"type":"Polygon","coordinates":[[[-3.03559,53.60364],[-3.03776,53.60263],[-3.03721,53.60091],[-3.03448,53.60019],[-3.03231,53.60119],[-3.03287,53.60292],[-3.03559,53.60364]]]},"properties":{"h3":"89195111d97ffff","c":4,"f":0,"cs":5.8,"fs":0.0,"score":1.0,"pct":75,"price":212497,"n":154,"outcode":"PR8","apprec":1.6,"value":0.077}},{"type":"Feature","geometry":{"type":"Polygon","coordinates":[[[-3.04376,53.60579],[-3.04593,53.60478],[-3.04537,53.60306],[-3.04265,53.60234],[-3.04048,53.60335],[-3.04104,53.60507],[-3.04376,53.60579]]]},"properties":{"h3":"89195111d9bffff","c":0,"f":0,"cs":2.4,"fs":0.0,"score":1.0,"pct":75,"price":360000,"n":95,"outcode":"PR8","apprec":1.6,"value":-0.215}},{"type":"Feature","geometry":{"type":"Polygon","coordinates":[[[-2.95921,53.66076],[-2.96138,53.65976],[-2.96083,53.65803],[-2.9581,53.65731],[-2.95593,53.65832],[-2.95649,53.66004],[-2.95921,53.66076]]]},"properties":{"h3":"89195112143ffff","c":1,"f":0,"cs":2.5,"fs":0.0,"score":1.0,"pct":75,"price":279000,"n":34,"outcode":"PR9","apprec":1.55,"value":-0.134}},{"type":"Feature","geometry":{"type":"Polygon","coordinates":[[[-2.9641,53.66048],[-2.96627,53.65947],[-2.96572,53.65775],[-2.963,53.65703],[-2.96083,53.65803],[-2.96138,53.65976],[-2.9641,53.66048]]]},"properties":{"h3":"8919511214bffff","c":2,"f":0,"cs":3.8,"fs":0.0,"score":1.0,"pct":75,"price":278000,"n":89,"outcode":"PR9","apprec":1.55,"value":-0.132}},{"type":"Feature","geometry":{"type":"Polygon","coordinates":[[[-2.96083,53.65803],[-2.963,53.65703],[-2.96245,53.65531],[-2.95972,53.65459],[-2.95755,53.65559],[-2.9581,53.65731],[-2.96083,53.65803]]]},"properties":{"h3":"8919511214fffff","c":0,"f":0,"cs":2.6,"fs":0.0,"score":1.0,"pct":75,"price":250000,"n":37,"outcode":"PR9","apprec":1.55,"value":-0.064}},{"type":"Feature","geometry":{"type":"Polygon","coordinates":[[[-2.96248,53.6632],[-2.96465,53.6622],[-2.9641,53.66048],[-2.96138,53.65976],[-2.95921,53.66076],[-2.95976,53.66248],[-2.96248,53.6632]]]},"properties":{"h3":"8919511215bffff","c":0,"f":0,"cs":2.6,"fs":0.0,"score":1.0,"pct":75,"price":275500,"n":98,"outcode":"PR9","apprec":1.55,"value":-0.131}},{"type":"Feature","geometry":{"type":"Polygon","coordinates":[[[-2.97058,53.64957],[-2.97275,53.64857],[-2.9722,53.64684],[-2.96947,53.64613],[-2.9673,53.64713],[-2.96786,53.64885],[-2.97058,53.64957]]]},"properties":{"h3":"89195112337ffff","c":2,"f":0,"cs":2.0,"fs":0.0,"score":1.0,"pct":75,"price":175000,"n":187,"outcode":"PR9","apprec":1.55,"value":0.239}},{"type":"Feature","geometry":{"type":"Polygon","coordinates":[[[-2.99837,53.65848],[-3.00054,53.65748],[-2.99999,53.65576],[-2.99726,53.65504],[-2.99509,53.65604],[-2.99564,53.65776],[-2.99837,53.65848]]]},"properties":{"h3":"8919511234bffff","c":0,"f":0,"cs":2.6,"fs":0.0,"score":1.0,"pct":75,"price":142250,"n":130,"outcode":"PR9","apprec":1.55,"value":0.436}},{"type":"Feature","geometry":{"type":"Polygon","coordinates":[[[-2.99509,53.65604],[-2.99726,53.65504],[-2.99671,53.65331],[-2.99399,53.6526],[-2.99181,53.6536],[-2.99237,53.65532],[-2.99509,53.65604]]]},"properties":{"h3":"8919511234fffff","c":0,"f":0,"cs":2.4,"fs":0.0,"score":1.0,"pct":75,"price":142500,"n":208,"outcode":"PR9","apprec":1.55,"value":0.433}},{"type":"Feature","geometry":{"type":"Polygon","coordinates":[[[-2.98854,53.65116],[-2.99071,53.65015],[-2.99016,53.64843],[-2.98743,53.64771],[-2.98526,53.64872],[-2.98581,53.65044],[-2.98854,53.65116]]]},"properties":{"h3":"89195112363ffff","c":1,"f":0,"cs":2.6,"fs":0.0,"score":1.0,"pct":75,"price":179975,"n":208,"outcode":"PR9","apprec":1.55,"value":0.219}},{"type":"Feature","geometry":{"type":"Polygon","coordinates":[[[-2.98526,53.64872],[-2.98743,53.64771],[-2.98688,53.64599],[-2.98416,53.64527],[-2.98199,53.64628],[-2.98254,53.648],[-2.98526,53.64872]]]},"properties":{"h3":"89195112367ffff","c":0,"f":0,"cs":2.1,"fs":0.0,"score":1.0,"pct":75,"price":205000,"n":158,"outcode":"PR9","apprec":1.55,"value":0.104}},{"type":"Feature","geometry":{"type":"Polygon","coordinates":[[[-2.99343,53.65087],[-2.9956,53.64987],[-2.99505,53.64815],[-2.99233,53.64743],[-2.99016,53.64843],[-2.99071,53.65015],[-2.99343,53.65087]]]},"properties":{"h3":"8919511236bffff","c":1,"f":0,"cs":6.2,"fs":0.0,"score":1.0,"pct":75,"price":172250,"n":174,"outcode":"PR9","apprec":1.55,"value":0.25}},{"type":"Feature","geometry":{"type":"Polygon","coordinates":[[[-2.99016,53.64843],[-2.99233,53.64743],[-2.99177,53.64571],[-2.98905,53.64499],[-2.98688,53.64599],[-2.98743,53.64771],[-2.99016,53.64843]]]},"properties":{"h3":"8919511236fffff","c":1,"f":0,"cs":3.6,"fs":0.0,"score":1.0,"pct":75,"price":180000,"n":171,"outcode":"PR9","apprec":1.55,"value":0.21}},{"type":"Feature","geometry":{"type":"Polygon","coordinates":[[[-2.99181,53.6536],[-2.99399,53.6526],[-2.99343,53.65087],[-2.99071,53.65015],[-2.98854,53.65116],[-2.98909,53.65288],[-2.99181,53.6536]]]},"properties":{"h3":"8919511237bffff","c":0,"f":0,"cs":3.2,"fs":0.0,"score":1.0,"pct":75,"price":152500,"n":200,"outcode":"PR9","apprec":1.55,"value":0.37}},{"type":"Feature","geometry":{"type":"Polygon","coordinates":[[[-2.969,53.66019],[-2.97117,53.65919],[-2.97062,53.65747],[-2.96789,53.65675],[-2.96572,53.65775],[-2.96627,53.65947],[-2.969,53.66019]]]},"properties":{"h3":"89195112387ffff","c":0,"f":0,"cs":2.6,"fs":0.0,"score":1.0,"pct":75,"price":275000,"n":147,"outcode":"PR9","apprec":1.55,"value":-0.128}},{"type":"Feature","geometry":{"type":"Polygon","coordinates":[[[-2.96738,53.66292],[-2.96955,53.66191],[-2.969,53.66019],[-2.96627,53.65947],[-2.9641,53.66048],[-2.96465,53.6622],[-2.96738,53.66292]]]},"properties":{"h3":"89195112397ffff","c":1,"f":0,"cs":2.5,"fs":0.0,"score":1.0,"pct":75,"price":250000,"n":146,"outcode":"PR9","apprec":1.55,"value":-0.064}},{"type":"Feature","geometry":{"type":"Polygon","coordinates":[[[-2.96572,53.65775],[-2.96789,53.65675],[-2.96734,53.65502],[-2.96462,53.6543],[-2.96245,53.65531],[-2.963,53.65703],[-2.96572,53.65775]]]},"properties":{"h3":"891951123b3ffff","c":1,"f":0,"cs":2.5,"fs":0.0,"score":1.0,"pct":75,"price":260000,"n":95,"outcode":"PR9","apprec":1.55,"value":-0.087}},{"type":"Feature","geometry":{"type":"Polygon","coordinates":[[[-2.85273,53.49049],[-2.85489,53.48949],[-2.85435,53.48776],[-2.85164,53.48704],[-2.84947,53.48805],[-2.85002,53.48977],[-2.85273,53.49049]]]},"properties":{"h3":"8919511416fffff","c":1,"f":0,"cs":1.9,"fs":0.0,"score":1.0,"pct":75,"n":0}},{"type":"Feature","geometry":{"type":"Polygon","coordinates":[[[-2.91298,53.51597],[-2.91515,53.51497],[-2.9146,53.51324],[-2.91189,53.51252],[-2.90972,53.51353],[-2.91027,53.51525],[-2.91298,53.51597]]]},"properties":{"h3":"89195114243ffff","c":1,"f":0,"cs":1.0,"fs":0.6,"score":0.245,"pct":2,"price":270000,"n":35,"outcode":"L31","apprec":1.7,"value":-0.849}},{"type":"Feature","geometry":{"type":"Polygon","coordinates":[[[-2.9081,53.51626],[-2.91027,53.51525],[-2.90972,53.51353],[-2.90701,53.51281],[-2.90484,53.51381],[-2.90539,53.51554],[-2.9081,53.51626]]]},"properties":{"h3":"89195114257ffff","c":0,"f":1,"cs":0.6,"fs":1.0,"score":-0.245,"pct":0,"n":3}},{"type":"Feature","geometry":{"type":"Polygon","coordinates":[[[-2.80063,53.43553],[-2.80279,53.43452],[-2.80225,53.4328],[-2.79954,53.43207],[-2.79738,53.43308],[-2.79792,53.4348],[-2.80063,53.43553]]]},"properties":{"h3":"89195114927ffff","c":0,"f":0,"cs":3.0,"fs":0.0,"score":1.0,"pct":75,"price":129210,"n":58,"outcode":"L34","apprec":1.6,"value":0.541}},{"type":"Feature","geometry":{"type":"Polygon","coordinates":[[[-2.8055,53.43524],[-2.80766,53.43424],[-2.80712,53.43251],[-2.80441,53.43179],[-2.80225,53.4328],[-2.80279,53.43452],[-2.8055,53.43524]]]},"properties":{"h3":"8919511492fffff","c":0,"f":0,"cs":3.5,"fs":0.0,"score":1.0,"pct":75,"price":120000,"n":57,"outcode":"L34","apprec":1.6,"value":0.592}},{"type":"Feature","geometry":{"type":"Polygon","coordinates":[[[-2.85922,53.48748],[-2.86139,53.48647],[-2.86084,53.48475],[-2.85813,53.48403],[-2.85597,53.48503],[-2.85651,53.48676],[-2.85922,53.48748]]]},"properties":{"h3":"89195114ec3ffff","c":2,"f":0,"cs":2.7,"fs":0.0,"score":1.0,"pct":75,"n":0}},{"type":"Feature","geometry":{"type":"Polygon","coordinates":[[[-2.85761,53.49021],[-2.85977,53.4892],[-2.85922,53.48748],[-2.85651,53.48676],[-2.85435,53.48776],[-2.85489,53.48949],[-2.85761,53.49021]]]},"properties":{"h3":"89195114ed3ffff","c":1,"f":0,"cs":2.8,"fs":0.0,"score":1.0,"pct":75,"n":0}},{"type":"Feature","geometry":{"type":"Polygon","coordinates":[[[-2.85435,53.48776],[-2.85651,53.48676],[-2.85597,53.48503],[-2.85326,53.48431],[-2.85109,53.48532],[-2.85164,53.48704],[-2.85435,53.48776]]]},"properties":{"h3":"89195114ed7ffff","c":0,"f":0,"cs":2.4,"fs":0.0,"score":1.0,"pct":75,"n":0}},{"type":"Feature","geometry":{"type":"Polygon","coordinates":[[[-2.86248,53.48993],[-2.86465,53.48892],[-2.8641,53.4872],[-2.86139,53.48647],[-2.85922,53.48748],[-2.85977,53.4892],[-2.86248,53.48993]]]},"properties":{"h3":"89195114edbffff","c":0,"f":0,"cs":2.0,"fs":0.0,"score":1.0,"pct":75,"n":1}},{"type":"Feature","geometry":{"type":"Polygon","coordinates":[[[-2.95206,53.52159],[-2.95423,53.52059],[-2.95368,53.51886],[-2.95096,53.51814],[-2.9488,53.51915],[-2.94935,53.52087],[-2.95206,53.52159]]]},"properties":{"h3":"89195115023ffff","c":0,"f":0,"cs":1.6,"fs":0.0,"score":1.0,"pct":75,"price":237500,"n":86,"outcode":"L31","apprec":1.7,"value":-0.018}},{"type":"Feature","geometry":{"type":"Polygon","coordinates":[[[-2.9488,53.51915],[-2.95096,53.51814],[-2.95041,53.51642],[-2.9477,53.5157],[-2.94553,53.5167],[-2.94608,53.51843],[-2.9488,53.51915]]]},"properties":{"h3":"89195115027ffff","c":0,"f":0,"cs":4.5,"fs":0.1,"score":0.942,"pct":46,"price":235000,"n":126,"outcode":"L31","apprec":1.7,"value":-0.299}},{"type":"Feature","geometry":{"type":"Polygon","coordinates":[[[-2.95045,53.52432],[-2.95261,53.52332],[-2.95206,53.52159],[-2.94935,53.52087],[-2.94718,53.52188],[-2.94773,53.5236],[-2.95045,53.52432]]]},"properties":{"h3":"89195115033ffff","c":0,"f":0,"cs":1.9,"fs":0.0,"score":1.0,"pct":75,"price":222500,"n":149,"outcode":"L31","apprec":1.7,"value":0.04}},{"type":"Feature","geometry":{"type":"Polygon","coordinates":[[[-2.94718,53.52188],[-2.94935,53.52087],[-2.9488,53.51915],[-2.94608,53.51843],[-2.94392,53.51943],[-2.94447,53.52116],[-2.94718,53.52188]]]},"properties":{"h3":"89195115037ffff","c":1,"f":0,"cs":4.8,"fs":0.0,"score":1.0,"pct":75,"price":240000,"n":174,"outcode":"L31","apprec":1.7,"value":-0.028}},{"type":"Feature","geometry":{"type":"Polygon","coordinates":[[[-2.94557,53.52461],[-2.94773,53.5236],[-2.94718,53.52188],[-2.94447,53.52116],[-2.9423,53.52216],[-2.94285,53.52389],[-2.94557,53.52461]]]},"properties":{"h3":"891951150afffff","c":1,"f":0,"cs":2.3,"fs":0.0,"score":1.0,"pct":75,"price":237500,"n":191,"outcode":"L31","apprec":1.7,"value":-0.018}},{"type":"Feature","geometry":{"type":"Polygon","coordinates":[[[-2.93086,53.50966],[-2.93302,53.50865],[-2.93247,53.50693],[-2.92976,53.50621],[-2.92759,53.50721],[-2.92814,53.50894],[-2.93086,53.50966]]]},"properties":{"h3":"89195115107ffff","c":0,"f":0,"cs":3.0,"fs":0.0,"score":1.0,"pct":75,"price":269995,"n":173,"outcode":"L31","apprec":1.7,"value":-0.114}},{"type":"Feature","geometry":{"type":"Polygon","coordinates":[[[-2.939,53.51182],[-2.94117,53.51081],[-2.94062,53.50909],[-2.9379,53.50837],[-2.93574,53.50937],[-2.93629,53.5111],[-2.939,53.51182]]]},"properties":{"h3":"8919511510bffff","c":0,"f":0,"cs":1.7,"fs":0.1,"score":0.852,"pct":34,"price":252125,"n":48,"outcode":"L31","apprec":1.7,"value":-0.481}},{"type":"Feature","geometry":{"type":"Polygon","coordinates":[[[-2.93574,53.50937],[-2.9379,53.50837],[-2.93735,53.50664],[-2.93464,53.50592],[-2.93247,53.50693],[-2.93302,53.50865],[-2.93574,53.50937]]]},"properties":{"h3":"8919511510fffff","c":0,"f":0,"cs":3.3,"fs":0.0,"score":1.0,"pct":75,"price":264250,"n":56,"outcode":"L31","apprec":1.7,"value":-0.1}},{"type":"Feature","geometry":{"type":"Polygon","coordinates":[[[-2.93739,53.51455],[-2.93955,53.51354],[-2.939,53.51182],[-2.93629,53.5111],[-2.93412,53.5121],[-2.93467,53.51383],[-2.93739,53.51455]]]},"properties":{"h3":"8919511511bffff","c":0,"f":0,"cs":2.0,"fs":0.1,"score":0.875,"pct":38,"price":220000,"n":99,"outcode":"L31","apprec":1.7,"value":-0.323}},{"type":"Feature","geometry":{"type":"Polygon","coordinates":[[[-2.92921,53.50448],[-2.93137,53.50348],[-2.93083,53.50175],[-2.92811,53.50103],[-2.92595,53.50204],[-2.9265,53.50376],[-2.92921,53.50448]]]},"properties":{"h3":"89195115123ffff","c":0,"f":0,"cs":3.0,"fs":0.0,"score":1.0,"pct":75,"price":222475,"n":34,"outcode":"L31","apprec":1.7,"value":0.042}},{"type":"Feature","geometry":{"type":"Polygon","coordinates":[[[-2.93409,53.5042],[-2.93625,53.50319],[-2.93571,53.50147],[-2.93299,53.50075],[-2.93083,53.50175],[-2.93137,53.50348],[-2.93409,53.5042]]]},"properties":{"h3":"8919511512bffff","c":0,"f":0,"cs":3.0,"fs":0.0,"score":1.0,"pct":75,"price":190000,"n":43,"outcode":"L31","apprec":1.7,"value":0.162}},{"type":"Feature","geometry":{"type":"Polygon","coordinates":[[[-2.92759,53.50721],[-2.92976,53.50621],[-2.92921,53.50448],[-2.9265,53.50376],[-2.92433,53.50477],[-2.92488,53.50649],[-2.92759,53.50721]]]},"properties":{"h3":"89195115133ffff","c":0,"f":0,"cs":3.0,"fs":0.0,"score":1.0,"pct":75,"price":280000,"n":141,"outcode":"L31","apprec":1.7,"value":-0.138}},{"type":"Feature","geometry":{"type":"Polygon","coordinates":[[[-2.93247,53.50693],[-2.93464,53.50592],[-2.93409,53.5042],[-2.93137,53.50348],[-2.92921,53.50448],[-2.92976,53.50621],[-2.93247,53.50693]]]},"properties":{"h3":"8919511513bffff","c":5,"f":0,"cs":5.0,"fs":0.0,"score":1.0,"pct":75,"price":251250,"n":54,"outcode":"L31","apprec":1.7,"value":-0.071}},{"type":"Feature","geometry":{"type":"Polygon","coordinates":[[[-2.94715,53.51397],[-2.94931,53.51297],[-2.94876,53.51124],[-2.94605,53.51052],[-2.94388,53.51153],[-2.94443,53.51325],[-2.94715,53.51397]]]},"properties":{"h3":"89195115143ffff","c":0,"f":1,"cs":2.0,"fs":1.0,"score":0.339,"pct":4,"price":243000,"n":106,"outcode":"L31","apprec":1.7,"value":-0.749}},{"type":"Feature","geometry":{"type":"Polygon","coordinates":[[[-2.94388,53.51153],[-2.94605,53.51052],[-2.9455,53.5088],[-2.94278,53.50808],[-2.94062,53.50909],[-2.94117,53.51081],[-2.94388,53.51153]]]},"properties":{"h3":"89195115147ffff","c":0,"f":0,"cs":1.5,"fs":0.6,"score":0.42,"pct":6,"price":280000,"n":76,"outcode":"L31","apprec":1.7,"value":-0.83}},{"type":"Feature","geometry":{"type":"Polygon","coordinates":[[[-2.94876,53.51124],[-2.95093,53.51024],[-2.95038,53.50851],[-2.94766,53.50779],[-2.9455,53.5088],[-2.94605,53.51052],[-2.94876,53.51124]]]},"properties":{"h3":"8919511514fffff","c":0,"f":0,"cs":1.0,"fs":0.6,"score":0.251,"pct":2,"price":290000,"n":94,"outcode":"L31","apprec":1.7,"value":-0.881}},{"type":"Feature","geometry":{"type":"Polygon","coordinates":[[[-2.94553,53.5167],[-2.9477,53.5157],[-2.94715,53.51397],[-2.94443,53.51325],[-2.94227,53.51426],[-2.94282,53.51598],[-2.94553,53.5167]]]},"properties":{"h3":"89195115153ffff","c":1,"f":0,"cs":4.9,"fs":0.6,"score":0.78,"pct":28,"price":227250,"n":148,"outcode":"L31","apprec":1.7,"value":-0.463}},{"type":"Feature","geometry":{"type":"Polygon","coordinates":[[[-2.94227,53.51426],[-2.94443,53.51325],[-2.94388,53.51153],[-2.94117,53.51081],[-2.939,53.51182],[-2.93955,53.51354],[-2.94227,53.51426]]]},"properties":{"h3":"89195115157ffff","c":1,"f":0,"cs":2.6,"fs":0.6,"score":0.616,"pct":15,"price":180000,"n":121,"outcode":"L31","apprec":1.7,"value":-0.396}},{"type":"Feature","geometry":{"type":"Polygon","coordinates":[[[-2.95041,53.51642],[-2.95258,53.51541],[-2.95203,53.51369],[-2.94931,53.51297],[-2.94715,53.51397],[-2.9477,53.5157],[-2.95041,53.51642]]]},"properties":{"h3":"8919511515bffff","c":0,"f":0,"cs":1.6,"fs":0.6,"score":0.439,"pct":7,"price":236500,"n":115,"outcode":"L31","apprec":1.7,"value":-0.703}},{"type":"Feature","geometry":{"type":"Polygon","coordinates":[[[-2.94223,53.50635],[-2.9444,53.50535],[-2.94385,53.50362],[-2.94113,53.5029],[-2.93897,53.50391],[-2.93952,53.50564],[-2.94223,53.50635]]]},"properties":{"h3":"89195115163ffff","c":0,"f":0,"cs":2.2,"fs":0.0,"score":1.0,"pct":75,"price":235000,"n":90,"outcode":"L31","apprec":1.7,"value":-0.013}},{"type":"Feature","geometry":{"type":"Polygon","coordinates":[[[-2.94711,53.50607],[-2.94928,53.50506],[-2.94873,53.50334],[-2.94601,53.50262],[-2.94385,53.50362],[-2.9444,53.50535],[-2.94711,53.50607]]]},"properties":{"h3":"8919511516bffff","c":1,"f":0,"cs":2.8,"fs":0.0,"score":1.0,"pct":75,"price":250000,"n":105,"outcode":"L31","apprec":1.7,"value":-0.064}},{"type":"Feature","geometry":{"type":"Polygon","coordinates":[[[-2.94385,53.50362],[-2.94601,53.50262],[-2.94546,53.50089],[-2.94275,53.50017],[-2.94058,53.50118],[-2.94113,53.5029],[-2.94385,53.50362]]]},"properties":{"h3":"8919511516fffff","c":0,"f":0,"cs":2.0,"fs":0.0,"score":1.0,"pct":75,"price":216500,"n":126,"outcode":"L31","apprec":1.7,"value":0.066}},{"type":"Feature","geometry":{"type":"Polygon","coordinates":[[[-2.94062,53.50909],[-2.94278,53.50808],[-2.94223,53.50635],[-2.93952,53.50564],[-2.93735,53.50664],[-2.9379,53.50837],[-2.94062,53.50909]]]},"properties":{"h3":"89195115173ffff","c":0,"f":0,"cs":1.6,"fs":0.1,"score":0.84,"pct":33,"price":257500,"n":50,"outcode":"L31","apprec":1.7,"value":-0.504}},{"type":"Feature","geometry":{"type":"Polygon","coordinates":[[[-2.93735,53.50664],[-2.93952,53.50564],[-2.93897,53.50391],[-2.93625,53.50319],[-2.93409,53.5042],[-2.93464,53.50592],[-2.93735,53.50664]]]},"properties":{"h3":"89195115177ffff","c":0,"f":0,"cs":3.3,"fs":0.0,"score":1.0,"pct":75,"price":210000,"n":69,"outcode":"L31","apprec":1.7,"value":0.087}},{"type":"Feature","geometry":{"type":"Polygon","coordinates":[[[-2.9455,53.5088],[-2.94766,53.50779],[-2.94711,53.50607],[-2.9444,53.50535],[-2.94223,53.50635],[-2.94278,53.50808],[-2.9455,53.5088]]]},"properties":{"h3":"8919511517bffff","c":1,"f":0,"cs":2.0,"fs":0.1,"score":0.874,"pct":38,"price":280000,"n":75,"outcode":"L31","apprec":1.7,"value":-0.515}},{"type":"Feature","geometry":{"type":"Polygon","coordinates":[[[-2.93904,53.51972],[-2.9412,53.51872],[-2.94065,53.51699],[-2.93794,53.51627],[-2.93577,53.51728],[-2.93632,53.519],[-2.93904,53.51972]]]},"properties":{"h3":"891951151c3ffff","c":0,"f":0,"cs":4.2,"fs":0.0,"score":1.0,"pct":75,"price":240000,"n":173,"outcode":"L31","apprec":1.7,"value":-0.028}},{"type":"Feature","geometry":{"type":"Polygon","coordinates":[[[-2.93577,53.51728],[-2.93794,53.51627],[-2.93739,53.51455],[-2.93467,53.51383],[-2.93251,53.51483],[-2.93306,53.51656],[-2.93577,53.51728]]]},"properties":{"h3":"891951151c7ffff","c":1,"f":0,"cs":1.9,"fs":0.0,"score":1.0,"pct":75,"price":234000,"n":161,"outcode":"L31","apprec":1.7,"value":-0.007}},{"type":"Feature","geometry":{"type":"Polygon","coordinates":[[[-2.94392,53.51943],[-2.94608,53.51843],[-2.94553,53.5167],[-2.94282,53.51598],[-2.94065,53.51699],[-2.9412,53.51872],[-2.94392,53.51943]]]},"properties":{"h3":"891951151cbffff","c":5,"f":0,"cs":6.6,"fs":0.1,"score":0.96,"pct":49,"price":235000,"n":175,"outcode":"L31","apprec":1.7,"value":-0.276}},{"type":"Feature","geometry":{"type":"Polygon","coordinates":[[[-2.94065,53.51699],[-2.94282,53.51598],[-2.94227,53.51426],[-2.93955,53.51354],[-2.93739,53.51455],[-2.93794,53.51627],[-2.94065,53.51699]]]},"properties":{"h3":"891951151cfffff","c":0,"f":0,"cs":5.0,"fs":0.1,"score":0.947,"pct":47,"price":223000,"n":155,"outcode":"L31","apprec":1.7,"value":-0.24}},{"type":"Feature","geometry":{"type":"Polygon","coordinates":[[[-2.9423,53.52216],[-2.94447,53.52116],[-2.94392,53.51943],[-2.9412,53.51872],[-2.93904,53.51972],[-2.93958,53.52145],[-2.9423,53.52216]]]},"properties":{"h3":"891951151dbffff","c":0,"f":0,"cs":4.5,"fs":0.0,"score":1.0,"pct":75,"price":245000,"n":191,"outcode":"L31","apprec":1.7,"value":-0.043}},{"type":"Feature","geometry":{"type":"Polygon","coordinates":[[[-2.95199,53.50578],[-2.95416,53.50478],[-2.95361,53.50305],[-2.95089,53.50233],[-2.94873,53.50334],[-2.94928,53.50506],[-2.95199,53.50578]]]},"properties":{"h3":"891951153a7ffff","c":0,"f":0,"cs":2.0,"fs":0.0,"score":1.0,"pct":75,"price":255000,"n":79,"outcode":"L31","apprec":1.7,"value":-0.077}},{"type":"Feature","geometry":{"type":"Polygon","coordinates":[[[-2.95038,53.50851],[-2.95254,53.50751],[-2.95199,53.50578],[-2.94928,53.50506],[-2.94711,53.50607],[-2.94766,53.50779],[-2.95038,53.50851]]]},"properties":{"h3":"891951153b7ffff","c":0,"f":0,"cs":1.5,"fs":0.1,"score":0.833,"pct":32,"price":262750,"n":102,"outcode":"L31","apprec":1.7,"value":-0.535}},{"type":"Feature","geometry":{"type":"Polygon","coordinates":[[[-2.92256,53.46796],[-2.92472,53.46696],[-2.92418,53.46523],[-2.92146,53.46451],[-2.9193,53.46552],[-2.91985,53.46725],[-2.92256,53.46796]]]},"properties":{"h3":"8919511582bffff","c":1,"f":0,"cs":1.5,"fs":0.0,"score":1.0,"pct":75,"price":137500,"n":88,"outcode":"L10","apprec":1.44,"value":0.478}},{"type":"Feature","geometry":{"type":"Polygon","coordinates":[[[-2.9307,53.47012],[-2.93286,53.46912],[-2.93231,53.46739],[-2.9296,53.46667],[-2.92744,53.46768],[-2.92799,53.4694],[-2.9307,53.47012]]]},"properties":{"h3":"89195115863ffff","c":0,"f":0,"cs":1.8,"fs":0.0,"score":1.0,"pct":75,"price":154000,"n":60,"outcode":"L10","apprec":1.44,"value":0.361}},{"type":"Feature","geometry":{"type":"Polygon","coordinates":[[[-2.92744,53.46768],[-2.9296,53.46667],[-2.92905,53.46495],[-2.92634,53.46423],[-2.92418,53.46523],[-2.92472,53.46696],[-2.92744,53.46768]]]},"properties":{"h3":"89195115867ffff","c":0,"f":0,"cs":2.4,"fs":0.0,"score":1.0,"pct":75,"price":140000,"n":59,"outcode":"L10","apprec":1.44,"value":0.457}},{"type":"Feature","geometry":{"type":"Polygon","coordinates":[[[-2.93558,53.46984],[-2.93774,53.46883],[-2.93719,53.46711],[-2.93448,53.46639],[-2.93231,53.46739],[-2.93286,53.46912],[-2.93558,53.46984]]]},"properties":{"h3":"8919511586bffff","c":0,"f":0,"cs":2.6,"fs":0.0,"score":1.0,"pct":75,"price":157000,"n":63,"outcode":"L9","apprec":1.79,"value":0.34}},{"type":"Feature","geometry":{"type":"Polygon","coordinates":[[[-2.93231,53.46739],[-2.93448,53.46639],[-2.93393,53.46466],[-2.93122,53.46394],[-2.92905,53.46495],[-2.9296,53.46667],[-2.93231,53.46739]]]},"properties":{"h3":"8919511586fffff","c":2,"f":0,"cs":3.0,"fs":0.0,"score":1.0,"pct":75,"price":142500,"n":21,"outcode":"L10","apprec":1.44,"value":0.433}},{"type":"Feature","geometry":{"type":"Polygon","coordinates":[[[-2.90465,53.45847],[-2.90681,53.45746],[-2.90626,53.45574],[-2.90355,53.45502],[-2.90139,53.45602],[-2.90193,53.45775],[-2.90465,53.45847]]]},"properties":{"h3":"8919511590bffff","c":0,"f":0,"cs":1.5,"fs":0.1,"score":0.833,"pct":32,"price":132250,"n":14,"outcode":"L11","apprec":2.06,"value":0.072}},{"type":"Feature","geometry":{"type":"Polygon","coordinates":[[[-2.91278,53.46063],[-2.91494,53.45962],[-2.91439,53.4579],[-2.91168,53.45718],[-2.90952,53.45818],[-2.91007,53.45991],[-2.91278,53.46063]]]},"properties":{"h3":"89195115943ffff","c":0,"f":0,"cs":2.0,"fs":0.6,"score":0.526,"pct":11,"n":3}},{"type":"Feature","geometry":{"type":"Polygon","coordinates":[[[-2.90952,53.45818],[-2.91168,53.45718],[-2.91114,53.45545],[-2.90842,53.45473],[-2.90626,53.45574],[-2.90681,53.45746],[-2.90952,53.45818]]]},"properties":{"h3":"89195115947ffff","c":1,"f":0,"cs":2.5,"fs":0.6,"score":0.607,"pct":15,"n":5}},{"type":"Feature","geometry":{"type":"Polygon","coordinates":[[[-2.91765,53.46034],[-2.91982,53.45934],[-2.91927,53.45761],[-2.91656,53.45689],[-2.91439,53.4579],[-2.91494,53.45962],[-2.91765,53.46034]]]},"properties":{"h3":"8919511594bffff","c":0,"f":0,"cs":1.5,"fs":0.6,"score":0.42,"pct":6,"n":2}},{"type":"Feature","geometry":{"type":"Polygon","coordinates":[[[-2.91439,53.4579],[-2.91656,53.45689],[-2.91601,53.45517],[-2.9133,53.45445],[-2.91114,53.45545],[-2.91168,53.45718],[-2.91439,53.4579]]]},"properties":{"h3":"8919511594fffff","c":1,"f":1,"cs":2.3,"fs":1.0,"score":0.403,"pct":6,"n":4}},{"type":"Feature","geometry":{"type":"Polygon","coordinates":[[[-2.9079,53.46091],[-2.91007,53.45991],[-2.90952,53.45818],[-2.90681,53.45746],[-2.90465,53.45847],[-2.90519,53.46019],[-2.9079,53.46091]]]},"properties":{"h3":"89195115957ffff","c":1,"f":0,"cs":1.7,"fs":0.1,"score":0.856,"pct":35,"n":4}},{"type":"Feature","geometry":{"type":"Polygon","coordinates":[[[-2.90788,53.45301],[-2.91004,53.452],[-2.90949,53.45027],[-2.90678,53.44955],[-2.90462,53.45056],[-2.90516,53.45229],[-2.90788,53.45301]]]},"properties":{"h3":"89195115963ffff","c":0,"f":0,"cs":1.5,"fs":1.3,"score":0.048,"pct":1,"price":129000,"n":69,"outcode":"L11","apprec":2.06,"value":-0.204}},{"type":"Feature","geometry":{"type":"Polygon","coordinates":[[[-2.90462,53.45056],[-2.90678,53.44955],[-2.90623,53.44783],[-2.90352,53.44711],[-2.90136,53.44811],[-2.90191,53.44984],[-2.90462,53.45056]]]},"properties":{"h3":"89195115967ffff","c":0,"f":0,"cs":1.2,"fs":1.2,"score":0.0,"pct":1,"price":146000,"n":100,"outcode":"L11","apprec":2.06,"value":-0.335}},{"type":"Feature","geometry":{"type":"Polygon","coordinates":[[[-2.91275,53.45272],[-2.91491,53.45171],[-2.91437,53.44999],[-2.91165,53.44927],[-2.90949,53.45027],[-2.91004,53.452],[-2.91275,53.45272]]]},"properties":{"h3":"8919511596bffff","c":0,"f":0,"cs":1.3,"fs":1.3,"score":-0.025,"pct":0,"price":130000,"n":74,"outcode":"L11","apprec":2.06,"value":-0.222}},{"type":"Feature","geometry":{"type":"Polygon","coordinates":[[[-2.90949,53.45027],[-2.91165,53.44927],[-2.91111,53.44754],[-2.9084,53.44682],[-2.90623,53.44783],[-2.90678,53.44955],[-2.90949,53.45027]]]},"properties":{"h3":"8919511596fffff","c":1,"f":2,"cs":1.3,"fs":2.0,"score":-0.223,"pct":0,"price":130000,"n":88,"outcode":"L11","apprec":2.06,"value":-0.223}},{"type":"Feature","geometry":{"type":"Polygon","coordinates":[[[-2.90626,53.45574],[-2.90842,53.45473],[-2.90788,53.45301],[-2.90516,53.45229],[-2.903,53.45329],[-2.90355,53.45502],[-2.90626,53.45574]]]},"properties":{"h3":"89195115973ffff","c":0,"f":0,"cs":1.6,"fs":0.4,"score":0.599,"pct":14,"price":132500,"n":35,"outcode":"L11","apprec":2.06,"value":-0.112}},{"type":"Feature","geometry":{"type":"Polygon","coordinates":[[[-2.903,53.45329],[-2.90516,53.45229],[-2.90462,53.45056],[-2.90191,53.44984],[-2.89974,53.45085],[-2.90029,53.45257],[-2.903,53.45329]]]},"properties":{"h3":"89195115977ffff","c":1,"f":0,"cs":1.3,"fs":0.3,"score":0.649,"pct":18,"price":150000,"n":73,"outcode":"L11","apprec":2.06,"value":-0.191}},{"type":"Feature","geometry":{"type":"Polygon","coordinates":[[[-2.91114,53.45545],[-2.9133,53.45445],[-2.91275,53.45272],[-2.91004,53.452],[-2.90788,53.45301],[-2.90842,53.45473],[-2.91114,53.45545]]]},"properties":{"h3":"8919511597bffff","c":0,"f":0,"cs":1.8,"fs":0.9,"score":0.333,"pct":4,"price":117500,"n":30,"outcode":"L11","apprec":2.06,"value":-0.109}},{"type":"Feature","geometry":{"type":"Polygon","coordinates":[[[-2.95673,53.47387],[-2.9589,53.47286],[-2.95835,53.47113],[-2.95563,53.47041],[-2.95347,53.47142],[-2.95402,53.47315],[-2.95673,53.47387]]]},"properties":{"h3":"89195115a03ffff","c":0,"f":0,"cs":2.4,"fs":0.1,"score":0.892,"pct":40,"price":158000,"n":90,"outcode":"L9","apprec":1.79,"value":-0.019}},{"type":"Feature","geometry":{"type":"Polygon","coordinates":[[[-2.95347,53.47142],[-2.95563,53.47041],[-2.95508,53.46869],[-2.95237,53.46797],[-2.95021,53.46898],[-2.95076,53.4707],[-2.95347,53.47142]]]},"properties":{"h3":"89195115a07ffff","c":1,"f":0,"cs":4.0,"fs":0.0,"score":1.0,"pct":75,"price":145000,"n":135,"outcode":"L9","apprec":1.79,"value":0.421}},{"type":"Feature","geometry":{"type":"Polygon","coordinates":[[[-2.96161,53.47358],[-2.96377,53.47257],[-2.96322,53.47085],[-2.96051,53.47013],[-2.95835,53.47113],[-2.9589,53.47286],[-2.96161,53.47358]]]},"properties":{"h3":"89195115a0bffff","c":0,"f":0,"cs":2.4,"fs":0.0,"score":1.0,"pct":75,"price":200000,"n":71,"outcode":"L9","apprec":1.79,"value":0.121}},{"type":"Feature","geometry":{"type":"Polygon","coordinates":[[[-2.95835,53.47113],[-2.96051,53.47013],[-2.95996,53.4684],[-2.95725,53.46768],[-2.95508,53.46869],[-2.95563,53.47041],[-2.95835,53.47113]]]},"properties":{"h3":"89195115a0fffff","c":2,"f":0,"cs":4.8,"fs":0.3,"score":0.894,"pct":40,"price":160000,"n":152,"outcode":"L9","apprec":1.79,"value":-0.033}},{"type":"Feature","geometry":{"type":"Polygon","coordinates":[[[-2.95182,53.46624],[-2.95398,53.46524],[-2.95343,53.46351],[-2.95072,53.46279],[-2.94856,53.4638],[-2.94911,53.46552],[-2.95182,53.46624]]]},"properties":{"h3":"89195115a23ffff","c":0,"f":0,"cs":3.4,"fs":0.3,"score":0.851,"pct":34,"price":137500,"n":157,"outcode":"L9","apprec":1.79,"value":0.067}},{"type":"Feature","geometry":{"type":"Polygon","coordinates":[[[-2.94856,53.4638],[-2.95072,53.46279],[-2.95017,53.46107],[-2.94746,53.46035],[-2.9453,53.46135],[-2.94584,53.46308],[-2.94856,53.4638]]]},"properties":{"h3":"89195115a27ffff","c":0,"f":0,"cs":2.4,"fs":0.0,"score":1.0,"pct":75,"price":135000,"n":65,"outcode":"L9","apprec":1.79,"value":0.491}},{"type":"Feature","geometry":{"type":"Polygon","coordinates":[[[-2.9567,53.46596],[-2.95886,53.46495],[-2.95831,53.46322],[-2.9556,53.4625],[-2.95343,53.46351],[-2.95398,53.46524],[-2.9567,53.46596]]]},"properties":{"h3":"89195115a2bffff","c":0,"f":0,"cs":4.6,"fs":1.2,"score":0.582,"pct":14,"price":145000,"n":168,"outcode":"L9","apprec":1.79,"value":-0.203}},{"type":"Feature","geometry":{"type":"Polygon","coordinates":[[[-2.95343,53.46351],[-2.9556,53.4625],[-2.95505,53.46078],[-2.95233,53.46006],[-2.95017,53.46107],[-2.95072,53.46279],[-2.95343,53.46351]]]},"properties":{"h3":"89195115a2fffff","c":1,"f":0,"cs":2.8,"fs":0.3,"score":0.825,"pct":30,"price":141500,"n":84,"outcode":"L9","apprec":1.79,"value":-0.011}},{"type":"Feature","geometry":{"type":"Polygon","coordinates":[[[-2.95021,53.46898],[-2.95237,53.46797],[-2.95182,53.46624],[-2.94911,53.46552],[-2.94694,53.46653],[-2.94749,53.46826],[-2.95021,53.46898]]]},"properties":{"h3":"89195115a33ffff","c":0,"f":0,"cs":3.1,"fs":0.0,"score":1.0,"pct":75,"price":137000,"n":196,"outcode":"L9","apprec":1.79,"value":0.48}},{"type":"Feature","geometry":{"type":"Polygon","coordinates":[[[-2.95508,53.46869],[-2.95725,53.46768],[-2.9567,53.46596],[-2.95398,53.46524],[-2.95182,53.46624],[-2.95237,53.46797],[-2.95508,53.46869]]]},"properties":{"h3":"89195115a3bffff","c":3,"f":0,"cs":5.2,"fs":0.3,"score":0.902,"pct":41,"price":142500,"n":195,"outcode":"L9","apprec":1.79,"value":0.094}},{"type":"Feature","geometry":{"type":"Polygon","coordinates":[[[-2.96649,53.47329],[-2.96865,53.47228],[-2.9681,53.47056],[-2.96539,53.46984],[-2.96322,53.47085],[-2.96377,53.47257],[-2.96649,53.47329]]]},"properties":{"h3":"89195115a47ffff","c":1,"f":0,"cs":1.5,"fs":0.0,"score":1.0,"pct":75,"price":249500,"n":28,"outcode":"L9","apprec":1.79,"value":-0.056}},{"type":"Feature","geometry":{"type":"Polygon","coordinates":[[[-2.97137,53.473],[-2.97353,53.47199],[-2.97298,53.47027],[-2.97027,53.46955],[-2.9681,53.47056],[-2.96865,53.47228],[-2.97137,53.473]]]},"properties":{"h3":"89195115a4fffff","c":0,"f":0,"cs":1.8,"fs":0.0,"score":1.0,"pct":75,"price":160000,"n":8,"outcode":"L20","apprec":1.6,"value":0.32}},{"type":"Feature","geometry":{"type":"Polygon","coordinates":[[[-2.96484,53.46811],[-2.967,53.46711],[-2.96645,53.46538],[-2.96374,53.46466],[-2.96157,53.46567],[-2.96212,53.46739],[-2.96484,53.46811]]]},"properties":{"h3":"89195115a63ffff","c":0,"f":0,"cs":3.4,"fs":1.2,"score":0.479,"pct":9,"price":190000,"n":156,"outcode":"L9","apprec":1.79,"value":-0.507}},{"type":"Feature","geometry":{"type":"Polygon","coordinates":[[[-2.96157,53.46567],[-2.96374,53.46466],[-2.96319,53.46294],[-2.96047,53.46222],[-2.95831,53.46322],[-2.95886,53.46495],[-2.96157,53.46567]]]},"properties":{"h3":"89195115a67ffff","c":2,"f":2,"cs":5.2,"fs":2.0,"score":0.442,"pct":7,"price":160000,"n":162,"outcode":"L9","apprec":1.79,"value":-0.364}},{"type":"Feature","geometry":{"type":"Polygon","coordinates":[[[-2.96972,53.46782],[-2.97188,53.46682],[-2.97133,53.46509],[-2.96861,53.46437],[-2.96645,53.46538],[-2.967,53.46711],[-2.96972,53.46782]]]},"properties":{"h3":"89195115a6bffff","c":0,"f":0,"cs":4.0,"fs":0.3,"score":0.873,"pct":37,"price":165000,"n":143,"outcode":"L9","apprec":1.79,"value":-0.092}},{"type":"Feature","geometry":{"type":"Polygon","coordinates":[[[-2.96645,53.46538],[-2.96861,53.46437],[-2.96806,53.46265],[-2.96535,53.46193],[-2.96319,53.46294],[-2.96374,53.46466],[-2.96645,53.46538]]]},"properties":{"h3":"89195115a6fffff","c":1,"f":0,"cs":5.9,"fs":1.2,"score":0.657,"pct":19,"price":155000,"n":212,"outcode":"L9","apprec":1.79,"value":-0.222}},{"type":"Feature","geometry":{"type":"Polygon","coordinates":[[[-2.96322,53.47085],[-2.96539,53.46984],[-2.96484,53.46811],[-2.96212,53.46739],[-2.95996,53.4684],[-2.96051,53.47013],[-2.96322,53.47085]]]},"properties":{"h3":"89195115a73ffff","c":0,"f":0,"cs":2.8,"fs":0.3,"score":0.822,"pct":30,"price":200000,"n":108,"outcode":"L9","apprec":1.79,"value":-0.332}},{"type":"Feature","geometry":{"type":"Polygon","coordinates":[[[-2.95996,53.4684],[-2.96212,53.46739],[-2.96157,53.46567],[-2.95886,53.46495],[-2.9567,53.46596],[-2.95725,53.46768],[-2.95996,53.4684]]]},"properties":{"h3":"89195115a77ffff","c":0,"f":0,"cs":5.1,"fs":1.2,"score":0.613,"pct":15,"price":169950,"n":203,"outcode":"L9","apprec":1.79,"value":-0.344}},{"type":"Feature","geometry":{"type":"Polygon","coordinates":[[[-2.9681,53.47056],[-2.97027,53.46955],[-2.96972,53.46782],[-2.967,53.46711],[-2.96484,53.46811],[-2.96539,53.46984],[-2.9681,53.47056]]]},"properties":{"h3":"89195115a7bffff","c":0,"f":0,"cs":2.1,"fs":0.3,"score":0.771,"pct":27,"price":200000,"n":101,"outcode":"L9","apprec":1.79,"value":-0.365}},{"type":"Feature","geometry":{"type":"Polygon","coordinates":[[[-2.94863,53.47962],[-2.95079,53.47861],[-2.95024,53.47688],[-2.94753,53.47617],[-2.94536,53.47717],[-2.94591,53.4789],[-2.94863,53.47962]]]},"properties":{"h3":"89195115a83ffff","c":0,"f":0,"cs":1.3,"fs":0.6,"score":0.379,"pct":5,"n":0}},{"type":"Feature","geometry":{"type":"Polygon","coordinates":[[[-2.9535,53.47933],[-2.95567,53.47832],[-2.95512,53.4766],[-2.9524,53.47588],[-2.95024,53.47688],[-2.95079,53.47861],[-2.9535,53.47933]]]},"properties":{"h3":"89195115a8bffff","c":0,"f":1,"cs":1.3,"fs":1.0,"score":0.148,"pct":1,"price":201000,"n":21,"outcode":"L30","apprec":1.88,"value":-0.628}},{"type":"Feature","geometry":{"type":"Polygon","coordinates":[[[-2.94701,53.48235],[-2.94918,53.48134],[-2.94863,53.47962],[-2.94591,53.4789],[-2.94375,53.4799],[-2.9443,53.48163],[-2.94701,53.48235]]]},"properties":{"h3":"89195115a93ffff","c":0,"f":0,"cs":2.2,"fs":0.3,"score":0.783,"pct":28,"price":227500,"n":38,"outcode":"L10","apprec":1.44,"value":-0.462}},{"type":"Feature","geometry":{"type":"Polygon","coordinates":[[[-2.95189,53.48206],[-2.95405,53.48105],[-2.9535,53.47933],[-2.95079,53.47861],[-2.94863,53.47962],[-2.94918,53.48134],[-2.95189,53.48206]]]},"properties":{"h3":"89195115a9bffff","c":2,"f":0,"cs":2.9,"fs":0.7,"score":0.59,"pct":14,"n":7}},{"type":"Feature","geometry":{"type":"Polygon","coordinates":[[[-2.94045,53.46955],[-2.94262,53.46854],[-2.94207,53.46682],[-2.93935,53.4661],[-2.93719,53.46711],[-2.93774,53.46883],[-2.94045,53.46955]]]},"properties":{"h3":"89195115aa7ffff","c":2,"f":0,"cs":2.3,"fs":0.0,"score":1.0,"pct":75,"price":138750,"n":88,"outcode":"L9","apprec":1.79,"value":0.472}},{"type":"Feature","geometry":{"type":"Polygon","coordinates":[[[-2.94859,53.47171],[-2.95076,53.4707],[-2.95021,53.46898],[-2.94749,53.46826],[-2.94533,53.46926],[-2.94588,53.47099],[-2.94859,53.47171]]]},"properties":{"h3":"89195115aabffff","c":0,"f":0,"cs":1.6,"fs":0.0,"score":1.0,"pct":75,"price":139500,"n":117,"outcode":"L9","apprec":1.79,"value":0.469}},{"type":"Feature","geometry":{"type":"Polygon","coordinates":[[[-2.94533,53.46926],[-2.94749,53.46826],[-2.94694,53.46653],[-2.94423,53.46581],[-2.94207,53.46682],[-2.94262,53.46854],[-2.94533,53.46926]]]},"properties":{"h3":"89195115aafffff","c":0,"f":0,"cs":1.8,"fs":0.0,"score":1.0,"pct":75,"price":130000,"n":123,"outcode":"L9","apprec":1.79,"value":0.528}},{"type":"Feature","geometry":{"type":"Polygon","coordinates":[[[-2.96165,53.48149],[-2.96381,53.48048],[-2.96326,53.47875],[-2.96055,53.47804],[-2.95838,53.47904],[-2.95893,53.48077],[-2.96165,53.48149]]]},"properties":{"h3":"89195115ac3ffff","c":0,"f":0,"cs":1.6,"fs":0.1,"score":0.846,"pct":33,"price":170000,"n":78,"outcode":"L30","apprec":1.88,"value":-0.161}},{"type":"Feature","geometry":{"type":"Polygon","coordinates":[[[-2.96653,53.4812],[-2.96869,53.48019],[-2.96814,53.47847],[-2.96542,53.47775],[-2.96326,53.47875],[-2.96381,53.48048],[-2.96653,53.4812]]]},"properties":{"h3":"89195115acbffff","c":1,"f":0,"cs":1.7,"fs":0.0,"score":1.0,"pct":75,"price":149000,"n":68,"outcode":"L30","apprec":1.88,"value":0.404}},{"type":"Feature","geometry":{"type":"Polygon","coordinates":[[[-2.96003,53.48422],[-2.9622,53.48321],[-2.96165,53.48149],[-2.95893,53.48077],[-2.95677,53.48177],[-2.95732,53.4835],[-2.96003,53.48422]]]},"properties":{"h3":"89195115ad3ffff","c":0,"f":0,"cs":2.0,"fs":0.1,"score":0.875,"pct":38,"price":167000,"n":35,"outcode":"L30","apprec":1.88,"value":-0.098}},{"type":"Feature","geometry":{"type":"Polygon","coordinates":[[[-2.95677,53.48177],[-2.95893,53.48077],[-2.95838,53.47904],[-2.95567,53.47832],[-2.9535,53.47933],[-2.95405,53.48105],[-2.95677,53.48177]]]},"properties":{"h3":"89195115ad7ffff","c":0,"f":0,"cs":1.9,"fs":0.6,"score":0.514,"pct":10,"price":180000,"n":53,"outcode":"L30","apprec":1.88,"value":-0.445}},{"type":"Feature","geometry":{"type":"Polygon","coordinates":[[[-2.96491,53.48393],[-2.96708,53.48292],[-2.96653,53.4812],[-2.96381,53.48048],[-2.96165,53.48149],[-2.9622,53.48321],[-2.96491,53.48393]]]},"properties":{"h3":"89195115adbffff","c":1,"f":0,"cs":2.3,"fs":0.0,"score":1.0,"pct":75,"price":166000,"n":54,"outcode":"L30","apprec":1.88,"value":0.279}},{"type":"Feature","geometry":{"type":"Polygon","coordinates":[[[-2.94691,53.45862],[-2.94907,53.45762],[-2.94852,53.45589],[-2.94581,53.45517],[-2.94365,53.45618],[-2.9442,53.4579],[-2.94691,53.45862]]]},"properties":{"h3":"89195115b43ffff","c":1,"f":0,"cs":3.6,"fs":0.0,"score":1.0,"pct":75,"n":0}},{"type":"Feature","geometry":{"type":"Polygon","coordinates":[[[-2.94365,53.45618],[-2.94581,53.45517],[-2.94526,53.45344],[-2.94255,53.45273],[-2.94039,53.45373],[-2.94093,53.45546],[-2.94365,53.45618]]]},"properties":{"h3":"89195115b47ffff","c":2,"f":0,"cs":2.9,"fs":0.0,"score":1.0,"pct":75,"price":86750,"n":12,"outcode":"L9","apprec":1.79,"value":0.737}},{"type":"Feature","geometry":{"type":"Polygon","coordinates":[[[-2.95179,53.45833],[-2.95395,53.45733],[-2.9534,53.4556],[-2.95069,53.45488],[-2.94852,53.45589],[-2.94907,53.45762],[-2.95179,53.45833]]]},"properties":{"h3":"89195115b4bffff","c":0,"f":0,"cs":1.9,"fs":0.0,"score":1.0,"pct":75,"price":160000,"n":31,"outcode":"L9","apprec":1.79,"value":0.32}},{"type":"Feature","geometry":{"type":"Polygon","coordinates":[[[-2.94852,53.45589],[-2.95069,53.45488],[-2.95014,53.45316],[-2.94742,53.45244],[-2.94526,53.45344],[-2.94581,53.45517],[-2.94852,53.45589]]]},"properties":{"h3":"89195115b4fffff","c":0,"f":0,"cs":2.1,"fs":0.0,"score":1.0,"pct":75,"price":142000,"n":28,"outcode":"L9","apprec":1.79,"value":0.438}},{"type":"Feature","geometry":{"type":"Polygon","coordinates":[[[-2.9453,53.46135],[-2.94746,53.46035],[-2.94691,53.45862],[-2.9442,53.4579],[-2.94203,53.45891],[-2.94258,53.46063],[-2.9453,53.46135]]]},"properties":{"h3":"89195115b53ffff","c":1,"f":0,"cs":2.6,"fs":0.0,"score":1.0,"pct":75,"n":0}},{"type":"Feature","geometry":{"type":"Polygon","coordinates":[[[-2.94203,53.45891],[-2.9442,53.4579],[-2.94365,53.45618],[-2.94093,53.45546],[-2.93877,53.45646],[-2.93932,53.45819],[-2.94203,53.45891]]]},"properties":{"h3":"89195115b57ffff","c":0,"f":0,"cs":2.6,"fs":0.0,"score":1.0,"pct":75,"n":1}},{"type":"Feature","geometry":{"type":"Polygon","coordinates":[[[-2.95017,53.46107],[-2.95233,53.46006],[-2.95179,53.45833],[-2.94907,53.45762],[-2.94691,53.45862],[-2.94746,53.46035],[-2.95017,53.46107]]]},"properties":{"h3":"89195115b5bffff","c":1,"f":0,"cs":3.1,"fs":0.0,"score":1.0,"pct":75,"n":6}},{"type":"Feature","geometry":{"type":"Polygon","coordinates":[[[-2.92905,53.46495],[-2.93122,53.46394],[-2.93067,53.46222],[-2.92795,53.4615],[-2.92579,53.4625],[-2.92634,53.46423],[-2.92905,53.46495]]]},"properties":{"h3":"89195115b9bffff","c":1,"f":0,"cs":2.3,"fs":0.0,"score":1.0,"pct":75,"price":155000,"n":20,"outcode":"L10","apprec":1.44,"value":0.352}},{"type":"Feature","geometry":{"type":"Polygon","coordinates":[[[-2.91927,53.45761],[-2.92143,53.4566],[-2.92088,53.45488],[-2.91817,53.45416],[-2.91601,53.45517],[-2.91656,53.45689],[-2.91927,53.45761]]]},"properties":{"h3":"89195115bb3ffff","c":1,"f":0,"cs":1.7,"fs":0.6,"score":0.483,"pct":9,"price":149000,"n":30,"outcode":"L11","apprec":2.06,"value":-0.264}},{"type":"Feature","geometry":{"type":"Polygon","coordinates":[[[-2.91601,53.45517],[-2.91817,53.45416],[-2.91762,53.45243],[-2.91491,53.45171],[-2.91275,53.45272],[-2.9133,53.45445],[-2.91601,53.45517]]]},"properties":{"h3":"89195115bb7ffff","c":0,"f":0,"cs":1.6,"fs":0.9,"score":0.297,"pct":3,"price":125000,"n":35,"outcode":"L11","apprec":2.06,"value":-0.161}},{"type":"Feature","geometry":{"type":"Polygon","coordinates":[[[-2.93719,53.46711],[-2.93935,53.4661],[-2.9388,53.46437],[-2.93609,53.46365],[-2.93393,53.46466],[-2.93448,53.46639],[-2.93719,53.46711]]]},"properties":{"h3":"89195115bd3ffff","c":0,"f":0,"cs":2.6,"fs":0.0,"score":1.0,"pct":75,"price":131000,"n":39,"outcode":"L9","apprec":1.79,"value":0.516}},{"type":"Feature","geometry":{"type":"Polygon","coordinates":[[[-2.93393,53.46466],[-2.93609,53.46365],[-2.93554,53.46193],[-2.93283,53.46121],[-2.93067,53.46222],[-2.93122,53.46394],[-2.93393,53.46466]]]},"properties":{"h3":"89195115bd7ffff","c":0,"f":0,"cs":2.1,"fs":0.0,"score":1.0,"pct":75,"n":0}},{"type":"Feature","geometry":{"type":"Polygon","coordinates":[[[-2.94207,53.46682],[-2.94423,53.46581],[-2.94368,53.46409],[-2.94097,53.46337],[-2.9388,53.46437],[-2.93935,53.4661],[-2.94207,53.46682]]]},"properties":{"h3":"89195115bdbffff","c":0,"f":0,"cs":1.6,"fs":0.0,"score":1.0,"pct":75,"price":132000,"n":101,"outcode":"L9","apprec":1.79,"value":0.511}},{"type":"Feature","geometry":{"type":"Polygon","coordinates":[[[-2.88684,53.4806],[-2.889,53.4796],[-2.88846,53.47787],[-2.88574,53.47715],[-2.88358,53.47815],[-2.88413,53.47988],[-2.88684,53.4806]]]},"properties":{"h3":"89195115d13ffff","c":0,"f":0,"cs":1.8,"fs":0.1,"score":0.862,"pct":36,"price":180000,"n":38,"outcode":"L32","apprec":1.79,"value":-0.185}},{"type":"Feature","geometry":{"type":"Polygon","coordinates":[[[-2.88522,53.48333],[-2.88739,53.48233],[-2.88684,53.4806],[-2.88413,53.47988],[-2.88196,53.48088],[-2.88251,53.48261],[-2.88522,53.48333]]]},"properties":{"h3":"89195115d8bffff","c":1,"f":0,"cs":2.2,"fs":0.6,"score":0.57,"pct":13,"price":120000,"n":33,"outcode":"L33","apprec":1.89,"value":-0.039}},{"type":"Feature","geometry":{"type":"Polygon","coordinates":[[[-2.88361,53.48606],[-2.88577,53.48506],[-2.88522,53.48333],[-2.88251,53.48261],[-2.88035,53.48361],[-2.88089,53.48534],[-2.88361,53.48606]]]},"properties":{"h3":"89195115d9bffff","c":0,"f":0,"cs":1.1,"fs":0.6,"score":0.309,"pct":3,"price":131000,"n":44,"outcode":"L33","apprec":1.89,"value":-0.204}},{"type":"Feature","geometry":{"type":"Polygon","coordinates":[[[-2.87706,53.47326],[-2.87923,53.47226],[-2.87868,53.47053],[-2.87597,53.46981],[-2.87381,53.47082],[-2.87435,53.47254],[-2.87706,53.47326]]]},"properties":{"h3":"89195115dafffff","c":0,"f":0,"cs":1.8,"fs":0.0,"score":1.0,"pct":75,"price":125000,"n":73,"outcode":"L32","apprec":1.79,"value":0.562}},{"type":"Feature","geometry":{"type":"Polygon","coordinates":[[[-2.89336,53.48549],[-2.89552,53.48449],[-2.89498,53.48276],[-2.89226,53.48204],[-2.8901,53.48305],[-2.89065,53.48477],[-2.89336,53.48549]]]},"properties":{"h3":"89195115dc3ffff","c":0,"f":0,"cs":1.5,"fs":0.6,"score":0.42,"pct":6,"price":175000,"n":31,"outcode":"L32","apprec":1.79,"value":-0.454}},{"type":"Feature","geometry":{"type":"Polygon","coordinates":[[[-2.8901,53.48305],[-2.89226,53.48204],[-2.89172,53.48032],[-2.889,53.4796],[-2.88684,53.4806],[-2.88739,53.48233],[-2.8901,53.48305]]]},"properties":{"h3":"89195115dc7ffff","c":2,"f":0,"cs":2.6,"fs":0.6,"score":0.622,"pct":16,"price":155000,"n":15,"outcode":"L32","apprec":1.79,"value":-0.249}},{"type":"Feature","geometry":{"type":"Polygon","coordinates":[[[-2.89498,53.48276],[-2.89714,53.48176],[-2.89659,53.48003],[-2.89388,53.47931],[-2.89172,53.48032],[-2.89226,53.48204],[-2.89498,53.48276]]]},"properties":{"h3":"89195115dcfffff","c":0,"f":0,"cs":1.5,"fs":0.1,"score":0.833,"pct":32,"price":139000,"n":48,"outcode":"L32","apprec":1.79,"value":0.034}},{"type":"Feature","geometry":{"type":"Polygon","coordinates":[[[-2.88848,53.48578],[-2.89065,53.48477],[-2.8901,53.48305],[-2.88739,53.48233],[-2.88522,53.48333],[-2.88577,53.48506],[-2.88848,53.48578]]]},"properties":{"h3":"89195115dd7ffff","c":0,"f":1,"cs":1.8,"fs":1.0,"score":0.291,"pct":3,"price":165000,"n":31,"outcode":"L32","apprec":1.79,"value":-0.437}},{"type":"Feature","geometry":{"type":"Polygon","coordinates":[[[-2.94705,53.49026],[-2.94921,53.48925],[-2.94866,53.48752],[-2.94595,53.4868],[-2.94378,53.48781],[-2.94433,53.48954],[-2.94705,53.49026]]]},"properties":{"h3":"89195115e0fffff","c":0,"f":0,"cs":1.6,"fs":0.6,"score":0.455,"pct":8,"price":215000,"n":75,"outcode":"L10","apprec":1.44,"value":-0.606}},{"type":"Feature","geometry":{"type":"Polygon","coordinates":[[[-2.94052,53.48537],[-2.94268,53.48436],[-2.94213,53.48263],[-2.93942,53.48192],[-2.93726,53.48292],[-2.9378,53.48465],[-2.94052,53.48537]]]},"properties":{"h3":"89195115e23ffff","c":1,"f":0,"cs":2.5,"fs":0.1,"score":0.897,"pct":40,"price":225000,"n":119,"outcode":"L10","apprec":1.44,"value":-0.32}},{"type":"Feature","geometry":{"type":"Polygon","coordinates":[[[-2.93726,53.48292],[-2.93942,53.48192],[-2.93887,53.48019],[-2.93616,53.47947],[-2.93399,53.48048],[-2.93454,53.4822],[-2.93726,53.48292]]]},"properties":{"h3":"89195115e27ffff","c":0,"f":0,"cs":1.8,"fs":0.0,"score":1.0,"pct":75,"price":225000,"n":98,"outcode":"L10","apprec":1.44,"value":0.028}},{"type":"Feature","geometry":{"type":"Polygon","coordinates":[[[-2.9454,53.48508],[-2.94756,53.48407],[-2.94701,53.48235],[-2.9443,53.48163],[-2.94213,53.48263],[-2.94268,53.48436],[-2.9454,53.48508]]]},"properties":{"h3":"89195115e2bffff","c":0,"f":0,"cs":2.5,"fs":0.6,"score":0.609,"pct":15,"price":229250,"n":108,"outcode":"L10","apprec":1.44,"value":-0.6}},{"type":"Feature","geometry":{"type":"Polygon","coordinates":[[[-2.94213,53.48263],[-2.9443,53.48163],[-2.94375,53.4799],[-2.94103,53.47918],[-2.93887,53.48019],[-2.93942,53.48192],[-2.94213,53.48263]]]},"properties":{"h3":"89195115e2fffff","c":0,"f":0,"cs":1.4,"fs":0.1,"score":0.826,"pct":31,"price":232500,"n":67,"outcode":"L10","apprec":1.44,"value":-0.451}},{"type":"Feature","geometry":{"type":"Polygon","coordinates":[[[-2.9389,53.4881],[-2.94107,53.48709],[-2.94052,53.48537],[-2.9378,53.48465],[-2.93564,53.48565],[-2.93619,53.48738],[-2.9389,53.4881]]]},"properties":{"h3":"89195115e33ffff","c":0,"f":0,"cs":2.0,"fs":0.1,"score":0.871,"pct":37,"price":218500,"n":88,"outcode":"L10","apprec":1.44,"value":-0.317}},{"type":"Feature","geometry":{"type":"Polygon","coordinates":[[[-2.93564,53.48565],[-2.9378,53.48465],[-2.93726,53.48292],[-2.93454,53.4822],[-2.93238,53.48321],[-2.93293,53.48493],[-2.93564,53.48565]]]},"properties":{"h3":"89195115e37ffff","c":2,"f":0,"cs":2.6,"fs":0.0,"score":1.0,"pct":75,"price":220000,"n":110,"outcode":"L10","apprec":1.44,"value":0.051}},{"type":"Feature","geometry":{"type":"Polygon","coordinates":[[[-2.94378,53.48781],[-2.94595,53.4868],[-2.9454,53.48508],[-2.94268,53.48436],[-2.94052,53.48537],[-2.94107,53.48709],[-2.94378,53.48781]]]},"properties":{"h3":"89195115e3bffff","c":0,"f":0,"cs":1.9,"fs":0.6,"score":0.514,"pct":10,"price":228500,"n":120,"outcode":"L10","apprec":1.44,"value":-0.643}},{"type":"Feature","geometry":{"type":"Polygon","coordinates":[[[-2.95354,53.48724],[-2.9557,53.48623],[-2.95515,53.48451],[-2.95244,53.48379],[-2.95028,53.48479],[-2.95082,53.48652],[-2.95354,53.48724]]]},"properties":{"h3":"89195115e63ffff","c":1,"f":0,"cs":2.8,"fs":0.6,"score":0.639,"pct":17,"price":180000,"n":79,"outcode":"L30","apprec":1.88,"value":-0.38}},{"type":"Feature","geometry":{"type":"Polygon","coordinates":[[[-2.95028,53.48479],[-2.95244,53.48379],[-2.95189,53.48206],[-2.94918,53.48134],[-2.94701,53.48235],[-2.94756,53.48407],[-2.95028,53.48479]]]},"properties":{"h3":"89195115e67ffff","c":1,"f":0,"cs":3.6,"fs":0.7,"score":0.655,"pct":18,"price":225000,"n":72,"outcode":"L10","apprec":1.44,"value":-0.548}},{"type":"Feature","geometry":{"type":"Polygon","coordinates":[[[-2.95842,53.48695],[-2.96058,53.48594],[-2.96003,53.48422],[-2.95732,53.4835],[-2.95515,53.48451],[-2.9557,53.48623],[-2.95842,53.48695]]]},"properties":{"h3":"89195115e6bffff","c":0,"f":0,"cs":2.0,"fs":0.1,"score":0.875,"pct":38,"price":164000,"n":38,"outcode":"L30","apprec":1.88,"value":-0.079}},{"type":"Feature","geometry":{"type":"Polygon","coordinates":[[[-2.95515,53.48451],[-2.95732,53.4835],[-2.95677,53.48177],[-2.95405,53.48105],[-2.95189,53.48206],[-2.95244,53.48379],[-2.95515,53.48451]]]},"properties":{"h3":"89195115e6fffff","c":0,"f":0,"cs":2.8,"fs":0.3,"score":0.826,"pct":31,"price":175250,"n":30,"outcode":"L9","apprec":1.79,"value":-0.213}},{"type":"Feature","geometry":{"type":"Polygon","coordinates":[[[-2.95192,53.48997],[-2.95409,53.48896],[-2.95354,53.48724],[-2.95082,53.48652],[-2.94866,53.48752],[-2.94921,53.48925],[-2.95192,53.48997]]]},"properties":{"h3":"89195115e73ffff","c":0,"f":0,"cs":2.0,"fs":0.6,"score":0.526,"pct":11,"price":187500,"n":92,"outcode":"L30","apprec":1.88,"value":-0.469}},{"type":"Feature","geometry":{"type":"Polygon","coordinates":[[[-2.94866,53.48752],[-2.95082,53.48652],[-2.95028,53.48479],[-2.94756,53.48407],[-2.9454,53.48508],[-2.94595,53.4868],[-2.94866,53.48752]]]},"properties":{"h3":"89195115e77ffff","c":1,"f":1,"cs":2.8,"fs":1.0,"score":0.467,"pct":9,"price":216000,"n":134,"outcode":"L10","apprec":1.44,"value":-0.603}},{"type":"Feature","geometry":{"type":"Polygon","coordinates":[[[-2.94873,53.50334],[-2.95089,53.50233],[-2.95034,53.50061],[-2.94763,53.49989],[-2.94546,53.50089],[-2.94601,53.50262],[-2.94873,53.50334]]]},"properties":{"h3":"89195115ed3ffff","c":2,"f":0,"cs":2.7,"fs":0.0,"score":1.0,"pct":75,"price":240000,"n":104,"outcode":"L31","apprec":1.7,"value":-0.028}},{"type":"Feature","geometry":{"type":"Polygon","coordinates":[[[-2.78774,53.50478],[-2.78991,53.50378],[-2.78936,53.50205],[-2.78665,53.50133],[-2.78449,53.50233],[-2.78503,53.50406],[-2.78774,53.50478]]]},"properties":{"h3":"89195116843ffff","c":1,"f":0,"cs":1.6,"fs":0.0,"score":1.0,"pct":75,"price":265000,"n":130,"outcode":"WA11","apprec":1.68,"value":-0.104}},{"type":"Feature","geometry":{"type":"Polygon","coordinates":[[[-2.78936,53.50205],[-2.79153,53.50105],[-2.79098,53.49933],[-2.78827,53.4986],[-2.78611,53.49961],[-2.78665,53.50133],[-2.78936,53.50205]]]},"properties":{"h3":"8919511684fffff","c":1,"f":0,"cs":1.9,"fs":0.0,"score":1.0,"pct":75,"price":278500,"n":70,"outcode":"WA11","apprec":1.68,"value":-0.133}},{"type":"Feature","geometry":{"type":"Polygon","coordinates":[[[-2.79586,53.49904],[-2.79802,53.49804],[-2.79748,53.49632],[-2.79477,53.4956],[-2.79261,53.4966],[-2.79315,53.49832],[-2.79586,53.49904]]]},"properties":{"h3":"89195116aa3ffff","c":2,"f":0,"cs":2.1,"fs":0.0,"score":1.0,"pct":75,"n":1}},{"type":"Feature","geometry":{"type":"Polygon","coordinates":[[[-2.79424,53.50177],[-2.7964,53.50077],[-2.79586,53.49904],[-2.79315,53.49832],[-2.79098,53.49933],[-2.79153,53.50105],[-2.79424,53.50177]]]},"properties":{"h3":"89195116ab3ffff","c":0,"f":0,"cs":2.0,"fs":0.0,"score":1.0,"pct":75,"price":262500,"n":30,"outcode":"WA11","apprec":1.68,"value":-0.097}},{"type":"Feature","geometry":{"type":"Polygon","coordinates":[[[-2.79098,53.49933],[-2.79315,53.49832],[-2.79261,53.4966],[-2.7899,53.49588],[-2.78773,53.49688],[-2.78827,53.4986],[-2.79098,53.49933]]]},"properties":{"h3":"89195116ab7ffff","c":0,"f":0,"cs":2.0,"fs":0.0,"score":1.0,"pct":75,"price":328000,"n":13,"outcode":"WA11","apprec":1.68,"value":-0.196}},{"type":"Feature","geometry":{"type":"Polygon","coordinates":[[[-2.74874,53.50701],[-2.75091,53.50601],[-2.75037,53.50429],[-2.74766,53.50356],[-2.74549,53.50456],[-2.74603,53.50629],[-2.74874,53.50701]]]},"properties":{"h3":"89195116d57ffff","c":2,"f":0,"cs":2.0,"fs":0.0,"score":1.0,"pct":75,"n":3}},{"type":"Feature","geometry":{"type":"Polygon","coordinates":[[[-2.85396,53.33746],[-2.85611,53.33645],[-2.85557,53.33472],[-2.85287,53.334],[-2.85071,53.33501],[-2.85125,53.33673],[-2.85396,53.33746]]]},"properties":{"h3":"89195133653ffff","c":0,"f":0,"cs":2.6,"fs":0.0,"score":1.0,"pct":75,"n":1}},{"type":"Feature","geometry":{"type":"Polygon","coordinates":[[[-2.85882,53.33717],[-2.86098,53.33616],[-2.86043,53.33443],[-2.85773,53.33371],[-2.85557,53.33472],[-2.85611,53.33645],[-2.85882,53.33717]]]},"properties":{"h3":"8919513365bffff","c":0,"f":0,"cs":2.6,"fs":0.0,"score":1.0,"pct":75,"n":0}},{"type":"Feature","geometry":{"type":"Polygon","coordinates":[[[-2.85234,53.34019],[-2.8545,53.33918],[-2.85396,53.33746],[-2.85125,53.33673],[-2.84909,53.33774],[-2.84964,53.33947],[-2.85234,53.34019]]]},"properties":{"h3":"891951336cbffff","c":0,"f":0,"cs":2.6,"fs":0.0,"score":1.0,"pct":75,"price":177500,"n":48,"outcode":"L24","apprec":2.27,"value":0.227}},{"type":"Feature","geometry":{"type":"Polygon","coordinates":[[[-2.96736,53.31224],[-2.96952,53.31123],[-2.96897,53.3095],[-2.96626,53.30878],[-2.96411,53.30979],[-2.96465,53.31152],[-2.96736,53.31224]]]},"properties":{"h3":"8919513a453ffff","c":1,"f":0,"cs":2.0,"fs":0.0,"score":1.0,"pct":75,"price":190000,"n":137,"outcode":"CH62","apprec":1.71,"value":0.162}},{"type":"Feature","geometry":{"type":"Polygon","coordinates":[[[-2.96089,53.31527],[-2.96305,53.31426],[-2.9625,53.31253],[-2.95979,53.31181],[-2.95763,53.31282],[-2.95818,53.31455],[-2.96089,53.31527]]]},"properties":{"h3":"8919513a4c3ffff","c":1,"f":0,"cs":2.3,"fs":0.0,"score":1.0,"pct":75,"price":205000,"n":68,"outcode":"CH62","apprec":1.71,"value":0.104}},{"type":"Feature","geometry":{"type":"Polygon","coordinates":[[[-2.96575,53.31498],[-2.96791,53.31397],[-2.96736,53.31224],[-2.96465,53.31152],[-2.9625,53.31253],[-2.96305,53.31426],[-2.96575,53.31498]]]},"properties":{"h3":"8919513a4cbffff","c":1,"f":0,"cs":2.8,"fs":0.0,"score":1.0,"pct":75,"price":195000,"n":135,"outcode":"CH62","apprec":1.71,"value":0.14}},{"type":"Feature","geometry":{"type":"Polygon","coordinates":[[[-2.9625,53.31253],[-2.96465,53.31152],[-2.96411,53.30979],[-2.9614,53.30907],[-2.95924,53.31008],[-2.95979,53.31181],[-2.9625,53.31253]]]},"properties":{"h3":"8919513a4cfffff","c":0,"f":0,"cs":2.1,"fs":0.0,"score":1.0,"pct":75,"price":193000,"n":77,"outcode":"CH62","apprec":1.71,"value":0.146}},{"type":"Feature","geometry":{"type":"Polygon","coordinates":[[[-2.96414,53.31771],[-2.9663,53.3167],[-2.96575,53.31498],[-2.96305,53.31426],[-2.96089,53.31527],[-2.96144,53.317],[-2.96414,53.31771]]]},"properties":{"h3":"8919513a4dbffff","c":1,"f":0,"cs":2.3,"fs":0.0,"score":1.0,"pct":75,"price":198000,"n":121,"outcode":"CH62","apprec":1.71,"value":0.132}},{"type":"Feature","geometry":{"type":"Polygon","coordinates":[[[-3.09076,53.32593],[-3.09292,53.32491],[-3.09236,53.32319],[-3.08965,53.32247],[-3.0875,53.32348],[-3.08805,53.32521],[-3.09076,53.32593]]]},"properties":{"h3":"8919513b6cbffff","c":0,"f":0,"cs":2.5,"fs":0.0,"score":1.0,"pct":75,"price":422500,"n":114,"outcode":"CH60","apprec":1.71,"value":-0.242}},{"type":"Feature","geometry":{"type":"Polygon","coordinates":[[[-3.08916,53.32867],[-3.09131,53.32765],[-3.09076,53.32593],[-3.08805,53.32521],[-3.08589,53.32622],[-3.08644,53.32795],[-3.08916,53.32867]]]},"properties":{"h3":"8919513b6dbffff","c":0,"f":0,"cs":2.5,"fs":0.0,"score":1.0,"pct":75,"price":400000,"n":141,"outcode":"CH60","apprec":1.71,"value":-0.236}},{"type":"Feature","geometry":{"type":"Polygon","coordinates":[[[-2.80222,53.41698],[-2.80439,53.41598],[-2.80384,53.41425],[-2.80114,53.41353],[-2.79897,53.41453],[-2.79952,53.41626],[-2.80222,53.41698]]]},"properties":{"h3":"891951a90c3ffff","c":0,"f":0,"cs":1.8,"fs":0.0,"score":1.0,"pct":75,"price":150000,"n":93,"outcode":"L35","apprec":1.74,"value":0.392}},{"type":"Feature","geometry":{"type":"Polygon","coordinates":[[[-2.8006,53.41971],[-2.80277,53.41871],[-2.80222,53.41698],[-2.79952,53.41626],[-2.79736,53.41726],[-2.7979,53.41899],[-2.8006,53.41971]]]},"properties":{"h3":"891951a90d3ffff","c":1,"f":0,"cs":1.9,"fs":0.0,"score":1.0,"pct":75,"price":150000,"n":119,"outcode":"L35","apprec":1.74,"value":0.392}},{"type":"Feature","geometry":{"type":"Polygon","coordinates":[[[-2.79736,53.41726],[-2.79952,53.41626],[-2.79897,53.41453],[-2.79627,53.41381],[-2.79411,53.41481],[-2.79465,53.41654],[-2.79736,53.41726]]]},"properties":{"h3":"891951a90d7ffff","c":1,"f":0,"cs":1.7,"fs":0.0,"score":1.0,"pct":75,"price":163500,"n":112,"outcode":"L35","apprec":1.74,"value":0.298}},{"type":"Feature","geometry":{"type":"Polygon","coordinates":[[[-2.83628,53.40709],[-2.83845,53.40608],[-2.8379,53.40436],[-2.83519,53.40364],[-2.83303,53.40464],[-2.83358,53.40637],[-2.83628,53.40709]]]},"properties":{"h3":"891951a920bffff","c":0,"f":0,"cs":1.6,"fs":0.0,"score":1.0,"pct":75,"price":180000,"n":127,"outcode":"L36","apprec":1.73,"value":0.21}},{"type":"Feature","geometry":{"type":"Polygon","coordinates":[[[-2.83467,53.40982],[-2.83683,53.40881],[-2.83628,53.40709],[-2.83358,53.40637],[-2.83142,53.40737],[-2.83196,53.4091],[-2.83467,53.40982]]]},"properties":{"h3":"891951a921bffff","c":1,"f":0,"cs":4.0,"fs":0.0,"score":1.0,"pct":75,"price":150500,"n":82,"outcode":"L36","apprec":1.73,"value":0.379}},{"type":"Feature","geometry":{"type":"Polygon","coordinates":[[[-2.8444,53.40925],[-2.84657,53.40825],[-2.84602,53.40652],[-2.84331,53.4058],[-2.84115,53.4068],[-2.8417,53.40853],[-2.8444,53.40925]]]},"properties":{"h3":"891951a9243ffff","c":0,"f":0,"cs":2.2,"fs":0.0,"score":1.0,"pct":75,"price":244000,"n":116,"outcode":"L36","apprec":1.73,"value":-0.038}},{"type":"Feature","geometry":{"type":"Polygon","coordinates":[[[-2.84279,53.41198],[-2.84495,53.41098],[-2.8444,53.40925],[-2.8417,53.40853],[-2.83954,53.40954],[-2.84008,53.41126],[-2.84279,53.41198]]]},"properties":{"h3":"891951a9253ffff","c":0,"f":0,"cs":4.7,"fs":0.0,"score":1.0,"pct":75,"price":222500,"n":90,"outcode":"L36","apprec":1.73,"value":0.04}},{"type":"Feature","geometry":{"type":"Polygon","coordinates":[[[-2.83954,53.40954],[-2.8417,53.40853],[-2.84115,53.4068],[-2.83845,53.40608],[-2.83628,53.40709],[-2.83683,53.40881],[-2.83954,53.40954]]]},"properties":{"h3":"891951a9257ffff","c":1,"f":0,"cs":4.1,"fs":0.0,"score":1.0,"pct":75,"price":187500,"n":112,"outcode":"L36","apprec":1.73,"value":0.178}},{"type":"Feature","geometry":{"type":"Polygon","coordinates":[[[-2.84766,53.4117],[-2.84982,53.41069],[-2.84927,53.40897],[-2.84657,53.40825],[-2.8444,53.40925],[-2.84495,53.41098],[-2.84766,53.4117]]]},"properties":{"h3":"891951a925bffff","c":0,"f":0,"cs":1.6,"fs":0.0,"score":1.0,"pct":75,"price":242500,"n":127,"outcode":"L36","apprec":1.73,"value":-0.034}},{"type":"Feature","geometry":{"type":"Polygon","coordinates":[[[-2.8363,53.415],[-2.83846,53.41399],[-2.83792,53.41227],[-2.83521,53.41155],[-2.83305,53.41255],[-2.83359,53.41428],[-2.8363,53.415]]]},"properties":{"h3":"891951a92c3ffff","c":1,"f":0,"cs":4.9,"fs":0.0,"score":1.0,"pct":75,"price":172500,"n":56,"outcode":"L36","apprec":1.73,"value":0.248}},{"type":"Feature","geometry":{"type":"Polygon","coordinates":[[[-2.83305,53.41255],[-2.83521,53.41155],[-2.83467,53.40982],[-2.83196,53.4091],[-2.8298,53.4101],[-2.83034,53.41183],[-2.83305,53.41255]]]},"properties":{"h3":"891951a92c7ffff","c":0,"f":0,"cs":3.7,"fs":0.0,"score":1.0,"pct":75,"price":162125,"n":56,"outcode":"L36","apprec":1.73,"value":0.303}},{"type":"Feature","geometry":{"type":"Polygon","coordinates":[[[-2.84117,53.41471],[-2.84333,53.41371],[-2.84279,53.41198],[-2.84008,53.41126],[-2.83792,53.41227],[-2.83846,53.41399],[-2.84117,53.41471]]]},"properties":{"h3":"891951a92cbffff","c":3,"f":0,"cs":5.7,"fs":0.0,"score":1.0,"pct":75,"price":151500,"n":78,"outcode":"L36","apprec":1.73,"value":0.376}},{"type":"Feature","geometry":{"type":"Polygon","coordinates":[[[-2.83792,53.41227],[-2.84008,53.41126],[-2.83954,53.40954],[-2.83683,53.40881],[-2.83467,53.40982],[-2.83521,53.41155],[-2.83792,53.41227]]]},"properties":{"h3":"891951a92cfffff","c":3,"f":0,"cs":6.6,"fs":0.0,"score":1.0,"pct":75,"price":137500,"n":67,"outcode":"L36","apprec":1.73,"value":0.478}},{"type":"Feature","geometry":{"type":"Polygon","coordinates":[[[-2.83468,53.41773],[-2.83685,53.41672],[-2.8363,53.415],[-2.83359,53.41428],[-2.83143,53.41528],[-2.83198,53.41701],[-2.83468,53.41773]]]},"properties":{"h3":"891951a92d3ffff","c":0,"f":0,"cs":1.6,"fs":0.0,"score":1.0,"pct":75,"price":182000,"n":51,"outcode":"L36","apprec":1.73,"value":0.197}},{"type":"Feature","geometry":{"type":"Polygon","coordinates":[[[-2.83143,53.41528],[-2.83359,53.41428],[-2.83305,53.41255],[-2.83034,53.41183],[-2.82818,53.41283],[-2.82873,53.41456],[-2.83143,53.41528]]]},"properties":{"h3":"891951a92d7ffff","c":0,"f":0,"cs":1.8,"fs":0.0,"score":1.0,"pct":75,"price":175000,"n":57,"outcode":"L36","apprec":1.73,"value":0.239}},{"type":"Feature","geometry":{"type":"Polygon","coordinates":[[[-2.83955,53.41745],[-2.84172,53.41644],[-2.84117,53.41471],[-2.83846,53.41399],[-2.8363,53.415],[-2.83685,53.41672],[-2.83955,53.41745]]]},"properties":{"h3":"891951a92dbffff","c":0,"f":0,"cs":2.8,"fs":0.0,"score":1.0,"pct":75,"price":160000,"n":79,"outcode":"L36","apprec":1.73,"value":0.32}},{"type":"Feature","geometry":{"type":"Polygon","coordinates":[[[-2.81193,53.40059],[-2.81409,53.39959],[-2.81355,53.39786],[-2.81084,53.39714],[-2.80868,53.39815],[-2.80922,53.39987],[-2.81193,53.40059]]]},"properties":{"h3":"891951a93d3ffff","c":1,"f":1,"cs":1.0,"fs":1.0,"score":0.0,"pct":1,"n":2}},{"type":"Feature","geometry":{"type":"Polygon","coordinates":[[[-2.78276,53.42602],[-2.78493,53.42501],[-2.78438,53.42329],[-2.78168,53.42256],[-2.77951,53.42357],[-2.78006,53.42529],[-2.78276,53.42602]]]},"properties":{"h3":"891951a9407ffff","c":0,"f":0,"cs":2.1,"fs":0.0,"score":1.0,"pct":75,"price":246000,"n":124,"outcode":"L35","apprec":1.74,"value":-0.048}},{"type":"Feature","geometry":{"type":"Polygon","coordinates":[[[-2.79088,53.42818],[-2.79304,53.42718],[-2.7925,53.42545],[-2.78979,53.42473],[-2.78763,53.42573],[-2.78817,53.42746],[-2.79088,53.42818]]]},"properties":{"h3":"891951a940bffff","c":0,"f":0,"cs":1.6,"fs":0.0,"score":1.0,"pct":75,"price":225025,"n":178,"outcode":"L35","apprec":1.74,"value":0.023}},{"type":"Feature","geometry":{"type":"Polygon","coordinates":[[[-2.78763,53.42573],[-2.78979,53.42473],[-2.78925,53.423],[-2.78654,53.42228],[-2.78438,53.42329],[-2.78493,53.42501],[-2.78763,53.42573]]]},"properties":{"h3":"891951a940fffff","c":2,"f":0,"cs":3.3,"fs":0.0,"score":1.0,"pct":75,"price":230000,"n":149,"outcode":"L35","apprec":1.74,"value":0.005}},{"type":"Feature","geometry":{"type":"Polygon","coordinates":[[[-2.78113,53.42084],[-2.7833,53.41983],[-2.78275,53.41811],[-2.78005,53.41738],[-2.77788,53.41839],[-2.77843,53.42011],[-2.78113,53.42084]]]},"properties":{"h3":"891951a9423ffff","c":0,"f":0,"cs":1.6,"fs":0.0,"score":1.0,"pct":75,"price":205000,"n":82,"outcode":"L35","apprec":1.74,"value":0.104}},{"type":"Feature","geometry":{"type":"Polygon","coordinates":[[[-2.786,53.42056],[-2.78816,53.41955],[-2.78762,53.41783],[-2.78491,53.4171],[-2.78275,53.41811],[-2.7833,53.41983],[-2.786,53.42056]]]},"properties":{"h3":"891951a942bffff","c":1,"f":0,"cs":2.5,"fs":0.0,"score":1.0,"pct":75,"price":170000,"n":70,"outcode":"L35","apprec":1.74,"value":0.259}},{"type":"Feature","geometry":{"type":"Polygon","coordinates":[[[-2.78438,53.42329],[-2.78654,53.42228],[-2.786,53.42056],[-2.7833,53.41983],[-2.78113,53.42084],[-2.78168,53.42256],[-2.78438,53.42329]]]},"properties":{"h3":"891951a943bffff","c":1,"f":0,"cs":3.4,"fs":0.0,"score":1.0,"pct":75,"price":205000,"n":108,"outcode":"L35","apprec":1.74,"value":0.104}},{"type":"Feature","geometry":{"type":"Polygon","coordinates":[[[-2.799,53.43035],[-2.80116,53.42934],[-2.80062,53.42762],[-2.79791,53.4269],[-2.79575,53.4279],[-2.79629,53.42963],[-2.799,53.43035]]]},"properties":{"h3":"891951a9443ffff","c":1,"f":0,"cs":7.5,"fs":0.0,"score":1.0,"pct":75,"price":125625,"n":157,"outcode":"L34","apprec":1.6,"value":0.554}},{"type":"Feature","geometry":{"type":"Polygon","coordinates":[[[-2.79575,53.4279],[-2.79791,53.4269],[-2.79737,53.42517],[-2.79466,53.42445],[-2.7925,53.42545],[-2.79304,53.42718],[-2.79575,53.4279]]]},"properties":{"h3":"891951a9447ffff","c":0,"f":0,"cs":2.6,"fs":0.0,"score":1.0,"pct":75,"price":160000,"n":169,"outcode":"L34","apprec":1.6,"value":0.32}},{"type":"Feature","geometry":{"type":"Polygon","coordinates":[[[-2.80387,53.43007],[-2.80603,53.42906],[-2.80549,53.42734],[-2.80278,53.42661],[-2.80062,53.42762],[-2.80116,53.42934],[-2.80387,53.43007]]]},"properties":{"h3":"891951a944bffff","c":7,"f":0,"cs":10.8,"fs":0.0,"score":1.0,"pct":75,"price":115000,"n":127,"outcode":"L34","apprec":1.6,"value":0.62}},{"type":"Feature","geometry":{"type":"Polygon","coordinates":[[[-2.80062,53.42762],[-2.80278,53.42661],[-2.80224,53.42489],[-2.79953,53.42417],[-2.79737,53.42517],[-2.79791,53.4269],[-2.80062,53.42762]]]},"properties":{"h3":"891951a944fffff","c":0,"f":0,"cs":6.6,"fs":0.0,"score":1.0,"pct":75,"price":123500,"n":138,"outcode":"L34","apprec":1.6,"value":0.571}},{"type":"Feature","geometry":{"type":"Polygon","coordinates":[[[-2.79738,53.43308],[-2.79954,53.43207],[-2.799,53.43035],[-2.79629,53.42963],[-2.79413,53.43063],[-2.79467,53.43236],[-2.79738,53.43308]]]},"properties":{"h3":"891951a9453ffff","c":0,"f":0,"cs":3.5,"fs":0.0,"score":1.0,"pct":75,"price":145000,"n":119,"outcode":"L34","apprec":1.6,"value":0.421}},{"type":"Feature","geometry":{"type":"Polygon","coordinates":[[[-2.79413,53.43063],[-2.79629,53.42963],[-2.79575,53.4279],[-2.79304,53.42718],[-2.79088,53.42818],[-2.79142,53.42991],[-2.79413,53.43063]]]},"properties":{"h3":"891951a9457ffff","c":0,"f":0,"cs":2.2,"fs":0.0,"score":1.0,"pct":75,"price":200000,"n":151,"outcode":"L34","apprec":1.6,"value":0.121}},{"type":"Feature","geometry":{"type":"Polygon","coordinates":[[[-2.80225,53.4328],[-2.80441,53.43179],[-2.80387,53.43007],[-2.80116,53.42934],[-2.799,53.43035],[-2.79954,53.43207],[-2.80225,53.4328]]]},"properties":{"h3":"891951a945bffff","c":3,"f":0,"cs":8.6,"fs":0.0,"score":1.0,"pct":75,"price":120000,"n":103,"outcode":"L34","apprec":1.6,"value":0.592}},{"type":"Feature","geometry":{"type":"Polygon","coordinates":[[[-2.79412,53.42272],[-2.79628,53.42172],[-2.79574,53.41999],[-2.79303,53.41927],[-2.79087,53.42027],[-2.79141,53.422],[-2.79412,53.42272]]]},"properties":{"h3":"891951a9463ffff","c":0,"f":0,"cs":1.6,"fs":0.0,"score":1.0,"pct":75,"price":149500,"n":116,"outcode":"L35","apprec":1.74,"value":0.403}},{"type":"Feature","geometry":{"type":"Polygon","coordinates":[[[-2.79087,53.42027],[-2.79303,53.41927],[-2.79249,53.41754],[-2.78978,53.41682],[-2.78762,53.41783],[-2.78816,53.41955],[-2.79087,53.42027]]]},"properties":{"h3":"891951a9467ffff","c":0,"f":0,"cs":1.9,"fs":0.0,"score":1.0,"pct":75,"price":160000,"n":86,"outcode":"L35","apprec":1.74,"value":0.32}},{"type":"Feature","geometry":{"type":"Polygon","coordinates":[[[-2.79899,53.42244],[-2.80115,53.42144],[-2.8006,53.41971],[-2.7979,53.41899],[-2.79574,53.41999],[-2.79628,53.42172],[-2.79899,53.42244]]]},"properties":{"h3":"891951a946bffff","c":0,"f":0,"cs":1.6,"fs":0.0,"score":1.0,"pct":75,"price":157500,"n":134,"outcode":"L35","apprec":1.74,"value":0.339}},{"type":"Feature","geometry":{"type":"Polygon","coordinates":[[[-2.79574,53.41999],[-2.7979,53.41899],[-2.79736,53.41726],[-2.79465,53.41654],[-2.79249,53.41754],[-2.79303,53.41927],[-2.79574,53.41999]]]},"properties":{"h3":"891951a946fffff","c":0,"f":0,"cs":1.6,"fs":0.0,"score":1.0,"pct":75,"price":160000,"n":99,"outcode":"L35","apprec":1.74,"value":0.32}},{"type":"Feature","geometry":{"type":"Polygon","coordinates":[[[-2.7925,53.42545],[-2.79466,53.42445],[-2.79412,53.42272],[-2.79141,53.422],[-2.78925,53.423],[-2.78979,53.42473],[-2.7925,53.42545]]]},"properties":{"h3":"891951a9473ffff","c":0,"f":0,"cs":2.4,"fs":0.0,"score":1.0,"pct":75,"price":182500,"n":151,"outcode":"L35","apprec":1.74,"value":0.196}},{"type":"Feature","geometry":{"type":"Polygon","coordinates":[[[-2.78925,53.423],[-2.79141,53.422],[-2.79087,53.42027],[-2.78816,53.41955],[-2.786,53.42056],[-2.78654,53.42228],[-2.78925,53.423]]]},"properties":{"h3":"891951a9477ffff","c":1,"f":0,"cs":3.4,"fs":0.0,"score":1.0,"pct":75,"price":160000,"n":107,"outcode":"L35","apprec":1.74,"value":0.32}},{"type":"Feature","geometry":{"type":"Polygon","coordinates":[[[-2.79737,53.42517],[-2.79953,53.42417],[-2.79899,53.42244],[-2.79628,53.42172],[-2.79412,53.42272],[-2.79466,53.42445],[-2.79737,53.42517]]]},"properties":{"h3":"891951a947bffff","c":0,"f":0,"cs":2.4,"fs":0.0,"score":1.0,"pct":75,"price":150000,"n":153,"outcode":"L34","apprec":1.6,"value":0.392}},{"type":"Feature","geometry":{"type":"Polygon","coordinates":[[[-2.76815,53.41895],[-2.77031,53.41795],[-2.76977,53.41622],[-2.76707,53.4155],[-2.7649,53.4165],[-2.76545,53.41823],[-2.76815,53.41895]]]},"properties":{"h3":"891951a95c3ffff","c":3,"f":0,"cs":3.0,"fs":0.0,"score":1.0,"pct":75,"price":185000,"n":113,"outcode":"L35","apprec":1.74,"value":0.186}},{"type":"Feature","geometry":{"type":"Polygon","coordinates":[[[-2.7649,53.4165],[-2.76707,53.4155],[-2.76652,53.41377],[-2.76382,53.41305],[-2.76166,53.41405],[-2.7622,53.41578],[-2.7649,53.4165]]]},"properties":{"h3":"891951a95c7ffff","c":0,"f":0,"cs":1.8,"fs":0.0,"score":1.0,"pct":75,"price":255000,"n":85,"outcode":"L35","apprec":1.74,"value":-0.077}},{"type":"Feature","geometry":{"type":"Polygon","coordinates":[[[-2.77302,53.41867],[-2.77518,53.41767],[-2.77464,53.41594],[-2.77193,53.41522],[-2.76977,53.41622],[-2.77031,53.41795],[-2.77302,53.41867]]]},"properties":{"h3":"891951a95cbffff","c":0,"f":0,"cs":1.8,"fs":0.0,"score":1.0,"pct":75,"price":191000,"n":120,"outcode":"L35","apprec":1.74,"value":0.153}},{"type":"Feature","geometry":{"type":"Polygon","coordinates":[[[-2.76977,53.41622],[-2.77193,53.41522],[-2.77139,53.41349],[-2.76868,53.41277],[-2.76652,53.41377],[-2.76707,53.4155],[-2.76977,53.41622]]]},"properties":{"h3":"891951a95cfffff","c":0,"f":0,"cs":1.8,"fs":0.0,"score":1.0,"pct":75,"price":225000,"n":71,"outcode":"L35","apprec":1.74,"value":0.028}},{"type":"Feature","geometry":{"type":"Polygon","coordinates":[[[-2.76653,53.42168],[-2.76869,53.42068],[-2.76815,53.41895],[-2.76545,53.41823],[-2.76328,53.41923],[-2.76383,53.42096],[-2.76653,53.42168]]]},"properties":{"h3":"891951a95d3ffff","c":0,"f":0,"cs":1.8,"fs":0.0,"score":1.0,"pct":75,"price":180000,"n":97,"outcode":"L35","apprec":1.74,"value":0.21}},{"type":"Feature","geometry":{"type":"Polygon","coordinates":[[[-2.76328,53.41923],[-2.76545,53.41823],[-2.7649,53.4165],[-2.7622,53.41578],[-2.76004,53.41678],[-2.76058,53.41851],[-2.76328,53.41923]]]},"properties":{"h3":"891951a95d7ffff","c":0,"f":0,"cs":1.8,"fs":0.0,"score":1.0,"pct":75,"price":197500,"n":73,"outcode":"L35","apprec":1.74,"value":0.133}},{"type":"Feature","geometry":{"type":"Polygon","coordinates":[[[-2.7714,53.4214],[-2.77356,53.4204],[-2.77302,53.41867],[-2.77031,53.41795],[-2.76815,53.41895],[-2.76869,53.42068],[-2.7714,53.4214]]]},"properties":{"h3":"891951a95dbffff","c":0,"f":0,"cs":1.8,"fs":0.0,"score":1.0,"pct":75,"price":177500,"n":134,"outcode":"L35","apprec":1.74,"value":0.227}},{"type":"Feature","geometry":{"type":"Polygon","coordinates":[[[-2.81199,53.43223],[-2.81415,53.43123],[-2.81361,53.4295],[-2.8109,53.42878],[-2.80874,53.42978],[-2.80928,53.43151],[-2.81199,53.43223]]]},"properties":{"h3":"891951a9683ffff","c":0,"f":0,"cs":2.1,"fs":0.0,"score":1.0,"pct":75,"price":260997,"n":186,"outcode":"L34","apprec":1.6,"value":-0.092}},{"type":"Feature","geometry":{"type":"Polygon","coordinates":[[[-2.80874,53.42978],[-2.8109,53.42878],[-2.81036,53.42705],[-2.80765,53.42633],[-2.80549,53.42734],[-2.80603,53.42906],[-2.80874,53.42978]]]},"properties":{"h3":"891951a9687ffff","c":0,"f":0,"cs":6.1,"fs":0.0,"score":1.0,"pct":75,"price":210000,"n":104,"outcode":"L34","apprec":1.6,"value":0.087}},{"type":"Feature","geometry":{"type":"Polygon","coordinates":[[[-2.81037,53.43496],[-2.81253,53.43396],[-2.81199,53.43223],[-2.80928,53.43151],[-2.80712,53.43251],[-2.80766,53.43424],[-2.81037,53.43496]]]},"properties":{"h3":"891951a9693ffff","c":0,"f":0,"cs":2.0,"fs":0.0,"score":1.0,"pct":75,"price":142500,"n":44,"outcode":"L34","apprec":1.6,"value":0.433}},{"type":"Feature","geometry":{"type":"Polygon","coordinates":[[[-2.80712,53.43251],[-2.80928,53.43151],[-2.80874,53.42978],[-2.80603,53.42906],[-2.80387,53.43007],[-2.80441,53.43179],[-2.80712,53.43251]]]},"properties":{"h3":"891951a9697ffff","c":1,"f":0,"cs":7.3,"fs":0.0,"score":1.0,"pct":75,"price":120500,"n":97,"outcode":"L34","apprec":1.6,"value":0.585}},{"type":"Feature","geometry":{"type":"Polygon","coordinates":[[[-2.8071,53.42461],[-2.80927,53.4236],[-2.80872,53.42188],[-2.80602,53.42115],[-2.80385,53.42216],[-2.8044,53.42388],[-2.8071,53.42461]]]},"properties":{"h3":"891951a96a3ffff","c":0,"f":0,"cs":2.3,"fs":0.0,"score":1.0,"pct":75,"price":234995,"n":157,"outcode":"L34","apprec":1.6,"value":-0.008}},{"type":"Feature","geometry":{"type":"Polygon","coordinates":[[[-2.80549,53.42734],[-2.80765,53.42633],[-2.8071,53.42461],[-2.8044,53.42388],[-2.80224,53.42489],[-2.80278,53.42661],[-2.80549,53.42734]]]},"properties":{"h3":"891951a96b3ffff","c":1,"f":0,"cs":6.5,"fs":0.0,"score":1.0,"pct":75,"price":167500,"n":121,"outcode":"L34","apprec":1.6,"value":0.273}},{"type":"Feature","geometry":{"type":"Polygon","coordinates":[[[-2.80224,53.42489],[-2.8044,53.42388],[-2.80385,53.42216],[-2.80115,53.42144],[-2.79899,53.42244],[-2.79953,53.42417],[-2.80224,53.42489]]]},"properties":{"h3":"891951a96b7ffff","c":1,"f":0,"cs":2.8,"fs":0.0,"score":1.0,"pct":75,"price":163075,"n":154,"outcode":"L34","apprec":1.6,"value":0.299}},{"type":"Feature","geometry":{"type":"Polygon","coordinates":[[[-2.81036,53.42705],[-2.81252,53.42605],[-2.81197,53.42432],[-2.80927,53.4236],[-2.8071,53.42461],[-2.80765,53.42633],[-2.81036,53.42705]]]},"properties":{"h3":"891951a96bbffff","c":0,"f":0,"cs":1.8,"fs":0.0,"score":1.0,"pct":75,"price":261995,"n":85,"outcode":"L34","apprec":1.6,"value":-0.096}},{"type":"Feature","geometry":{"type":"Polygon","coordinates":[[[-2.70164,53.43594],[-2.70381,53.43494],[-2.70327,53.43322],[-2.70056,53.43249],[-2.6984,53.43349],[-2.69894,53.43522],[-2.70164,53.43594]]]},"properties":{"h3":"891951aa24bffff","c":1,"f":0,"cs":1.7,"fs":0.0,"score":1.0,"pct":75,"price":125000,"n":131,"outcode":"WA9","apprec":1.82,"value":0.562}},{"type":"Feature","geometry":{"type":"Polygon","coordinates":[[[-2.63837,53.45534],[-2.64053,53.45434],[-2.63999,53.45261],[-2.63729,53.45189],[-2.63513,53.45289],[-2.63567,53.45461],[-2.63837,53.45534]]]},"properties":{"h3":"891951aa403ffff","c":0,"f":0,"cs":5.0,"fs":0.0,"score":1.0,"pct":75,"price":170000,"n":138,"outcode":"WA12","apprec":2.05,"value":0.259}},{"type":"Feature","geometry":{"type":"Polygon","coordinates":[[[-2.63513,53.45289],[-2.63729,53.45189],[-2.63675,53.45016],[-2.63405,53.44944],[-2.63189,53.45044],[-2.63243,53.45216],[-2.63513,53.45289]]]},"properties":{"h3":"891951aa407ffff","c":0,"f":0,"cs":3.1,"fs":0.0,"score":1.0,"pct":75,"price":164000,"n":121,"outcode":"WA12","apprec":2.05,"value":0.295}},{"type":"Feature","geometry":{"type":"Polygon","coordinates":[[[-2.64324,53.45506],[-2.6454,53.45406],[-2.64486,53.45234],[-2.64216,53.45161],[-2.63999,53.45261],[-2.64053,53.45434],[-2.64324,53.45506]]]},"properties":{"h3":"891951aa40bffff","c":4,"f":0,"cs":6.6,"fs":0.0,"score":1.0,"pct":75,"price":140000,"n":111,"outcode":"WA12","apprec":2.05,"value":0.457}},{"type":"Feature","geometry":{"type":"Polygon","coordinates":[[[-2.63999,53.45261],[-2.64216,53.45161],[-2.64162,53.44989],[-2.63892,53.44916],[-2.63675,53.45016],[-2.63729,53.45189],[-2.63999,53.45261]]]},"properties":{"h3":"891951aa40fffff","c":4,"f":0,"cs":6.4,"fs":0.0,"score":1.0,"pct":75,"price":132000,"n":59,"outcode":"WA12","apprec":2.05,"value":0.511}},{"type":"Feature","geometry":{"type":"Polygon","coordinates":[[[-2.63674,53.45806],[-2.63891,53.45706],[-2.63837,53.45534],[-2.63567,53.45461],[-2.6335,53.45561],[-2.63404,53.45734],[-2.63674,53.45806]]]},"properties":{"h3":"891951aa413ffff","c":0,"f":0,"cs":1.8,"fs":0.0,"score":1.0,"pct":75,"price":190000,"n":174,"outcode":"WA12","apprec":2.05,"value":0.162}},{"type":"Feature","geometry":{"type":"Polygon","coordinates":[[[-2.64161,53.45779],[-2.64377,53.45679],[-2.64324,53.45506],[-2.64053,53.45434],[-2.63837,53.45534],[-2.63891,53.45706],[-2.64161,53.45779]]]},"properties":{"h3":"891951aa41bffff","c":0,"f":0,"cs":3.4,"fs":0.0,"score":1.0,"pct":75,"price":181250,"n":154,"outcode":"WA12","apprec":2.05,"value":0.198}},{"type":"Feature","geometry":{"type":"Polygon","coordinates":[[[-2.63675,53.45016],[-2.63892,53.44916],[-2.63838,53.44744],[-2.63568,53.44671],[-2.63351,53.44771],[-2.63405,53.44944],[-2.63675,53.45016]]]},"properties":{"h3":"891951aa43bffff","c":0,"f":0,"cs":3.1,"fs":0.0,"score":1.0,"pct":75,"price":156500,"n":84,"outcode":"WA12","apprec":2.05,"value":0.343}},{"type":"Feature","geometry":{"type":"Polygon","coordinates":[[[-2.65134,53.45724],[-2.65351,53.45624],[-2.65297,53.45451],[-2.65027,53.45379],[-2.6481,53.45479],[-2.64864,53.45652],[-2.65134,53.45724]]]},"properties":{"h3":"891951aa443ffff","c":1,"f":0,"cs":1.5,"fs":0.0,"score":1.0,"pct":75,"price":158000,"n":133,"outcode":"WA12","apprec":2.05,"value":0.337}},{"type":"Feature","geometry":{"type":"Polygon","coordinates":[[[-2.6481,53.45479],[-2.65027,53.45379],[-2.64973,53.45206],[-2.64702,53.45134],[-2.64486,53.45234],[-2.6454,53.45406],[-2.6481,53.45479]]]},"properties":{"h3":"891951aa447ffff","c":0,"f":0,"cs":3.6,"fs":0.0,"score":1.0,"pct":75,"price":160000,"n":147,"outcode":"WA12","apprec":2.05,"value":0.32}},{"type":"Feature","geometry":{"type":"Polygon","coordinates":[[[-2.64648,53.45752],[-2.64864,53.45652],[-2.6481,53.45479],[-2.6454,53.45406],[-2.64324,53.45506],[-2.64377,53.45679],[-2.64648,53.45752]]]},"properties":{"h3":"891951aa457ffff","c":0,"f":0,"cs":3.7,"fs":0.0,"score":1.0,"pct":75,"price":158000,"n":122,"outcode":"WA12","apprec":2.05,"value":0.337}},{"type":"Feature","geometry":{"type":"Polygon","coordinates":[[[-2.64486,53.45234],[-2.64702,53.45134],[-2.64649,53.44961],[-2.64378,53.44889],[-2.64162,53.44989],[-2.64216,53.45161],[-2.64486,53.45234]]]},"properties":{"h3":"891951aa473ffff","c":0,"f":0,"cs":5.0,"fs":0.0,"score":1.0,"pct":75,"price":148000,"n":97,"outcode":"WA12","apprec":2.05,"value":0.407}},{"type":"Feature","geometry":{"type":"Polygon","coordinates":[[[-2.64162,53.44989],[-2.64378,53.44889],[-2.64324,53.44716],[-2.64054,53.44644],[-2.63838,53.44744],[-2.63892,53.44916],[-2.64162,53.44989]]]},"properties":{"h3":"891951aa477ffff","c":0,"f":0,"cs":3.0,"fs":0.0,"score":1.0,"pct":75,"price":100000,"n":13,"outcode":"WA12","apprec":2.05,"value":0.685}},{"type":"Feature","geometry":{"type":"Polygon","coordinates":[[[-2.62701,53.45861],[-2.62917,53.45761],[-2.62864,53.45589],[-2.62593,53.45516],[-2.62377,53.45616],[-2.62431,53.45789],[-2.62701,53.45861]]]},"properties":{"h3":"891951aa487ffff","c":0,"f":0,"cs":3.3,"fs":0.1,"score":0.921,"pct":44,"price":200000,"n":134,"outcode":"WA12","apprec":2.05,"value":-0.185}},{"type":"Feature","geometry":{"type":"Polygon","coordinates":[[[-2.62538,53.46134],[-2.62755,53.46034],[-2.62701,53.45861],[-2.62431,53.45789],[-2.62214,53.45889],[-2.62268,53.46061],[-2.62538,53.46134]]]},"properties":{"h3":"891951aa497ffff","c":0,"f":0,"cs":3.3,"fs":0.1,"score":0.921,"pct":44,"price":197000,"n":95,"outcode":"WA12","apprec":2.05,"value":-0.172}},{"type":"Feature","geometry":{"type":"Polygon","coordinates":[[[-2.6254,53.45344],[-2.62756,53.45244],[-2.62702,53.45071],[-2.62432,53.44999],[-2.62216,53.45099],[-2.6227,53.45271],[-2.6254,53.45344]]]},"properties":{"h3":"891951aa4a3ffff","c":0,"f":0,"cs":0.9,"fs":0.6,"score":0.219,"pct":2,"price":220000,"n":103,"outcode":"WA12","apprec":2.05,"value":-0.683}},{"type":"Feature","geometry":{"type":"Polygon","coordinates":[[[-2.62377,53.45616],[-2.62593,53.45516],[-2.6254,53.45344],[-2.6227,53.45271],[-2.62053,53.45371],[-2.62107,53.45544],[-2.62377,53.45616]]]},"properties":{"h3":"891951aa4b3ffff","c":0,"f":0,"cs":3.3,"fs":0.3,"score":0.849,"pct":34,"price":220000,"n":124,"outcode":"WA12","apprec":2.05,"value":-0.364}},{"type":"Feature","geometry":{"type":"Polygon","coordinates":[[[-2.62053,53.45371],[-2.6227,53.45271],[-2.62216,53.45099],[-2.61946,53.45026],[-2.61729,53.45126],[-2.61783,53.45299],[-2.62053,53.45371]]]},"properties":{"h3":"891951aa4b7ffff","c":0,"f":0,"cs":1.4,"fs":0.7,"score":0.313,"pct":4,"price":225500,"n":98,"outcode":"WA12","apprec":2.05,"value":-0.696}},{"type":"Feature","geometry":{"type":"Polygon","coordinates":[[[-2.63998,53.46052],[-2.64215,53.45952],[-2.64161,53.45779],[-2.63891,53.45706],[-2.63674,53.45806],[-2.63728,53.45979],[-2.63998,53.46052]]]},"properties":{"h3":"891951aa4c7ffff","c":0,"f":0,"cs":1.8,"fs":0.0,"score":1.0,"pct":75,"price":210000,"n":119,"outcode":"WA12","apprec":2.05,"value":0.087}},{"type":"Feature","geometry":{"type":"Polygon","coordinates":[[[-2.74059,53.44953],[-2.74275,53.44852],[-2.74221,53.4468],[-2.7395,53.44607],[-2.73734,53.44708],[-2.73788,53.4488],[-2.74059,53.44953]]]},"properties":{"h3":"891951ab003ffff","c":0,"f":0,"cs":4.4,"fs":1.1,"score":0.586,"pct":14,"price":152500,"n":52,"outcode":"WA10","apprec":1.7,"value":-0.253}},{"type":"Feature","geometry":{"type":"Polygon","coordinates":[[[-2.73734,53.44708],[-2.7395,53.44607],[-2.73896,53.44435],[-2.73626,53.44363],[-2.73409,53.44463],[-2.73464,53.44635],[-2.73734,53.44708]]]},"properties":{"h3":"891951ab007ffff","c":0,"f":0,"cs":2.6,"fs":0.1,"score":0.9,"pct":41,"n":0}},{"type":"Feature","geometry":{"type":"Polygon","coordinates":[[[-2.74546,53.44925],[-2.74762,53.44824],[-2.74708,53.44652],[-2.74437,53.4458],[-2.74221,53.4468],[-2.74275,53.44852],[-2.74546,53.44925]]]},"properties":{"h3":"891951ab00bffff","c":0,"f":0,"cs":2.4,"fs":0.5,"score":0.636,"pct":17,"price":140000,"n":79,"outcode":"WA10","apprec":1.7,"value":-0.135}},{"type":"Feature","geometry":{"type":"Polygon","coordinates":[[[-2.73897,53.45225],[-2.74113,53.45125],[-2.74059,53.44953],[-2.73788,53.4488],[-2.73572,53.4498],[-2.73626,53.45153],[-2.73897,53.45225]]]},"properties":{"h3":"891951ab013ffff","c":1,"f":1,"cs":13.5,"fs":3.8,"score":0.559,"pct":12,"price":109750,"n":8,"outcode":"WA10","apprec":1.7,"value":0.018}},{"type":"Feature","geometry":{"type":"Polygon","coordinates":[[[-2.73572,53.4498],[-2.73788,53.4488],[-2.73734,53.44708],[-2.73464,53.44635],[-2.73247,53.44736],[-2.73301,53.44908],[-2.73572,53.4498]]]},"properties":{"h3":"891951ab017ffff","c":0,"f":0,"cs":7.7,"fs":1.3,"score":0.714,"pct":23,"n":0}},{"type":"Feature","geometry":{"type":"Polygon","coordinates":[[[-2.74384,53.45197],[-2.746,53.45097],[-2.74546,53.44925],[-2.74275,53.44852],[-2.74059,53.44953],[-2.74113,53.45125],[-2.74384,53.45197]]]},"properties":{"h3":"891951ab01bffff","c":2,"f":0,"cs":7.6,"fs":2.8,"score":0.457,"pct":9,"price":145000,"n":73,"outcode":"WA10","apprec":1.7,"value":-0.252}},{"type":"Feature","geometry":{"type":"Polygon","coordinates":[[[-2.75357,53.45142],[-2.75574,53.45041],[-2.7552,53.44869],[-2.75249,53.44797],[-2.75033,53.44897],[-2.75087,53.45069],[-2.75357,53.45142]]]},"properties":{"h3":"891951ab043ffff","c":1,"f":0,"cs":2.6,"fs":0.0,"score":1.0,"pct":75,"price":108000,"n":151,"outcode":"WA10","apprec":1.7,"value":0.658}},{"type":"Feature","geometry":{"type":"Polygon","coordinates":[[[-2.75195,53.45414],[-2.75412,53.45314],[-2.75357,53.45142],[-2.75087,53.45069],[-2.74871,53.4517],[-2.74925,53.45342],[-2.75195,53.45414]]]},"properties":{"h3":"891951ab053ffff","c":2,"f":0,"cs":3.8,"fs":0.4,"score":0.808,"pct":29,"price":102000,"n":172,"outcode":"WA10","apprec":1.7,"value":0.213}},{"type":"Feature","geometry":{"type":"Polygon","coordinates":[[[-2.74871,53.4517],[-2.75087,53.45069],[-2.75033,53.44897],[-2.74762,53.44824],[-2.74546,53.44925],[-2.746,53.45097],[-2.74871,53.4517]]]},"properties":{"h3":"891951ab057ffff","c":0,"f":0,"cs":3.8,"fs":0.5,"score":0.753,"pct":25,"price":127500,"n":141,"outcode":"WA10","apprec":1.7,"value":0.044}},{"type":"Feature","geometry":{"type":"Polygon","coordinates":[[[-2.75682,53.45386],[-2.75899,53.45286],[-2.75844,53.45114],[-2.75574,53.45041],[-2.75357,53.45142],[-2.75412,53.45314],[-2.75682,53.45386]]]},"properties":{"h3":"891951ab05bffff","c":0,"f":0,"cs":2.6,"fs":0.0,"score":1.0,"pct":75,"price":110000,"n":258,"outcode":"WA10","apprec":1.7,"value":0.646}},{"type":"Feature","geometry":{"type":"Polygon","coordinates":[[[-2.73248,53.45526],[-2.73464,53.45426],[-2.7341,53.45253],[-2.73139,53.45181],[-2.72923,53.45281],[-2.72977,53.45454],[-2.73248,53.45526]]]},"properties":{"h3":"891951ab083ffff","c":5,"f":0,"cs":14.6,"fs":2.0,"score":0.757,"pct":26,"price":97500,"n":79,"outcode":"WA10","apprec":1.7,"value":0.2}},{"type":"Feature","geometry":{"type":"Polygon","coordinates":[[[-2.72923,53.45281],[-2.73139,53.45181],[-2.73085,53.45008],[-2.72815,53.44936],[-2.72598,53.45036],[-2.72652,53.45209],[-2.72923,53.45281]]]},"properties":{"h3":"891951ab087ffff","c":0,"f":1,"cs":10.4,"fs":1.3,"score":0.782,"pct":28,"price":71000,"n":16,"outcode":"WA10","apprec":1.7,"value":0.273}},{"type":"Feature","geometry":{"type":"Polygon","coordinates":[[[-2.73734,53.45498],[-2.73951,53.45398],[-2.73897,53.45225],[-2.73626,53.45153],[-2.7341,53.45253],[-2.73464,53.45426],[-2.73734,53.45498]]]},"properties":{"h3":"891951ab08bffff","c":7,"f":1,"cs":19.1,"fs":4.8,"score":0.599,"pct":14,"price":107000,"n":31,"outcode":"WA10","apprec":1.7,"value":0.044}},{"type":"Feature","geometry":{"type":"Polygon","coordinates":[[[-2.7341,53.45253],[-2.73626,53.45153],[-2.73572,53.4498],[-2.73301,53.44908],[-2.73085,53.45008],[-2.73139,53.45181],[-2.7341,53.45253]]]},"properties":{"h3":"891951ab08fffff","c":5,"f":0,"cs":15.2,"fs":2.5,"score":0.718,"pct":23,"price":107500,"n":10,"outcode":"WA10","apprec":1.7,"value":0.132}},{"type":"Feature","geometry":{"type":"Polygon","coordinates":[[[-2.73085,53.45799],[-2.73302,53.45699],[-2.73248,53.45526],[-2.72977,53.45454],[-2.72761,53.45554],[-2.72815,53.45726],[-2.73085,53.45799]]]},"properties":{"h3":"891951ab093ffff","c":0,"f":0,"cs":6.1,"fs":0.5,"score":0.836,"pct":33,"price":96000,"n":97,"outcode":"WA10","apprec":1.7,"value":0.272}},{"type":"Feature","geometry":{"type":"Polygon","coordinates":[[[-2.72761,53.45554],[-2.72977,53.45454],[-2.72923,53.45281],[-2.72652,53.45209],[-2.72436,53.45309],[-2.7249,53.45482],[-2.72761,53.45554]]]},"properties":{"h3":"891951ab097ffff","c":0,"f":0,"cs":6.9,"fs":0.7,"score":0.805,"pct":29,"price":91000,"n":74,"outcode":"WA10","apprec":1.7,"value":0.259}},{"type":"Feature","geometry":{"type":"Polygon","coordinates":[[[-2.73572,53.45771],[-2.73789,53.45671],[-2.73734,53.45498],[-2.73464,53.45426],[-2.73248,53.45526],[-2.73302,53.45699],[-2.73572,53.45771]]]},"properties":{"h3":"891951ab09bffff","c":1,"f":0,"cs":11.7,"fs":2.5,"score":0.649,"pct":18,"price":98450,"n":102,"outcode":"WA10","apprec":1.7,"value":0.11}},{"type":"Feature","geometry":{"type":"Polygon","coordinates":[[[-2.7276,53.44763],[-2.72977,53.44663],[-2.72923,53.44491],[-2.72652,53.44418],[-2.72436,53.44519],[-2.7249,53.44691],[-2.7276,53.44763]]]},"properties":{"h3":"891951ab0a3ffff","c":1,"f":0,"cs":5.3,"fs":0.1,"score":0.95,"pct":48,"n":6}},{"type":"Feature","geometry":{"type":"Polygon","coordinates":[[[-2.72436,53.44519],[-2.72652,53.44418],[-2.72598,53.44246],[-2.72328,53.44173],[-2.72111,53.44274],[-2.72165,53.44446],[-2.72436,53.44519]]]},"properties":{"h3":"891951ab0a7ffff","c":0,"f":0,"cs":2.8,"fs":0.0,"score":1.0,"pct":75,"price":135000,"n":28,"outcode":"WA9","apprec":1.82,"value":0.491}},{"type":"Feature","geometry":{"type":"Polygon","coordinates":[[[-2.73247,53.44736],[-2.73464,53.44635],[-2.73409,53.44463],[-2.73139,53.4439],[-2.72923,53.44491],[-2.72977,53.44663],[-2.73247,53.44736]]]},"properties":{"h3":"891951ab0abffff","c":2,"f":0,"cs":3.8,"fs":0.3,"score":0.868,"pct":37,"n":0}},{"type":"Feature","geometry":{"type":"Polygon","coordinates":[[[-2.72923,53.44491],[-2.73139,53.4439],[-2.73085,53.44218],[-2.72814,53.44146],[-2.72598,53.44246],[-2.72652,53.44418],[-2.72923,53.44491]]]},"properties":{"h3":"891951ab0afffff","c":0,"f":0,"cs":2.4,"fs":0.0,"score":1.0,"pct":75,"price":203250,"n":8,"outcode":"WA9","apprec":1.82,"value":0.11}},{"type":"Feature","geometry":{"type":"Polygon","coordinates":[[[-2.72598,53.45036],[-2.72815,53.44936],[-2.7276,53.44763],[-2.7249,53.44691],[-2.72274,53.44791],[-2.72328,53.44964],[-2.72598,53.45036]]]},"properties":{"h3":"891951ab0b3ffff","c":2,"f":0,"cs":6.3,"fs":0.6,"score":0.825,"pct":30,"n":3}},{"type":"Feature","geometry":{"type":"Polygon","coordinates":[[[-2.72274,53.44791],[-2.7249,53.44691],[-2.72436,53.44519],[-2.72165,53.44446],[-2.71949,53.44546],[-2.72003,53.44719],[-2.72274,53.44791]]]},"properties":{"h3":"891951ab0b7ffff","c":1,"f":0,"cs":4.2,"fs":0.1,"score":0.938,"pct":46,"price":96000,"n":18,"outcode":"WA9","apprec":1.82,"value":0.412}},{"type":"Feature","geometry":{"type":"Polygon","coordinates":[[[-2.73085,53.45008],[-2.73301,53.44908],[-2.73247,53.44736],[-2.72977,53.44663],[-2.7276,53.44763],[-2.72815,53.44936],[-2.73085,53.45008]]]},"properties":{"h3":"891951ab0bbffff","c":0,"f":0,"cs":8.2,"fs":0.9,"score":0.807,"pct":29,"n":0}},{"type":"Feature","geometry":{"type":"Polygon","coordinates":[[[-2.74546,53.45715],[-2.74763,53.45615],[-2.74708,53.45442],[-2.74438,53.4537],[-2.74221,53.4547],[-2.74276,53.45643],[-2.74546,53.45715]]]},"properties":{"h3":"891951ab0c3ffff","c":1,"f":0,"cs":7.7,"fs":3.3,"score":0.402,"pct":6,"price":125000,"n":89,"outcode":"WA10","apprec":1.7,"value":-0.134}},{"type":"Feature","geometry":{"type":"Polygon","coordinates":[[[-2.74221,53.4547],[-2.74438,53.4537],[-2.74384,53.45197],[-2.74113,53.45125],[-2.73897,53.45225],[-2.73951,53.45398],[-2.74221,53.4547]]]},"properties":{"h3":"891951ab0c7ffff","c":4,"f":3,"cs":14.4,"fs":5.4,"score":0.452,"pct":8,"price":125000,"n":24,"outcode":"WA10","apprec":1.7,"value":-0.118}},{"type":"Feature","geometry":{"type":"Polygon","coordinates":[[[-2.75033,53.45687],[-2.7525,53.45587],[-2.75195,53.45414],[-2.74925,53.45342],[-2.74708,53.45442],[-2.74763,53.45615],[-2.75033,53.45687]]]},"properties":{"h3":"891951ab0cbffff","c":0,"f":0,"cs":4.1,"fs":0.7,"score":0.714,"pct":23,"price":115000,"n":165,"outcode":"WA10","apprec":1.7,"value":0.089}},{"type":"Feature","geometry":{"type":"Polygon","coordinates":[[[-2.74708,53.45442],[-2.74925,53.45342],[-2.74871,53.4517],[-2.746,53.45097],[-2.74384,53.45197],[-2.74438,53.4537],[-2.74708,53.45442]]]},"properties":{"h3":"891951ab0cfffff","c":0,"f":0,"cs":7.4,"fs":2.4,"score":0.514,"pct":10,"price":100500,"n":86,"outcode":"WA10","apprec":1.7,"value":0.025}},{"type":"Feature","geometry":{"type":"Polygon","coordinates":[[[-2.74384,53.45988],[-2.746,53.45888],[-2.74546,53.45715],[-2.74276,53.45643],[-2.74059,53.45743],[-2.74113,53.45916],[-2.74384,53.45988]]]},"properties":{"h3":"891951ab0d3ffff","c":1,"f":0,"cs":5.2,"fs":1.8,"score":0.494,"pct":10,"price":135000,"n":93,"outcode":"WA10","apprec":1.7,"value":-0.173}},{"type":"Feature","geometry":{"type":"Polygon","coordinates":[[[-2.74059,53.45743],[-2.74276,53.45643],[-2.74221,53.4547],[-2.73951,53.45398],[-2.73734,53.45498],[-2.73789,53.45671],[-2.74059,53.45743]]]},"properties":{"h3":"891951ab0d7ffff","c":3,"f":2,"cs":13.3,"fs":4.6,"score":0.488,"pct":9,"price":122500,"n":57,"outcode":"WA10","apprec":1.7,"value":-0.089}},{"type":"Feature","geometry":{"type":"Polygon","coordinates":[[[-2.74871,53.4596],[-2.75087,53.4586],[-2.75033,53.45687],[-2.74763,53.45615],[-2.74546,53.45715],[-2.746,53.45888],[-2.74871,53.4596]]]},"properties":{"h3":"891951ab0dbffff","c":0,"f":0,"cs":3.0,"fs":0.7,"score":0.636,"pct":17,"price":140000,"n":125,"outcode":"WA10","apprec":1.7,"value":-0.135}},{"type":"Feature","geometry":{"type":"Polygon","coordinates":[[[-2.70975,53.43812],[-2.71192,53.43711],[-2.71138,53.43539],[-2.70867,53.43466],[-2.70651,53.43567],[-2.70705,53.43739],[-2.70975,53.43812]]]},"properties":{"h3":"891951ab183ffff","c":0,"f":0,"cs":1.6,"fs":0.0,"score":1.0,"pct":75,"price":125000,"n":94,"outcode":"WA9","apprec":1.82,"value":0.562}},{"type":"Feature","geometry":{"type":"Polygon","coordinates":[[[-2.70813,53.44084],[-2.7103,53.43984],[-2.70975,53.43812],[-2.70705,53.43739],[-2.70489,53.43839],[-2.70543,53.44012],[-2.70813,53.44084]]]},"properties":{"h3":"891951ab193ffff","c":1,"f":0,"cs":2.0,"fs":0.0,"score":1.0,"pct":75,"price":231995,"n":207,"outcode":"WA9","apprec":1.82,"value":-0.001}},{"type":"Feature","geometry":{"type":"Polygon","coordinates":[[[-2.70489,53.43839],[-2.70705,53.43739],[-2.70651,53.43567],[-2.70381,53.43494],[-2.70164,53.43594],[-2.70218,53.43767],[-2.70489,53.43839]]]},"properties":{"h3":"891951ab197ffff","c":1,"f":0,"cs":2.2,"fs":0.0,"score":1.0,"pct":75,"price":116000,"n":97,"outcode":"WA9","apprec":1.82,"value":0.613}},{"type":"Feature","geometry":{"type":"Polygon","coordinates":[[[-2.713,53.44057],[-2.71516,53.43956],[-2.71462,53.43784],[-2.71192,53.43711],[-2.70975,53.43812],[-2.7103,53.43984],[-2.713,53.44057]]]},"properties":{"h3":"891951ab19bffff","c":0,"f":0,"cs":2.1,"fs":0.0,"score":1.0,"pct":75,"price":219296,"n":111,"outcode":"WA9","apprec":1.82,"value":0.061}},{"type":"Feature","geometry":{"type":"Polygon","coordinates":[[[-2.72111,53.44274],[-2.72328,53.44173],[-2.72273,53.44001],[-2.72003,53.43928],[-2.71787,53.44029],[-2.71841,53.44201],[-2.72111,53.44274]]]},"properties":{"h3":"891951ab1d3ffff","c":1,"f":0,"cs":2.6,"fs":0.0,"score":1.0,"pct":75,"price":125000,"n":55,"outcode":"WA9","apprec":1.82,"value":0.562}},{"type":"Feature","geometry":{"type":"Polygon","coordinates":[[[-2.71787,53.44029],[-2.72003,53.43928],[-2.71949,53.43756],[-2.71678,53.43684],[-2.71462,53.43784],[-2.71516,53.43956],[-2.71787,53.44029]]]},"properties":{"h3":"891951ab1d7ffff","c":1,"f":0,"cs":2.3,"fs":0.0,"score":1.0,"pct":75,"price":150000,"n":85,"outcode":"WA9","apprec":1.82,"value":0.392}},{"type":"Feature","geometry":{"type":"Polygon","coordinates":[[[-2.76655,53.43749],[-2.76871,53.43649],[-2.76817,53.43476],[-2.76546,53.43404],[-2.7633,53.43505],[-2.76384,53.43677],[-2.76655,53.43749]]]},"properties":{"h3":"891951ab227ffff","c":0,"f":0,"cs":1.6,"fs":0.0,"score":1.0,"pct":75,"price":140000,"n":94,"outcode":"WA10","apprec":1.7,"value":0.457}},{"type":"Feature","geometry":{"type":"Polygon","coordinates":[[[-2.76493,53.44022],[-2.76709,53.43922],[-2.76655,53.43749],[-2.76384,53.43677],[-2.76168,53.43777],[-2.76222,53.4395],[-2.76493,53.44022]]]},"properties":{"h3":"891951ab237ffff","c":0,"f":0,"cs":2.2,"fs":0.0,"score":1.0,"pct":75,"price":150000,"n":103,"outcode":"WA10","apprec":1.7,"value":0.392}},{"type":"Feature","geometry":{"type":"Polygon","coordinates":[[[-2.76169,53.44568],[-2.76385,53.44468],[-2.76331,53.44295],[-2.7606,53.44223],[-2.75844,53.44323],[-2.75898,53.44496],[-2.76169,53.44568]]]},"properties":{"h3":"891951ab2a3ffff","c":1,"f":0,"cs":2.2,"fs":0.0,"score":1.0,"pct":75,"price":135000,"n":133,"outcode":"WA10","apprec":1.7,"value":0.491}},{"type":"Feature","geometry":{"type":"Polygon","coordinates":[[[-2.75844,53.44323],[-2.7606,53.44223],[-2.76006,53.4405],[-2.75735,53.43978],[-2.75519,53.44078],[-2.75573,53.44251],[-2.75844,53.44323]]]},"properties":{"h3":"891951ab2a7ffff","c":0,"f":0,"cs":2.0,"fs":0.0,"score":1.0,"pct":75,"price":130000,"n":133,"outcode":"WA10","apprec":1.7,"value":0.528}},{"type":"Feature","geometry":{"type":"Polygon","coordinates":[[[-2.76655,53.4454],[-2.76872,53.4444],[-2.76818,53.44267],[-2.76547,53.44195],[-2.76331,53.44295],[-2.76385,53.44468],[-2.76655,53.4454]]]},"properties":{"h3":"891951ab2abffff","c":0,"f":0,"cs":1.8,"fs":0.0,"score":1.0,"pct":75,"price":162500,"n":74,"outcode":"WA10","apprec":1.7,"value":0.302}},{"type":"Feature","geometry":{"type":"Polygon","coordinates":[[[-2.76331,53.44295],[-2.76547,53.44195],[-2.76493,53.44022],[-2.76222,53.4395],[-2.76006,53.4405],[-2.7606,53.44223],[-2.76331,53.44295]]]},"properties":{"h3":"891951ab2afffff","c":2,"f":0,"cs":2.7,"fs":0.0,"score":1.0,"pct":75,"price":138750,"n":144,"outcode":"WA10","apprec":1.7,"value":0.472}},{"type":"Feature","geometry":{"type":"Polygon","coordinates":[[[-2.7633,53.43505],[-2.76546,53.43404],[-2.76492,53.43232],[-2.76221,53.43159],[-2.76005,53.4326],[-2.76059,53.43432],[-2.7633,53.43505]]]},"properties":{"h3":"891951ab353ffff","c":1,"f":0,"cs":2.2,"fs":0.0,"score":1.0,"pct":75,"price":142250,"n":148,"outcode":"WA9","apprec":1.82,"value":0.436}},{"type":"Feature","geometry":{"type":"Polygon","coordinates":[[[-2.75681,53.43805],[-2.75897,53.43705],[-2.75843,53.43533],[-2.75573,53.4346],[-2.75356,53.43561],[-2.7541,53.43733],[-2.75681,53.43805]]]},"properties":{"h3":"891951ab3c3ffff","c":0,"f":0,"cs":1.6,"fs":0.0,"score":1.0,"pct":75,"price":130000,"n":95,"outcode":"WA9","apprec":1.82,"value":0.528}},{"type":"Feature","geometry":{"type":"Polygon","coordinates":[[[-2.76168,53.43777],[-2.76384,53.43677],[-2.7633,53.43505],[-2.76059,53.43432],[-2.75843,53.43533],[-2.75897,53.43705],[-2.76168,53.43777]]]},"properties":{"h3":"891951ab3cbffff","c":1,"f":0,"cs":2.5,"fs":0.0,"score":1.0,"pct":75,"price":132500,"n":117,"outcode":"WA9","apprec":1.82,"value":0.506}},{"type":"Feature","geometry":{"type":"Polygon","coordinates":[[[-2.75843,53.43533],[-2.76059,53.43432],[-2.76005,53.4326],[-2.75735,53.43187],[-2.75518,53.43288],[-2.75573,53.4346],[-2.75843,53.43533]]]},"properties":{"h3":"891951ab3cfffff","c":1,"f":0,"cs":2.2,"fs":0.0,"score":1.0,"pct":75,"price":130375,"n":144,"outcode":"WA9","apprec":1.82,"value":0.518}},{"type":"Feature","geometry":{"type":"Polygon","coordinates":[[[-2.76006,53.4405],[-2.76222,53.4395],[-2.76168,53.43777],[-2.75897,53.43705],[-2.75681,53.43805],[-2.75735,53.43978],[-2.76006,53.4405]]]},"properties":{"h3":"891951ab3dbffff","c":0,"f":0,"cs":2.2,"fs":0.0,"score":1.0,"pct":75,"price":130000,"n":129,"outcode":"WA10","apprec":1.7,"value":0.528}},{"type":"Feature","geometry":{"type":"Polygon","coordinates":[[[-2.72598,53.45827],[-2.72815,53.45726],[-2.72761,53.45554],[-2.7249,53.45482],[-2.72274,53.45582],[-2.72328,53.45754],[-2.72598,53.45827]]]},"properties":{"h3":"891951ab42fffff","c":0,"f":0,"cs":1.8,"fs":0.1,"score":0.862,"pct":36,"price":92500,"n":71,"outcode":"WA10","apprec":1.7,"value":0.327}},{"type":"Feature","geometry":{"type":"Polygon","coordinates":[[[-2.7341,53.46044],[-2.73626,53.45943],[-2.73572,53.45771],[-2.73302,53.45699],[-2.73085,53.45799],[-2.7314,53.45971],[-2.7341,53.46044]]]},"properties":{"h3":"891951ab467ffff","c":0,"f":0,"cs":2.8,"fs":0.4,"score":0.744,"pct":25,"price":98900,"n":93,"outcode":"WA10","apprec":1.7,"value":0.178}},{"type":"Feature","geometry":{"type":"Polygon","coordinates":[[[-2.74222,53.46261],[-2.74438,53.4616],[-2.74384,53.45988],[-2.74113,53.45916],[-2.73897,53.46016],[-2.73951,53.46188],[-2.74222,53.46261]]]},"properties":{"h3":"891951ab46bffff","c":0,"f":0,"cs":1.4,"fs":0.3,"score":0.68,"pct":20,"price":135000,"n":59,"outcode":"WA10","apprec":1.7,"value":-0.062}},{"type":"Feature","geometry":{"type":"Polygon","coordinates":[[[-2.73897,53.46016],[-2.74113,53.45916],[-2.74059,53.45743],[-2.73789,53.45671],[-2.73572,53.45771],[-2.73626,53.45943],[-2.73897,53.46016]]]},"properties":{"h3":"891951ab46fffff","c":0,"f":0,"cs":5.3,"fs":1.8,"score":0.505,"pct":10,"price":115000,"n":90,"outcode":"WA10","apprec":1.7,"value":-0.04}},{"type":"Feature","geometry":{"type":"Polygon","coordinates":[[[-2.71949,53.45337],[-2.72165,53.45237],[-2.72111,53.45064],[-2.71841,53.44992],[-2.71625,53.45092],[-2.71679,53.45264],[-2.71949,53.45337]]]},"properties":{"h3":"891951ab543ffff","c":0,"f":0,"cs":2.5,"fs":0.1,"score":0.897,"pct":40,"price":85050,"n":38,"outcode":"WA9","apprec":1.82,"value":0.393}},{"type":"Feature","geometry":{"type":"Polygon","coordinates":[[[-2.72436,53.45309],[-2.72652,53.45209],[-2.72598,53.45036],[-2.72328,53.44964],[-2.72111,53.45064],[-2.72165,53.45237],[-2.72436,53.45309]]]},"properties":{"h3":"891951ab54bffff","c":2,"f":0,"cs":5.6,"fs":0.6,"score":0.804,"pct":29,"price":81000,"n":33,"outcode":"WA9","apprec":1.82,"value":0.282}},{"type":"Feature","geometry":{"type":"Polygon","coordinates":[[[-2.72111,53.45064],[-2.72328,53.44964],[-2.72274,53.44791],[-2.72003,53.44719],[-2.71787,53.44819],[-2.71841,53.44992],[-2.72111,53.45064]]]},"properties":{"h3":"891951ab54fffff","c":0,"f":0,"cs":3.9,"fs":0.1,"score":0.933,"pct":46,"price":85000,"n":17,"outcode":"WA9","apprec":1.82,"value":0.449}},{"type":"Feature","geometry":{"type":"Polygon","coordinates":[[[-2.72274,53.45582],[-2.7249,53.45482],[-2.72436,53.45309],[-2.72165,53.45237],[-2.71949,53.45337],[-2.72003,53.45509],[-2.72274,53.45582]]]},"properties":{"h3":"891951ab55bffff","c":1,"f":0,"cs":3.3,"fs":0.1,"score":0.921,"pct":44,"price":85000,"n":45,"outcode":"WA9","apprec":1.82,"value":0.436}},{"type":"Feature","geometry":{"type":"Polygon","coordinates":[[[-2.71462,53.44574],[-2.71679,53.44474],[-2.71624,53.44301],[-2.71354,53.44229],[-2.71138,53.44329],[-2.71192,53.44502],[-2.71462,53.44574]]]},"properties":{"h3":"891951ab563ffff","c":0,"f":0,"cs":1.8,"fs":0.0,"score":1.0,"pct":75,"price":219995,"n":97,"outcode":"WA9","apprec":1.82,"value":0.058}},{"type":"Feature","geometry":{"type":"Polygon","coordinates":[[[-2.71138,53.44329],[-2.71354,53.44229],[-2.713,53.44057],[-2.7103,53.43984],[-2.70813,53.44084],[-2.70867,53.44257],[-2.71138,53.44329]]]},"properties":{"h3":"891951ab567ffff","c":0,"f":0,"cs":1.8,"fs":0.0,"score":1.0,"pct":75,"price":233997,"n":188,"outcode":"WA9","apprec":1.82,"value":-0.006}},{"type":"Feature","geometry":{"type":"Polygon","coordinates":[[[-2.71949,53.44546],[-2.72165,53.44446],[-2.72111,53.44274],[-2.71841,53.44201],[-2.71624,53.44301],[-2.71679,53.44474],[-2.71949,53.44546]]]},"properties":{"h3":"891951ab56bffff","c":0,"f":0,"cs":3.0,"fs":0.0,"score":1.0,"pct":75,"price":117500,"n":31,"outcode":"WA9","apprec":1.82,"value":0.607}},{"type":"Feature","geometry":{"type":"Polygon","coordinates":[[[-2.71624,53.44301],[-2.71841,53.44201],[-2.71787,53.44029],[-2.71516,53.43956],[-2.713,53.44057],[-2.71354,53.44229],[-2.71624,53.44301]]]},"properties":{"h3":"891951ab56fffff","c":1,"f":0,"cs":2.6,"fs":0.0,"score":1.0,"pct":75,"price":219995,"n":98,"outcode":"WA9","apprec":1.82,"value":0.058}},{"type":"Feature","geometry":{"type":"Polygon","coordinates":[[[-2.71787,53.44819],[-2.72003,53.44719],[-2.71949,53.44546],[-2.71679,53.44474],[-2.71462,53.44574],[-2.71516,53.44747],[-2.71787,53.44819]]]},"properties":{"h3":"891951ab57bffff","c":1,"f":0,"cs":2.6,"fs":0.0,"score":1.0,"pct":75,"price":111000,"n":35,"outcode":"WA9","apprec":1.82,"value":0.635}},{"type":"Feature","geometry":{"type":"Polygon","coordinates":[[[-2.7552,53.45659],[-2.75737,53.45559],[-2.75682,53.45386],[-2.75412,53.45314],[-2.75195,53.45414],[-2.7525,53.45587],[-2.7552,53.45659]]]},"properties":{"h3":"891951ab627ffff","c":0,"f":0,"cs":2.7,"fs":0.0,"score":1.0,"pct":75,"price":115125,"n":184,"outcode":"WA10","apprec":1.7,"value":0.615}},{"type":"Feature","geometry":{"type":"Polygon","coordinates":[[[-2.76007,53.45631],[-2.76224,53.45531],[-2.76169,53.45358],[-2.75899,53.45286],[-2.75682,53.45386],[-2.75737,53.45559],[-2.76007,53.45631]]]},"properties":{"h3":"891951ab62fffff","c":1,"f":0,"cs":1.5,"fs":0.0,"score":1.0,"pct":75,"price":135500,"n":214,"outcode":"WA10","apprec":1.7,"value":0.484}},{"type":"Feature","geometry":{"type":"Polygon","coordinates":[[[-2.75358,53.45932],[-2.75574,53.45832],[-2.7552,53.45659],[-2.7525,53.45587],[-2.75033,53.45687],[-2.75087,53.4586],[-2.75358,53.45932]]]},"properties":{"h3":"891951ab637ffff","c":1,"f":0,"cs":1.7,"fs":0.0,"score":1.0,"pct":75,"price":131000,"n":161,"outcode":"WA10","apprec":1.7,"value":0.516}},{"type":"Feature","geometry":{"type":"Polygon","coordinates":[[[-2.77144,53.46093],[-2.77361,53.45993],[-2.77306,53.4582],[-2.77036,53.45748],[-2.76819,53.45848],[-2.76873,53.46021],[-2.77144,53.46093]]]},"properties":{"h3":"891951ab663ffff","c":1,"f":0,"cs":1.6,"fs":0.0,"score":1.0,"pct":75,"price":253000,"n":117,"outcode":"WA10","apprec":1.7,"value":-0.075}},{"type":"Feature","geometry":{"type":"Polygon","coordinates":[[[-2.77469,53.46338],[-2.77686,53.46237],[-2.77631,53.46065],[-2.77361,53.45993],[-2.77144,53.46093],[-2.77198,53.46266],[-2.77469,53.46338]]]},"properties":{"h3":"891951ab67bffff","c":1,"f":0,"cs":1.6,"fs":0.0,"score":1.0,"pct":75,"price":249500,"n":138,"outcode":"WA10","apprec":1.7,"value":-0.056}},{"type":"Feature","geometry":{"type":"Polygon","coordinates":[[[-2.74709,53.46233],[-2.74925,53.46133],[-2.74871,53.4596],[-2.746,53.45888],[-2.74384,53.45988],[-2.74438,53.4616],[-2.74709,53.46233]]]},"properties":{"h3":"891951ab6a7ffff","c":0,"f":0,"cs":1.4,"fs":0.3,"score":0.68,"pct":20,"price":152000,"n":99,"outcode":"WA10","apprec":1.7,"value":-0.179}},{"type":"Feature","geometry":{"type":"Polygon","coordinates":[[[-2.76496,53.47184],[-2.76712,53.47084],[-2.76658,53.46911],[-2.76387,53.46839],[-2.76171,53.46939],[-2.76225,53.47112],[-2.76496,53.47184]]]},"properties":{"h3":"891951ab6c7ffff","c":2,"f":0,"cs":2.0,"fs":0.0,"score":1.0,"pct":75,"price":297500,"n":20,"outcode":"WA10","apprec":1.7,"value":-0.162}},{"type":"Feature","geometry":{"type":"Polygon","coordinates":[[[-2.60431,53.45726],[-2.60647,53.45626],[-2.60594,53.45453],[-2.60323,53.45381],[-2.60107,53.45481],[-2.60161,53.45653],[-2.60431,53.45726]]]},"properties":{"h3":"891951b8b03ffff","c":0,"f":0,"cs":1.8,"fs":0.0,"score":1.0,"pct":75,"price":275000,"n":10,"outcode":"WA12","apprec":2.05,"value":-0.128}},{"type":"Feature","geometry":{"type":"Polygon","coordinates":[[[-2.60107,53.45481],[-2.60323,53.45381],[-2.6027,53.45208],[-2.6,53.45136],[-2.59783,53.45235],[-2.59837,53.45408],[-2.60107,53.45481]]]},"properties":{"h3":"891951b8b07ffff","c":0,"f":0,"cs":1.8,"fs":0.0,"score":1.0,"pct":75,"n":0}},{"type":"Feature","geometry":{"type":"Polygon","coordinates":[[[-2.59944,53.45753],[-2.60161,53.45653],[-2.60107,53.45481],[-2.59837,53.45408],[-2.5962,53.45508],[-2.59674,53.4568],[-2.59944,53.45753]]]},"properties":{"h3":"891951b8b17ffff","c":2,"f":0,"cs":2.1,"fs":0.0,"score":1.0,"pct":75,"n":5}},{"type":"Feature","geometry":{"type":"Polygon","coordinates":[[[-2.61728,53.45916],[-2.61944,53.45816],[-2.6189,53.45644],[-2.6162,53.45571],[-2.61404,53.45671],[-2.61458,53.45844],[-2.61728,53.45916]]]},"properties":{"h3":"891951b8b43ffff","c":1,"f":1,"cs":4.2,"fs":1.0,"score":0.613,"pct":15,"price":260000,"n":101,"outcode":"WA12","apprec":2.05,"value":-0.695}},{"type":"Feature","geometry":{"type":"Polygon","coordinates":[[[-2.61404,53.45671],[-2.6162,53.45571],[-2.61567,53.45399],[-2.61296,53.45326],[-2.6108,53.45426],[-2.61134,53.45598],[-2.61404,53.45671]]]},"properties":{"h3":"891951b8b47ffff","c":0,"f":0,"cs":2.0,"fs":0.6,"score":0.539,"pct":12,"price":280000,"n":81,"outcode":"WA12","apprec":2.05,"value":-0.779}},{"type":"Feature","geometry":{"type":"Polygon","coordinates":[[[-2.62214,53.45889],[-2.62431,53.45789],[-2.62377,53.45616],[-2.62107,53.45544],[-2.6189,53.45644],[-2.61944,53.45816],[-2.62214,53.45889]]]},"properties":{"h3":"891951b8b4bffff","c":5,"f":0,"cs":5.7,"fs":0.6,"score":0.809,"pct":29,"price":238000,"n":114,"outcode":"WA12","apprec":2.05,"value":-0.482}},{"type":"Feature","geometry":{"type":"Polygon","coordinates":[[[-2.6189,53.45644],[-2.62107,53.45544],[-2.62053,53.45371],[-2.61783,53.45299],[-2.61567,53.45399],[-2.6162,53.45571],[-2.6189,53.45644]]]},"properties":{"h3":"891951b8b4fffff","c":0,"f":0,"cs":4.2,"fs":0.7,"score":0.703,"pct":22,"price":226000,"n":137,"outcode":"WA12","apprec":2.05,"value":-0.517}},{"type":"Feature","geometry":{"type":"Polygon","coordinates":[[[-2.61565,53.46189],[-2.61782,53.46089],[-2.61728,53.45916],[-2.61458,53.45844],[-2.61241,53.45943],[-2.61295,53.46116],[-2.61565,53.46189]]]},"properties":{"h3":"891951b8b53ffff","c":0,"f":0,"cs":1.3,"fs":0.6,"score":0.358,"pct":5,"price":379750,"n":23,"outcode":"WA12","apprec":2.05,"value":-0.931}},{"type":"Feature","geometry":{"type":"Polygon","coordinates":[[[-2.61241,53.45943],[-2.61458,53.45844],[-2.61404,53.45671],[-2.61134,53.45598],[-2.60917,53.45698],[-2.60971,53.45871],[-2.61241,53.45943]]]},"properties":{"h3":"891951b8b57ffff","c":0,"f":0,"cs":1.6,"fs":0.6,"score":0.439,"pct":7,"price":292500,"n":38,"outcode":"WA12","apprec":2.05,"value":-0.84}},{"type":"Feature","geometry":{"type":"Polygon","coordinates":[[[-2.62052,53.46161],[-2.62268,53.46061],[-2.62214,53.45889],[-2.61944,53.45816],[-2.61728,53.45916],[-2.61782,53.46089],[-2.62052,53.46161]]]},"properties":{"h3":"891951b8b5bffff","c":0,"f":0,"cs":3.6,"fs":0.6,"score":0.714,"pct":23,"price":226500,"n":80,"outcode":"WA12","apprec":2.05,"value":-0.513}},{"type":"Feature","geometry":{"type":"Polygon","coordinates":[[[-2.61567,53.45399],[-2.61783,53.45299],[-2.61729,53.45126],[-2.61459,53.45053],[-2.61243,53.45153],[-2.61296,53.45326],[-2.61567,53.45399]]]},"properties":{"h3":"891951b8b7bffff","c":1,"f":0,"cs":1.9,"fs":0.3,"score":0.756,"pct":26,"price":261500,"n":101,"outcode":"WA12","apprec":2.05,"value":-0.593}},{"type":"Feature","geometry":{"type":"Polygon","coordinates":[[[-2.67403,53.49019],[-2.6762,53.48919],[-2.67566,53.48746],[-2.67295,53.48674],[-2.67079,53.48774],[-2.67133,53.48947],[-2.67403,53.49019]]]},"properties":{"h3":"891951b98bbffff","c":2,"f":0,"cs":2.0,"fs":0.0,"score":1.0,"pct":75,"price":181000,"n":65,"outcode":"WN4","value":0.199}},{"type":"Feature","geometry":{"type":"Polygon","coordinates":[[[-2.66106,53.47249],[-2.66323,53.47149],[-2.66269,53.46977],[-2.65998,53.46904],[-2.65782,53.47004],[-2.65836,53.47177],[-2.66106,53.47249]]]},"properties":{"h3":"891951b9903ffff","c":0,"f":0,"cs":2.1,"fs":0.0,"score":1.0,"pct":75,"price":149000,"n":110,"outcode":"WA11","apprec":1.68,"value":0.404}},{"type":"Feature","geometry":{"type":"Polygon","coordinates":[[[-2.66593,53.47222],[-2.6681,53.47122],[-2.66756,53.46949],[-2.66485,53.46877],[-2.66269,53.46977],[-2.66323,53.47149],[-2.66593,53.47222]]]},"properties":{"h3":"891951b990bffff","c":0,"f":0,"cs":2.1,"fs":0.0,"score":1.0,"pct":75,"price":160000,"n":84,"outcode":"WA11","apprec":1.68,"value":0.32}},{"type":"Feature","geometry":{"type":"Polygon","coordinates":[[[-2.65944,53.47522],[-2.6616,53.47422],[-2.66106,53.47249],[-2.65836,53.47177],[-2.65619,53.47277],[-2.65673,53.47449],[-2.65944,53.47522]]]},"properties":{"h3":"891951b9913ffff","c":1,"f":0,"cs":2.3,"fs":0.0,"score":1.0,"pct":75,"price":162500,"n":53,"outcode":"WA11","apprec":1.68,"value":0.302}},{"type":"Feature","geometry":{"type":"Polygon","coordinates":[[[-2.66431,53.47494],[-2.66647,53.47394],[-2.66593,53.47222],[-2.66323,53.47149],[-2.66106,53.47249],[-2.6616,53.47422],[-2.66431,53.47494]]]},"properties":{"h3":"891951b991bffff","c":2,"f":0,"cs":3.2,"fs":0.0,"score":1.0,"pct":75,"price":179500,"n":48,"outcode":"WA11","apprec":1.68,"value":0.22}},{"type":"Feature","geometry":{"type":"Polygon","coordinates":[[[-2.66917,53.47467],[-2.67134,53.47367],[-2.6708,53.47194],[-2.6681,53.47122],[-2.66593,53.47222],[-2.66647,53.47394],[-2.66917,53.47467]]]},"properties":{"h3":"891951b9957ffff","c":1,"f":0,"cs":2.3,"fs":0.0,"score":1.0,"pct":75,"price":220000,"n":59,"outcode":"WA11","apprec":1.68,"value":0.051}},{"type":"Feature","geometry":{"type":"Polygon","coordinates":[[[-2.66268,53.47767],[-2.66485,53.47667],[-2.66431,53.47494],[-2.6616,53.47422],[-2.65944,53.47522],[-2.65998,53.47694],[-2.66268,53.47767]]]},"properties":{"h3":"891951b99c7ffff","c":0,"f":0,"cs":2.0,"fs":0.0,"score":1.0,"pct":75,"price":193000,"n":9,"outcode":"WA11","apprec":1.68,"value":0.146}},{"type":"Feature","geometry":{"type":"Polygon","coordinates":[[[-2.66755,53.47739],[-2.66971,53.47639],[-2.66917,53.47467],[-2.66647,53.47394],[-2.66431,53.47494],[-2.66485,53.47667],[-2.66755,53.47739]]]},"properties":{"h3":"891951b99cfffff","c":0,"f":0,"cs":2.0,"fs":0.0,"score":1.0,"pct":75,"price":200000,"n":11,"outcode":"WA11","apprec":1.68,"value":0.121}},{"type":"Feature","geometry":{"type":"Polygon","coordinates":[[[-2.713,53.49588],[-2.71517,53.49488],[-2.71463,53.49315],[-2.71192,53.49243],[-2.70975,53.49343],[-2.71029,53.49516],[-2.713,53.49588]]]},"properties":{"h3":"891951b9a9bffff","c":2,"f":0,"cs":2.0,"fs":0.0,"score":1.0,"pct":75,"price":245000,"n":91,"outcode":"WN5","apprec":1.62,"value":-0.043}},{"type":"Feature","geometry":{"type":"Polygon","coordinates":[[[-2.70326,53.46483],[-2.70543,53.46383],[-2.70489,53.4621],[-2.70218,53.46138],[-2.70002,53.46238],[-2.70056,53.46411],[-2.70326,53.46483]]]},"properties":{"h3":"891951b9b63ffff","c":1,"f":0,"cs":1.3,"fs":0.6,"score":0.354,"pct":4,"price":165000,"n":57,"outcode":"WA11","apprec":1.68,"value":-0.423}},{"type":"Feature","geometry":{"type":"Polygon","coordinates":[[[-2.70813,53.46455],[-2.71029,53.46355],[-2.70975,53.46183],[-2.70705,53.4611],[-2.70489,53.4621],[-2.70543,53.46383],[-2.70813,53.46455]]]},"properties":{"h3":"891951b9b6bffff","c":0,"f":1,"cs":0.9,"fs":1.0,"score":-0.065,"pct":0,"price":144000,"n":71,"outcode":"WA11","apprec":1.68,"value":-0.323}},{"type":"Feature","geometry":{"type":"Polygon","coordinates":[[[-2.70489,53.4621],[-2.70705,53.4611],[-2.70651,53.45938],[-2.7038,53.45865],[-2.70164,53.45965],[-2.70218,53.46138],[-2.70489,53.4621]]]},"properties":{"h3":"891951b9b6fffff","c":0,"f":0,"cs":1.2,"fs":0.6,"score":0.333,"pct":4,"price":142000,"n":49,"outcode":"WA11","apprec":1.68,"value":-0.278}}]}