{"type":"FeatureCollection","features":[{"type":"Feature","geometry":{"type":"Point","coordinates":[-2.98014,53.40409]},"properties":{"k":"c"}},{"type":"Feature","geometry":{"type":"Point","coordinates":[-2.96543,53.40054]},"properties":{"k":"c"}},{"type":"Feature","geometry":{"type":"Point","coordinates":[-2.91752,53.45661]},"properties":{"k":"c"}},{"type":"Feature","geometry":{"type":"Point","coordinates":[-2.99028,53.44959]},"properties":{"k":"c"}},{"type":"Feature","geometry":{"type":"Point","coordinates":[-2.993,53.40822]},"properties":{"k":"c"}},{"type":"Feature","geometry":{"type":"Point","coordinates":[-2.73413,53.45169]},"properties":{"k":"c"}},{"type":"Feature","geometry":{"type":"Point","coordinates":[-3.09966,53.32881]},"properties":{"k":"c"}},{"type":"Feature","geometry":{"type":"Point","coordinates":[-2.80387,53.42633]},"properties":{"k":"c"}},{"type":"Feature","geometry":{"type":"Point","coordinates":[-3.06153,53.55668]},"properties":{"k":"c"}},{"type":"Feature","geometry":{"type":"Point","coordinates":[-2.91311,53.41328]},"properties":{"k":"c"}},{"type":"Feature","geometry":{"type":"Point","coordinates":[-2.87243,53.39152]},"properties":{"k":"c"}},{"type":"Feature","geometry":{"type":"Point","coordinates":[-2.96536,53.41068]},"properties":{"k":"c"}},{"type":"Feature","geometry":{"type":"Point","coordinates":[-2.66543,53.46513]},"properties":{"k":"c"}},{"type":"Feature","geometry":{"type":"Point","coordinates":[-2.98649,53.40347]},"properties":{"k":"c"}},{"type":"Feature","geometry":{"type":"Point","coordinates":[-2.98961,53.40535]},"properties":{"k":"c"}},{"type":"Feature","geometry":{"type":"Point","coordinates":[-3.0434,53.41945]},"properties":{"k":"c"}},{"type":"Feature","geometry":{"type":"Point","coordinates":[-3.04532,53.4401]},"properties":{"k":"c"}},{"type":"Feature","geometry":{"type":"Point","coordinates":[-2.98627,53.40523]},"properties":{"k":"c"}},{"type":"Feature","geometry":{"type":"Point","coordinates":[-2.7657,53.46909]},"properties":{"k":"c"}},{"type":"Feature","geometry":{"type":"Point","coordinates":[-2.97903,53.33975]},"properties":{"k":"c"}},{"type":"Feature","geometry":{"type":"Point","coordinates":[-2.86202,53.34863]},"properties":{"k":"c"}},{"type":"Feature","geometry":{"type":"Point","coordinates":[-2.94254,53.51652]},"properties":{"k":"c"}},{"type":"Feature","geometry":{"type":"Point","coordinates":[-3.04747,53.44048]},"properties":{"k":"c"}},{"type":"Feature","geometry":{"type":"Point","coordinates":[-3.025,53.39]},"properties":{"k":"c"}},{"type":"Feature","geometry":{"type":"Point","coordinates":[-2.91138,53.51477]},"properties":{"k":"c"}},{"type":"Feature","geometry":{"type":"Point","coordinates":[-2.7528,53.45]},"properties":{"k":"c"}},{"type":"Feature","geometry":{"type":"Point","coordinates":[-2.9734,53.38099]},"properties":{"k":"c"}},{"type":"Feature","geometry":{"type":"Point","coordinates":[-3.01376,53.63404]},"properties":{"k":"c"}},{"type":"Feature","geometry":{"type":"Point","coordinates":[-2.96763,53.40079]},"properties":{"k":"c"}},{"type":"Feature","geometry":{"type":"Point","coordinates":[-3.02476,53.38949]},"properties":{"k":"c"}},{"type":"Feature","geometry":{"type":"Point","coordinates":[-2.98423,53.40381]},"properties":{"k":"c"}},{"type":"Feature","geometry":{"type":"Point","coordinates":[-2.73205,53.44458]},"properties":{"k":"c"}},{"type":"Feature","geometry":{"type":"Point","coordinates":[-2.9614,53.30577]},"properties":{"k":"c"}},{"type":"Feature","geometry":{"type":"Point","coordinates":[-3.01502,53.64632]},"properties":{"k":"c"}},{"type":"Feature","geometry":{"type":"Point","coordinates":[-2.92367,53.41007]},"properties":{"k":"c"}},{"type":"Feature","geometry":{"type":"Point","coordinates":[-2.81187,53.39835]},"properties":{"k":"c"}},{"type":"Feature","geometry":{"type":"Point","coordinates":[-2.78505,53.42129]},"properties":{"k":"c"}},{"type":"Feature","geometry":{"type":"Point","coordinates":[-2.99092,53.40606]},"properties":{"k":"c"}},{"type":"Feature","geometry":{"type":"Point","coordinates":[-2.99405,53.40929]},"properties":{"k":"c"}},{"type":"Feature","geometry":{"type":"Point","coordinates":[-2.98045,53.40501]},"properties":{"k":"c"}},{"type":"Feature","geometry":{"type":"Point","coordinates":[-3.06132,53.55697]},"properties":{"k":"c"}},{"type":"Feature","geometry":{"type":"Point","coordinates":[-2.87897,53.35161]},"properties":{"k":"c"}},{"type":"Feature","geometry":{"type":"Point","coordinates":[-2.96225,53.4831]},"properties":{"k":"c"}},{"type":"Feature","geometry":{"type":"Point","coordinates":[-2.9086,53.38139]},"properties":{"k":"c"}},{"type":"Feature","geometry":{"type":"Point","coordinates":[-2.9852,53.40381]},"properties":{"k":"c"}},{"type":"Feature","geometry":{"type":"Point","coordinates":[-2.93295,53.42467]},"properties":{"k":"c"}},{"type":"Feature","geometry":{"type":"Point","coordinates":[-2.73759,53.45272]},"properties":{"k":"c"}},{"type":"Feature","geometry":{"type":"Point","coordinates":[-3.04338,53.55372]},"properties":{"k":"c"}},{"type":"Feature","geometry":{"type":"Point","coordinates":[-2.93993,53.44222]},"properties":{"k":"c"}},{"type":"Feature","geometry":{"type":"Point","coordinates":[-2.73332,53.44496]},"properties":{"k":"c"}},{"type":"Feature","geometry":{"type":"Point","coordinates":[-2.98767,53.40538]},"properties":{"k":"f"}},{"type":"Feature","geometry":{"type":"Point","coordinates":[-2.82632,53.42853]},"properties":{"k":"c"}},{"type":"Feature","geometry":{"type":"Point","coordinates":[-2.98059,53.4043]},"properties":{"k":"c"}},{"type":"Feature","geometry":{"type":"Point","coordinates":[-2.98062,53.40569]},"properties":{"k":"c"}},{"type":"Feature","geometry":{"type":"Point","coordinates":[-3.01937,53.33362]},"properties":{"k":"c"}},{"type":"Feature","geometry":{"type":"Point","coordinates":[-2.8777,53.35181]},"properties":{"k":"f"}},{"type":"Feature","geometry":{"type":"Point","coordinates":[-2.90718,53.38525]},"properties":{"k":"c"}},{"type":"Feature","geometry":{"type":"Point","coordinates":[-2.98672,53.40501]},"properties":{"k":"c"}},{"type":"Feature","geometry":{"type":"Point","coordinates":[-2.85488,53.33753]},"properties":{"k":"c"}},{"type":"Feature","geometry":{"type":"Point","coordinates":[-2.88748,53.4819]},"properties":{"k":"c"}},{"type":"Feature","geometry":{"type":"Point","coordinates":[-2.91776,53.42596]},"properties":{"k":"c"}},{"type":"Feature","geometry":{"type":"Point","coordinates":[-3.00595,53.6464]},"properties":{"k":"c"}},{"type":"Feature","geometry":{"type":"Point","coordinates":[-3.00321,53.64978]},"properties":{"k":"c"}},{"type":"Feature","geometry":{"type":"Point","coordinates":[-2.96441,53.40581]},"properties":{"k":"c"}},{"type":"Feature","geometry":{"type":"Point","coordinates":[-3.00594,53.64611]},"properties":{"k":"f"}},{"type":"Feature","geometry":{"type":"Point","coordinates":[-2.96514,53.48757]},"properties":{"k":"c"}},{"type":"Feature","geometry":{"type":"Point","coordinates":[-2.88948,53.3576]},"properties":{"k":"c"}},{"type":"Feature","geometry":{"type":"Point","coordinates":[-3.03162,53.52729]},"properties":{"k":"c"}},{"type":"Feature","geometry":{"type":"Point","coordinates":[-2.74003,53.45553]},"properties":{"k":"f"}},{"type":"Feature","geometry":{"type":"Point","coordinates":[-2.88042,53.34952]},"properties":{"k":"c"}},{"type":"Feature","geometry":{"type":"Point","coordinates":[-2.8538,53.46617]},"properties":{"k":"c"}},{"type":"Feature","geometry":{"type":"Point","coordinates":[-2.89587,53.41721]},"properties":{"k":"c"}},{"type":"Feature","geometry":{"type":"Point","coordinates":[-3.05526,53.40077]},"properties":{"k":"f"}},{"type":"Feature","geometry":{"type":"Point","coordinates":[-2.98676,53.40348]},"properties":{"k":"c"}},{"type":"Feature","geometry":{"type":"Point","coordinates":[-2.94419,53.38226]},"properties":{"k":"c"}},{"type":"Feature","geometry":{"type":"Point","coordinates":[-2.98337,53.40782]},"properties":{"k":"f"}},{"type":"Feature","geometry":{"type":"Point","coordinates":[-2.74252,53.45152]},"properties":{"k":"c"}},{"type":"Feature","geometry":{"type":"Point","coordinates":[-2.98648,53.40424]},"properties":{"k":"f"}},{"type":"Feature","geometry":{"type":"Point","coordinates":[-3.04513,53.44063]},"properties":{"k":"c"}},{"type":"Feature","geometry":{"type":"Point","coordinates":[-2.92078,53.41038]},"properties":{"k":"f"}},{"type":"Feature","geometry":{"type":"Point","coordinates":[-2.98181,53.42418]},"properties":{"k":"f"}},{"type":"Feature","geometry":{"type":"Point","coordinates":[-2.98665,53.4034]},"properties":{"k":"c"}},{"type":"Feature","geometry":{"type":"Point","coordinates":[-2.98755,53.40326]},"properties":{"k":"c"}},{"type":"Feature","geometry":{"type":"Point","coordinates":[-2.98469,53.40816]},"properties":{"k":"c"}},{"type":"Feature","geometry":{"type":"Point","coordinates":[-2.98395,53.40609]},"properties":{"k":"c"}},{"type":"Feature","geometry":{"type":"Point","coordinates":[-3.00981,53.37655]},"properties":{"k":"f"}},{"type":"Feature","geometry":{"type":"Point","coordinates":[-3.18503,53.3737]},"properties":{"k":"c"}},{"type":"Feature","geometry":{"type":"Point","coordinates":[-2.97768,53.40396]},"properties":{"k":"c"}},{"type":"Feature","geometry":{"type":"Point","coordinates":[-2.96548,53.40067]},"properties":{"k":"f"}},{"type":"Feature","geometry":{"type":"Point","coordinates":[-2.95412,53.47656]},"properties":{"k":"f"}},{"type":"Feature","geometry":{"type":"Point","coordinates":[-3.04657,53.41989]},"properties":{"k":"f"}},{"type":"Feature","geometry":{"type":"Point","coordinates":[-3.02747,53.38289]},"properties":{"k":"c"}},{"type":"Feature","geometry":{"type":"Point","coordinates":[-2.98599,53.34867]},"properties":{"k":"c"}},{"type":"Feature","geometry":{"type":"Point","coordinates":[-2.97068,53.44057]},"properties":{"k":"f"}},{"type":"Feature","geometry":{"type":"Point","coordinates":[-2.97011,53.40204]},"properties":{"k":"f"}},{"type":"Feature","geometry":{"type":"Point","coordinates":[-3.02351,53.47887]},"properties":{"k":"c"}},{"type":"Feature","geometry":{"type":"Point","coordinates":[-2.86476,53.35622]},"properties":{"k":"f"}},{"type":"Feature","geometry":{"type":"Point","coordinates":[-2.89598,53.41807]},"properties":{"k":"c"}},{"type":"Feature","geometry":{"type":"Point","coordinates":[-2.96998,53.40153]},"properties":{"k":"c"}},{"type":"Feature","geometry":{"type":"Point","coordinates":[-2.73981,53.45129]},"properties":{"k":"f"}},{"type":"Feature","geometry":{"type":"Point","coordinates":[-2.88351,53.41993]},"properties":{"k":"f"}},{"type":"Feature","geometry":{"type":"Point","coordinates":[-2.98573,53.40896]},"properties":{"k":"c"}},{"type":"Feature","geometry":{"type":"Point","coordinates":[-2.91228,53.38872]},"properties":{"k":"c"}},{"type":"Feature","geometry":{"type":"Point","coordinates":[-2.97597,53.40197]},"properties":{"k":"c"}},{"type":"Feature","geometry":{"type":"Point","coordinates":[-2.77099,53.46046]},"properties":{"k":"c"}},{"type":"Feature","geometry":{"type":"Point","coordinates":[-2.97724,53.34099]},"properties":{"k":"f"}},{"type":"Feature","geometry":{"type":"Point","coordinates":[-2.97848,53.40807]},"properties":{"k":"c"}},{"type":"Feature","geometry":{"type":"Point","coordinates":[-2.99207,53.39924]},"properties":{"k":"c"}},{"type":"Feature","geometry":{"type":"Point","coordinates":[-3.01952,53.39068]},"properties":{"k":"c"}},{"type":"Feature","geometry":{"type":"Point","coordinates":[-2.98408,53.39604]},"properties":{"k":"f"}},{"type":"Feature","geometry":{"type":"Point","coordinates":[-2.91526,53.45599]},"properties":{"k":"f"}},{"type":"Feature","geometry":{"type":"Point","coordinates":[-2.97967,53.40183]},"properties":{"k":"c"}},{"type":"Feature","geometry":{"type":"Point","coordinates":[-2.72842,53.45102]},"properties":{"k":"f"}},{"type":"Feature","geometry":{"type":"Point","coordinates":[-3.00332,53.64555]},"properties":{"k":"c"}},{"type":"Feature","geometry":{"type":"Point","coordinates":[-2.99934,53.65191]},"properties":{"k":"c"}},{"type":"Feature","geometry":{"type":"Point","coordinates":[-2.74016,53.45351]},"properties":{"k":"f"}},{"type":"Feature","geometry":{"type":"Point","coordinates":[-3.01522,53.65154]},"properties":{"k":"f"}},{"type":"Feature","geometry":{"type":"Point","coordinates":[-2.93467,53.4243]},"properties":{"k":"f"}},{"type":"Feature","geometry":{"type":"Point","coordinates":[-3.02589,53.49243]},"properties":{"k":"c"}},{"type":"Feature","geometry":{"type":"Point","coordinates":[-3.05485,53.5497]},"properties":{"k":"c"}},{"type":"Feature","geometry":{"type":"Point","coordinates":[-3.03194,53.38913]},"properties":{"k":"c"}},{"type":"Feature","geometry":{"type":"Point","coordinates":[-3.11208,53.40115]},"properties":{"k":"c"}},{"type":"Feature","geometry":{"type":"Point","coordinates":[-2.98647,53.40528]},"properties":{"k":"f"}},{"type":"Feature","geometry":{"type":"Point","coordinates":[-2.94441,53.51289]},"properties":{"k":"f"}},{"type":"Feature","geometry":{"type":"Point","coordinates":[-2.89309,53.35342]},"properties":{"k":"f"}},{"type":"Feature","geometry":{"type":"Point","coordinates":[-2.91177,53.41374]},"properties":{"k":"c"}},{"type":"Feature","geometry":{"type":"Point","coordinates":[-3.00147,53.44814]},"properties":{"k":"c"}},{"type":"Feature","geometry":{"type":"Point","coordinates":[-2.66289,53.47244]},"properties":{"k":"c"}},{"type":"Feature","geometry":{"type":"Point","coordinates":[-3.06369,53.55605]},"properties":{"k":"c"}},{"type":"Feature","geometry":{"type":"Point","coordinates":[-3.00517,53.64864]},"properties":{"k":"c"}},{"type":"Feature","geometry":{"type":"Point","coordinates":[-3.11789,53.35271]},"properties":{"k":"c"}},{"type":"Feature","geometry":{"type":"Point","coordinates":[-2.98455,53.40405]},"properties":{"k":"c"}},{"type":"Feature","geometry":{"type":"Point","coordinates":[-2.99895,53.47009]},"properties":{"k":"f"}},{"type":"Feature","geometry":{"type":"Point","coordinates":[-2.97167,53.63183]},"properties":{"k":"c"}},{"type":"Feature","geometry":{"type":"Point","coordinates":[-2.85936,53.34961]},"properties":{"k":"c"}},{"type":"Feature","geometry":{"type":"Point","coordinates":[-3.01311,53.65391]},"properties":{"k":"f"}},{"type":"Feature","geometry":{"type":"Point","coordinates":[-2.9777,53.40501]},"properties":{"k":"f"}},{"type":"Feature","geometry":{"type":"Point","coordinates":[-2.92479,53.39011]},"properties":{"k":"c"}},{"type":"Feature","geometry":{"type":"Point","coordinates":[-2.99307,53.40855]},"properties":{"k":"c"}},{"type":"Feature","geometry":{"type":"Point","coordinates":[-2.99397,53.4001]},"properties":{"k":"c"}},{"type":"Feature","geometry":{"type":"Point","coordinates":[-3.01486,53.63448]},"properties":{"k":"c"}},{"type":"Feature","geometry":{"type":"Point","coordinates":[-3.04754,53.43748]},"properties":{"k":"c"}},{"type":"Feature","geometry":{"type":"Point","coordinates":[-2.86893,53.47669]},"properties":{"k":"c"}},{"type":"Feature","geometry":{"type":"Point","coordinates":[-3.02758,53.49304]},"properties":{"k":"c"}},{"type":"Feature","geometry":{"type":"Point","coordinates":[-2.98594,53.40832]},"properties":{"k":"c"}},{"type":"Feature","geometry":{"type":"Point","coordinates":[-2.71349,53.45693]},"properties":{"k":"c"}},{"type":"Feature","geometry":{"type":"Point","coordinates":[-2.75283,53.45867]},"properties":{"k":"c"}},{"type":"Feature","geometry":{"type":"Point","coordinates":[-2.88634,53.48393]},"properties":{"k":"f"}},{"type":"Feature","geometry":{"type":"Point","coordinates":[-3.03286,53.4861]},"properties":{"k":"c"}},{"type":"Feature","geometry":{"type":"Point","coordinates":[-2.8639,53.3546]},"properties":{"k":"c"}},{"type":"Feature","geometry":{"type":"Point","coordinates":[-2.85932,53.39058]},"properties":{"k":"c"}},{"type":"Feature","geometry":{"type":"Point","coordinates":[-2.99577,53.64545]},"properties":{"k":"c"}},{"type":"Feature","geometry":{"type":"Point","coordinates":[-2.92461,53.38574]},"properties":{"k":"c"}},{"type":"Feature","geometry":{"type":"Point","coordinates":[-2.97588,53.40441]},"properties":{"k":"c"}},{"type":"Feature","geometry":{"type":"Point","coordinates":[-2.80371,53.42923]},"properties":{"k":"c"}},{"type":"Feature","geometry":{"type":"Point","coordinates":[-3.11415,53.38067]},"properties":{"k":"c"}},{"type":"Feature","geometry":{"type":"Point","coordinates":[-2.97642,53.40019]},"properties":{"k":"c"}},{"type":"Feature","geometry":{"type":"Point","coordinates":[-3.00237,53.37418]},"properties":{"k":"c"}},{"type":"Feature","geometry":{"type":"Point","coordinates":[-2.91151,53.38818]},"properties":{"k":"c"}},{"type":"Feature","geometry":{"type":"Point","coordinates":[-3.01364,53.39457]},"properties":{"k":"c"}},{"type":"Feature","geometry":{"type":"Point","coordinates":[-2.97822,53.40257]},"properties":{"k":"c"}},{"type":"Feature","geometry":{"type":"Point","coordinates":[-3.18351,53.37294]},"properties":{"k":"c"}},{"type":"Feature","geometry":{"type":"Point","coordinates":[-2.93903,53.41316]},"properties":{"k":"f"}},{"type":"Feature","geometry":{"type":"Point","coordinates":[-3.18463,53.37181]},"properties":{"k":"c"}},{"type":"Feature","geometry":{"type":"Point","coordinates":[-2.86641,53.358]},"properties":{"k":"c"}},{"type":"Feature","geometry":{"type":"Point","coordinates":[-3.18453,53.37145]},"properties":{"k":"c"}},{"type":"Feature","geometry":{"type":"Point","coordinates":[-3.0275,53.36162]},"properties":{"k":"c"}},{"type":"Feature","geometry":{"type":"Point","coordinates":[-3.04563,53.37373]},"properties":{"k":"c"}},{"type":"Feature","geometry":{"type":"Point","coordinates":[-2.97789,53.39895]},"properties":{"k":"c"}},{"type":"Feature","geometry":{"type":"Point","coordinates":[-2.94868,53.48588]},"properties":{"k":"c"}},{"type":"Feature","geometry":{"type":"Point","coordinates":[-3.11361,53.3877]},"properties":{"k":"c"}},{"type":"Feature","geometry":{"type":"Point","coordinates":[-2.91569,53.38882]},"properties":{"k":"c"}},{"type":"Feature","geometry":{"type":"Point","coordinates":[-2.91457,53.41635]},"properties":{"k":"c"}},{"type":"Feature","geometry":{"type":"Point","coordinates":[-3.00525,53.64815]},"properties":{"k":"c"}},{"type":"Feature","geometry":{"type":"Point","coordinates":[-2.96709,53.4059]},"properties":{"k":"c"}},{"type":"Feature","geometry":{"type":"Point","coordinates":[-2.97686,53.40246]},"properties":{"k":"c"}},{"type":"Feature","geometry":{"type":"Point","coordinates":[-2.71215,53.49361]},"properties":{"k":"c"}},{"type":"Feature","geometry":{"type":"Point","coordinates":[-2.97941,53.38503]},"properties":{"k":"c"}},{"type":"Feature","geometry":{"type":"Point","coordinates":[-2.98075,53.40391]},"properties":{"k":"c"}},{"type":"Feature","geometry":{"type":"Point","coordinates":[-3.09756,53.32798]},"properties":{"k":"c"}},{"type":"Feature","geometry":{"type":"Point","coordinates":[-2.98496,53.3996]},"properties":{"k":"c"}},{"type":"Feature","geometry":{"type":"Point","coordinates":[-3.06478,53.42349]},"properties":{"k":"c"}},{"type":"Feature","geometry":{"type":"Point","coordinates":[-3.18313,53.37264]},"properties":{"k":"c"}},{"type":"Feature","geometry":{"type":"Point","coordinates":[-3.00417,53.35855]},"properties":{"k":"c"}},{"type":"Feature","geometry":{"type":"Point","coordinates":[-2.99954,53.6504]},"properties":{"k":"c"}},{"type":"Feature","geometry":{"type":"Point","coordinates":[-2.99345,53.39923]},"properties":{"k":"c"}},{"type":"Feature","geometry":{"type":"Point","coordinates":[-3.00306,53.64825]},"properties":{"k":"c"}},{"type":"Feature","geometry":{"type":"Point","coordinates":[-2.98774,53.40542]},"properties":{"k":"c"}},{"type":"Feature","geometry":{"type":"Point","coordinates":[-2.99421,53.45166]},"properties":{"k":"c"}},{"type":"Feature","geometry":{"type":"Point","coordinates":[-2.98986,53.44788]},"properties":{"k":"c"}},{"type":"Feature","geometry":{"type":"Point","coordinates":[-3.04815,53.37344]},"properties":{"k":"c"}},{"type":"Feature","geometry":{"type":"Point","coordinates":[-2.98524,53.40152]},"properties":{"k":"c"}},{"type":"Feature","geometry":{"type":"Point","coordinates":[-2.74281,53.46697]},"properties":{"k":"c"}},{"type":"Feature","geometry":{"type":"Point","coordinates":[-2.99339,53.40913]},"properties":{"k":"c"}},{"type":"Feature","geometry":{"type":"Point","coordinates":[-3.18319,53.36871]},"properties":{"k":"c"}},{"type":"Feature","geometry":{"type":"Point","coordinates":[-2.90157,53.40618]},"properties":{"k":"c"}},{"type":"Feature","geometry":{"type":"Point","coordinates":[-2.79934,53.42351]},"properties":{"k":"c"}},{"type":"Feature","geometry":{"type":"Point","coordinates":[-3.04567,53.37358]},"properties":{"k":"f"}},{"type":"Feature","geometry":{"type":"Point","coordinates":[-2.98956,53.40623]},"properties":{"k":"c"}},{"type":"Feature","geometry":{"type":"Point","coordinates":[-3.04107,53.44042]},"properties":{"k":"f"}},{"type":"Feature","geometry":{"type":"Point","coordinates":[-3.03294,53.48644]},"properties":{"k":"c"}},{"type":"Feature","geometry":{"type":"Point","coordinates":[-2.80315,53.42969]},"properties":{"k":"c"}},{"type":"Feature","geometry":{"type":"Point","coordinates":[-2.96411,53.38506]},"properties":{"k":"c"}},{"type":"Feature","geometry":{"type":"Point","coordinates":[-2.97849,53.40312]},"properties":{"k":"c"}},{"type":"Feature","geometry":{"type":"Point","coordinates":[-2.99788,53.34946]},"properties":{"k":"c"}},{"type":"Feature","geometry":{"type":"Point","coordinates":[-3.10236,53.32276]},"properties":{"k":"c"}},{"type":"Feature","geometry":{"type":"Point","coordinates":[-3.04112,53.43852]},"properties":{"k":"c"}},{"type":"Feature","geometry":{"type":"Point","coordinates":[-3.14219,53.39472]},"properties":{"k":"c"}},{"type":"Feature","geometry":{"type":"Point","coordinates":[-2.90006,53.35455]},"properties":{"k":"c"}},{"type":"Feature","geometry":{"type":"Point","coordinates":[-2.73558,53.47383]},"properties":{"k":"c"}},{"type":"Feature","geometry":{"type":"Point","coordinates":[-2.95734,53.67038]},"properties":{"k":"c"}},{"type":"Feature","geometry":{"type":"Point","coordinates":[-2.91083,53.4312]},"properties":{"k":"c"}},{"type":"Feature","geometry":{"type":"Point","coordinates":[-3.01352,53.63401]},"properties":{"k":"c"}},{"type":"Feature","geometry":{"type":"Point","coordinates":[-3.04539,53.40662]},"properties":{"k":"c"}},{"type":"Feature","geometry":{"type":"Point","coordinates":[-2.86866,53.37457]},"properties":{"k":"c"}},{"type":"Feature","geometry":{"type":"Point","coordinates":[-2.98802,53.40622]},"properties":{"k":"c"}},{"type":"Feature","geometry":{"type":"Point","coordinates":[-2.72612,53.44748]},"properties":{"k":"c"}},{"type":"Feature","geometry":{"type":"Point","coordinates":[-2.96535,53.65746]},"properties":{"k":"c"}},{"type":"Feature","geometry":{"type":"Point","coordinates":[-3.09802,53.32955]},"properties":{"k":"c"}},{"type":"Feature","geometry":{"type":"Point","coordinates":[-2.96789,53.44598]},"properties":{"k":"c"}},{"type":"Feature","geometry":{"type":"Point","coordinates":[-3.00886,53.6466]},"properties":{"k":"c"}},{"type":"Feature","geometry":{"type":"Point","coordinates":[-2.73278,53.45253]},"properties":{"k":"c"}},{"type":"Feature","geometry":{"type":"Point","coordinates":[-3.02512,53.49236]},"properties":{"k":"c"}},{"type":"Feature","geometry":{"type":"Point","coordinates":[-2.97199,53.40889]},"properties":{"k":"c"}},{"type":"Feature","geometry":{"type":"Point","coordinates":[-3.02598,53.38884]},"properties":{"k":"c"}},{"type":"Feature","geometry":{"type":"Point","coordinates":[-3.02726,53.38915]},"properties":{"k":"c"}},{"type":"Feature","geometry":{"type":"Point","coordinates":[-2.94952,53.39583]},"properties":{"k":"c"}},{"type":"Feature","geometry":{"type":"Point","coordinates":[-3.00893,53.65051]},"properties":{"k":"c"}},{"type":"Feature","geometry":{"type":"Point","coordinates":[-2.82214,53.41141]},"properties":{"k":"c"}},{"type":"Feature","geometry":{"type":"Point","coordinates":[-3.01765,53.39256]},"properties":{"k":"c"}},{"type":"Feature","geometry":{"type":"Point","coordinates":[-2.96775,53.39161]},"properties":{"k":"c"}},{"type":"Feature","geometry":{"type":"Point","coordinates":[-2.85614,53.36023]},"properties":{"k":"c"}},{"type":"Feature","geometry":{"type":"Point","coordinates":[-2.76635,53.41691]},"properties":{"k":"c"}},{"type":"Feature","geometry":{"type":"Point","coordinates":[-2.97797,53.3312]},"properties":{"k":"c"}},{"type":"Feature","geometry":{"type":"Point","coordinates":[-2.73929,53.45621]},"properties":{"k":"c"}},{"type":"Feature","geometry":{"type":"Point","coordinates":[-2.9707,53.40082]},"properties":{"k":"c"}},{"type":"Feature","geometry":{"type":"Point","coordinates":[-3.0303,53.47296]},"properties":{"k":"c"}},{"type":"Feature","geometry":{"type":"Point","coordinates":[-2.98462,53.40904]},"properties":{"k":"c"}},{"type":"Feature","geometry":{"type":"Point","coordinates":[-2.99079,53.45271]},"properties":{"k":"f"}},{"type":"Feature","geometry":{"type":"Point","coordinates":[-3.06132,53.55717]},"properties":{"k":"c"}},{"type":"Feature","geometry":{"type":"Point","coordinates":[-3.0325,53.486]},"properties":{"k":"c"}},{"type":"Feature","geometry":{"type":"Point","coordinates":[-3.06129,53.55672]},"properties":{"k":"c"}},{"type":"Feature","geometry":{"type":"Point","coordinates":[-2.98366,53.40477]},"properties":{"k":"c"}},{"type":"Feature","geometry":{"type":"Point","coordinates":[-2.9866,53.40222]},"properties":{"k":"c"}},{"type":"Feature","geometry":{"type":"Point","coordinates":[-2.86287,53.42167]},"properties":{"k":"c"}},{"type":"Feature","geometry":{"type":"Point","coordinates":[-3.00437,53.6469]},"properties":{"k":"c"}},{"type":"Feature","geometry":{"type":"Point","coordinates":[-3.04435,53.43897]},"properties":{"k":"c"}},{"type":"Feature","geometry":{"type":"Point","coordinates":[-2.71241,53.49356]},"properties":{"k":"c"}},{"type":"Feature","geometry":{"type":"Point","coordinates":[-2.99066,53.4072]},"properties":{"k":"c"}},{"type":"Feature","geometry":{"type":"Point","coordinates":[-2.89643,53.3535]},"properties":{"k":"c"}},{"type":"Feature","geometry":{"type":"Point","coordinates":[-2.97082,53.40153]},"properties":{"k":"c"}},{"type":"Feature","geometry":{"type":"Point","coordinates":[-2.99737,53.44661]},"properties":{"k":"c"}},{"type":"Feature","geometry":{"type":"Point","coordinates":[-3.18315,53.37251]},"properties":{"k":"c"}},{"type":"Feature","geometry":{"type":"Point","coordinates":[-3.1347,53.35643]},"properties":{"k":"c"}},{"type":"Feature","geometry":{"type":"Point","coordinates":[-3.03481,53.41249]},"properties":{"k":"c"}},{"type":"Feature","geometry":{"type":"Point","coordinates":[-2.90135,53.4876]},"properties":{"k":"c"}},{"type":"Feature","geometry":{"type":"Point","coordinates":[-2.73804,53.45463]},"properties":{"k":"f"}},{"type":"Feature","geometry":{"type":"Point","coordinates":[-3.00791,53.64712]},"properties":{"k":"c"}},{"type":"Feature","geometry":{"type":"Point","coordinates":[-2.64078,53.45209]},"properties":{"k":"c"}},{"type":"Feature","geometry":{"type":"Point","coordinates":[-2.97825,53.40802]},"properties":{"k":"c"}},{"type":"Feature","geometry":{"type":"Point","coordinates":[-2.96463,53.65871]},"properties":{"k":"c"}},{"type":"Feature","geometry":{"type":"Point","coordinates":[-2.99677,53.40455]},"properties":{"k":"c"}},{"type":"Feature","geometry":{"type":"Point","coordinates":[-2.89968,53.35444]},"properties":{"k":"c"}},{"type":"Feature","geometry":{"type":"Point","coordinates":[-2.98155,53.39712]},"properties":{"k":"c"}},{"type":"Feature","geometry":{"type":"Point","coordinates":[-2.75291,53.45314]},"properties":{"k":"c"}},{"type":"Feature","geometry":{"type":"Point","coordinates":[-3.00298,53.34917]},"properties":{"k":"c"}},{"type":"Feature","geometry":{"type":"Point","coordinates":[-3.14546,53.34316]},"properties":{"k":"c"}},{"type":"Feature","geometry":{"type":"Point","coordinates":[-3.15551,53.39974]},"properties":{"k":"c"}},{"type":"Feature","geometry":{"type":"Point","coordinates":[-3.0944,53.34457]},"properties":{"k":"c"}},{"type":"Feature","geometry":{"type":"Point","coordinates":[-2.93918,53.38345]},"properties":{"k":"c"}},{"type":"Feature","geometry":{"type":"Point","coordinates":[-3.18364,53.37232]},"properties":{"k":"c"}},{"type":"Feature","geometry":{"type":"Point","coordinates":[-2.98126,53.40446]},"properties":{"k":"c"}},{"type":"Feature","geometry":{"type":"Point","coordinates":[-3.04149,53.43834]},"properties":{"k":"c"}},{"type":"Feature","geometry":{"type":"Point","coordinates":[-2.99066,53.40934]},"properties":{"k":"c"}},{"type":"Feature","geometry":{"type":"Point","coordinates":[-2.99935,53.65243]},"properties":{"k":"c"}},{"type":"Feature","geometry":{"type":"Point","coordinates":[-2.8767,53.47463]},"properties":{"k":"c"}},{"type":"Feature","geometry":{"type":"Point","coordinates":[-2.80232,53.41233]},"properties":{"k":"c"}},{"type":"Feature","geometry":{"type":"Point","coordinates":[-2.99399,53.4005]},"properties":{"k":"c"}},{"type":"Feature","geometry":{"type":"Point","coordinates":[-2.94811,53.37842]},"properties":{"k":"c"}},{"type":"Feature","geometry":{"type":"Point","coordinates":[-2.97796,53.39294]},"properties":{"k":"c"}},{"type":"Feature","geometry":{"type":"Point","coordinates":[-2.96715,53.4337]},"properties":{"k":"c"}},{"type":"Feature","geometry":{"type":"Point","coordinates":[-2.64282,53.45285]},"properties":{"k":"c"}},{"type":"Feature","geometry":{"type":"Point","coordinates":[-2.67769,53.39143]},"properties":{"k":"c"}},{"type":"Feature","geometry":{"type":"Point","coordinates":[-3.04623,53.42006]},"properties":{"k":"c"}},{"type":"Feature","geometry":{"type":"Point","coordinates":[-2.92497,53.39003]},"properties":{"k":"f"}},{"type":"Feature","geometry":{"type":"Point","coordinates":[-2.97254,53.40145]},"properties":{"k":"c"}},{"type":"Feature","geometry":{"type":"Point","coordinates":[-2.95664,53.42394]},"properties":{"k":"c"}},{"type":"Feature","geometry":{"type":"Point","coordinates":[-2.91206,53.43226]},"properties":{"k":"c"}},{"type":"Feature","geometry":{"type":"Point","coordinates":[-2.92306,53.39936]},"properties":{"k":"c"}},{"type":"Feature","geometry":{"type":"Point","coordinates":[-3.02546,53.47896]},"properties":{"k":"c"}},{"type":"Feature","geometry":{"type":"Point","coordinates":[-2.91627,53.38889]},"properties":{"k":"c"}},{"type":"Feature","geometry":{"type":"Point","coordinates":[-2.994,53.40619]},"properties":{"k":"c"}},{"type":"Feature","geometry":{"type":"Point","coordinates":[-2.94965,53.39569]},"properties":{"k":"c"}},{"type":"Feature","geometry":{"type":"Point","coordinates":[-3.08347,53.39491]},"properties":{"k":"c"}},{"type":"Feature","geometry":{"type":"Point","coordinates":[-2.93317,53.39235]},"properties":{"k":"c"}},{"type":"Feature","geometry":{"type":"Point","coordinates":[-2.98198,53.39722]},"properties":{"k":"c"}},{"type":"Feature","geometry":{"type":"Point","coordinates":[-2.96412,53.40075]},"properties":{"k":"c"}},{"type":"Feature","geometry":{"type":"Point","coordinates":[-3.00553,53.64949]},"properties":{"k":"c"}},{"type":"Feature","geometry":{"type":"Point","coordinates":[-3.01528,53.37545]},"properties":{"k":"c"}},{"type":"Feature","geometry":{"type":"Point","coordinates":[-3.00099,53.35831]},"properties":{"k":"c"}},{"type":"Feature","geometry":{"type":"Point","coordinates":[-3.01651,53.3925]},"properties":{"k":"c"}},{"type":"Feature","geometry":{"type":"Point","coordinates":[-3.02569,53.41236]},"properties":{"k":"c"}},{"type":"Feature","geometry":{"type":"Point","coordinates":[-2.92036,53.41034]},"properties":{"k":"c"}},{"type":"Feature","geometry":{"type":"Point","coordinates":[-2.64243,53.4533]},"properties":{"k":"c"}},{"type":"Feature","geometry":{"type":"Point","coordinates":[-3.01331,53.39267]},"properties":{"k":"c"}},{"type":"Feature","geometry":{"type":"Point","coordinates":[-3.18299,53.36815]},"properties":{"k":"c"}},{"type":"Feature","geometry":{"type":"Point","coordinates":[-2.97997,53.40698]},"properties":{"k":"c"}},{"type":"Feature","geometry":{"type":"Point","coordinates":[-3.02401,53.35606]},"properties":{"k":"c"}},{"type":"Feature","geometry":{"type":"Point","coordinates":[-3.00314,53.35006]},"properties":{"k":"c"}},{"type":"Feature","geometry":{"type":"Point","coordinates":[-2.98856,53.44349]},"properties":{"k":"f"}},{"type":"Feature","geometry":{"type":"Point","coordinates":[-3.11773,53.35276]},"properties":{"k":"c"}},{"type":"Feature","geometry":{"type":"Point","coordinates":[-2.9923,53.40816]},"properties":{"k":"c"}},{"type":"Feature","geometry":{"type":"Point","coordinates":[-2.96656,53.40088]},"properties":{"k":"c"}},{"type":"Feature","geometry":{"type":"Point","coordinates":[-2.7761,53.4608]},"properties":{"k":"c"}},{"type":"Feature","geometry":{"type":"Point","coordinates":[-2.61822,53.45689]},"properties":{"k":"f"}},{"type":"Feature","geometry":{"type":"Point","coordinates":[-3.04146,53.41844]},"properties":{"k":"c"}},{"type":"Feature","geometry":{"type":"Point","coordinates":[-2.98852,53.40639]},"properties":{"k":"c"}},{"type":"Feature","geometry":{"type":"Point","coordinates":[-3.02496,53.52361]},"properties":{"k":"c"}},{"type":"Feature","geometry":{"type":"Point","coordinates":[-3.04304,53.44013]},"properties":{"k":"c"}},{"type":"Feature","geometry":{"type":"Point","coordinates":[-3.03728,53.39885]},"properties":{"k":"c"}},{"type":"Feature","geometry":{"type":"Point","coordinates":[-3.02202,53.61992]},"properties":{"k":"c"}},{"type":"Feature","geometry":{"type":"Point","coordinates":[-2.81527,53.36591]},"properties":{"k":"c"}},{"type":"Feature","geometry":{"type":"Point","coordinates":[-2.99891,53.41022]},"properties":{"k":"c"}},{"type":"Feature","geometry":{"type":"Point","coordinates":[-2.98379,53.40637]},"properties":{"k":"c"}},{"type":"Feature","geometry":{"type":"Point","coordinates":[-3.179,53.39084]},"properties":{"k":"c"}},{"type":"Feature","geometry":{"type":"Point","coordinates":[-2.91404,53.41306]},"properties":{"k":"c"}},{"type":"Feature","geometry":{"type":"Point","coordinates":[-2.91267,53.38919]},"properties":{"k":"c"}},{"type":"Feature","geometry":{"type":"Point","coordinates":[-3.05693,53.39499]},"properties":{"k":"c"}},{"type":"Feature","geometry":{"type":"Point","coordinates":[-2.9657,53.66197]},"properties":{"k":"c"}},{"type":"Feature","geometry":{"type":"Point","coordinates":[-3.17322,53.39561]},"properties":{"k":"c"}},{"type":"Feature","geometry":{"type":"Point","coordinates":[-3.03886,53.39526]},"properties":{"k":"c"}},{"type":"Feature","geometry":{"type":"Point","coordinates":[-2.79515,53.49793]},"properties":{"k":"c"}},{"type":"Feature","geometry":{"type":"Point","coordinates":[-2.89227,53.39492]},"properties":{"k":"c"}},{"type":"Feature","geometry":{"type":"Point","coordinates":[-2.96356,53.65908]},"properties":{"k":"c"}},{"type":"Feature","geometry":{"type":"Point","coordinates":[-2.98353,53.40535]},"properties":{"k":"c"}},{"type":"Feature","geometry":{"type":"Point","coordinates":[-3.01452,53.33768]},"properties":{"k":"c"}},{"type":"Feature","geometry":{"type":"Point","coordinates":[-3.096,53.32726]},"properties":{"k":"c"}},{"type":"Feature","geometry":{"type":"Point","coordinates":[-3.00787,53.64709]},"properties":{"k":"c"}},{"type":"Feature","geometry":{"type":"Point","coordinates":[-2.92909,53.46407]},"properties":{"k":"c"}},{"type":"Feature","geometry":{"type":"Point","coordinates":[-2.9523,53.48645]},"properties":{"k":"c"}},{"type":"Feature","geometry":{"type":"Point","coordinates":[-2.80297,53.43169]},"properties":{"k":"c"}},{"type":"Feature","geometry":{"type":"Point","coordinates":[-2.96564,53.31127]},"properties":{"k":"c"}},{"type":"Feature","geometry":{"type":"Point","coordinates":[-3.01964,53.40666]},"properties":{"k":"c"}},{"type":"Feature","geometry":{"type":"Point","coordinates":[-3.05002,53.39932]},"properties":{"k":"c"}},{"type":"Feature","geometry":{"type":"Point","coordinates":[-3.04353,53.38209]},"properties":{"k":"c"}},{"type":"Feature","geometry":{"type":"Point","coordinates":[-2.95537,53.46794]},"properties":{"k":"c"}},{"type":"Feature","geometry":{"type":"Point","coordinates":[-2.90818,53.41042]},"properties":{"k":"c"}},{"type":"Feature","geometry":{"type":"Point","coordinates":[-2.94702,53.50639]},"properties":{"k":"c"}},{"type":"Feature","geometry":{"type":"Point","coordinates":[-2.97725,53.40381]},"properties":{"k":"c"}},{"type":"Feature","geometry":{"type":"Point","coordinates":[-2.97547,53.4018]},"properties":{"k":"c"}},{"type":"Feature","geometry":{"type":"Point","coordinates":[-2.98896,53.40782]},"properties":{"k":"c"}},{"type":"Feature","geometry":{"type":"Point","coordinates":[-2.93269,53.50645]},"properties":{"k":"c"}},{"type":"Feature","geometry":{"type":"Point","coordinates":[-2.97968,53.40264]},"properties":{"k":"c"}},{"type":"Feature","geometry":{"type":"Point","coordinates":[-2.76579,53.46901]},"properties":{"k":"c"}},{"type":"Feature","geometry":{"type":"Point","coordinates":[-2.9781,53.39291]},"properties":{"k":"c"}},{"type":"Feature","geometry":{"type":"Point","coordinates":[-2.80467,53.42874]},"properties":{"k":"c"}},{"type":"Feature","geometry":{"type":"Point","coordinates":[-3.00777,53.46503]},"properties":{"k":"c"}},{"type":"Feature","geometry":{"type":"Point","coordinates":[-2.94966,53.39582]},"properties":{"k":"c"}},{"type":"Feature","geometry":{"type":"Point","coordinates":[-2.96419,53.47858]},"properties":{"k":"c"}},{"type":"Feature","geometry":{"type":"Point","coordinates":[-2.97908,53.42455]},"properties":{"k":"c"}},{"type":"Feature","geometry":{"type":"Point","coordinates":[-2.98604,53.40406]},"properties":{"k":"f"}},{"type":"Feature","geometry":{"type":"Point","coordinates":[-3.02261,53.38987]},"properties":{"k":"c"}},{"type":"Feature","geometry":{"type":"Point","coordinates":[-2.73396,53.45174]},"properties":{"k":"c"}},{"type":"Feature","geometry":{"type":"Point","coordinates":[-2.92033,53.41036]},"properties":{"k":"c"}},{"type":"Feature","geometry":{"type":"Point","coordinates":[-2.97485,53.34124]},"properties":{"k":"f"}},{"type":"Feature","geometry":{"type":"Point","coordinates":[-2.92851,53.40978]},"properties":{"k":"c"}},{"type":"Feature","geometry":{"type":"Point","coordinates":[-2.72617,53.44981]},"properties":{"k":"c"}},{"type":"Feature","geometry":{"type":"Point","coordinates":[-3.06945,53.36676]},"properties":{"k":"c"}},{"type":"Feature","geometry":{"type":"Point","coordinates":[-2.94377,53.51642]},"properties":{"k":"c"}},{"type":"Feature","geometry":{"type":"Point","coordinates":[-2.978,53.40717]},"properties":{"k":"c"}},{"type":"Feature","geometry":{"type":"Point","coordinates":[-2.99471,53.4098]},"properties":{"k":"c"}},{"type":"Feature","geometry":{"type":"Point","coordinates":[-3.01348,53.65277]},"properties":{"k":"c"}},{"type":"Feature","geometry":{"type":"Point","coordinates":[-3.00753,53.34115]},"properties":{"k":"c"}},{"type":"Feature","geometry":{"type":"Point","coordinates":[-2.70837,53.44026]},"properties":{"k":"c"}},{"type":"Feature","geometry":{"type":"Point","coordinates":[-2.72299,53.45179]},"properties":{"k":"c"}},{"type":"Feature","geometry":{"type":"Point","coordinates":[-3.00712,53.64618]},"properties":{"k":"c"}},{"type":"Feature","geometry":{"type":"Point","coordinates":[-3.09876,53.3851]},"properties":{"k":"c"}},{"type":"Feature","geometry":{"type":"Point","coordinates":[-3.07048,53.31538]},"properties":{"k":"c"}},{"type":"Feature","geometry":{"type":"Point","coordinates":[-2.97847,53.40256]},"properties":{"k":"c"}},{"type":"Feature","geometry":{"type":"Point","coordinates":[-2.97066,53.33204]},"properties":{"k":"c"}},{"type":"Feature","geometry":{"type":"Point","coordinates":[-3.11739,53.35288]},"properties":{"k":"c"}},{"type":"Feature","geometry":{"type":"Point","coordinates":[-3.03483,53.60284]},"properties":{"k":"c"}},{"type":"Feature","geometry":{"type":"Point","coordinates":[-3.09697,53.33518]},"properties":{"k":"c"}},{"type":"Feature","geometry":{"type":"Point","coordinates":[-2.73236,53.45294]},"properties":{"k":"c"}},{"type":"Feature","geometry":{"type":"Point","coordinates":[-2.92463,53.36694]},"properties":{"k":"c"}},{"type":"Feature","geometry":{"type":"Point","coordinates":[-3.04752,53.43752]},"properties":{"k":"c"}},{"type":"Feature","geometry":{"type":"Point","coordinates":[-3.03098,53.38886]},"properties":{"k":"f"}},{"type":"Feature","geometry":{"type":"Point","coordinates":[-3.0136,53.38859]},"properties":{"k":"c"}},{"type":"Feature","geometry":{"type":"Point","coordinates":[-2.97286,53.46265]},"properties":{"k":"c"}},{"type":"Feature","geometry":{"type":"Point","coordinates":[-2.92313,53.41529]},"properties":{"k":"c"}},{"type":"Feature","geometry":{"type":"Point","coordinates":[-3.04426,53.44028]},"properties":{"k":"c"}},{"type":"Feature","geometry":{"type":"Point","coordinates":[-3.05203,53.41217]},"properties":{"k":"c"}},{"type":"Feature","geometry":{"type":"Point","coordinates":[-2.9817,53.39571]},"properties":{"k":"c"}},{"type":"Feature","geometry":{"type":"Point","coordinates":[-2.98612,53.40202]},"properties":{"k":"c"}},{"type":"Feature","geometry":{"type":"Point","coordinates":[-3.02578,53.492]},"properties":{"k":"c"}},{"type":"Feature","geometry":{"type":"Point","coordinates":[-3.06509,53.42362]},"properties":{"k":"c"}},{"type":"Feature","geometry":{"type":"Point","coordinates":[-2.98021,53.39528]},"properties":{"k":"c"}},{"type":"Feature","geometry":{"type":"Point","coordinates":[-3.03185,53.39866]},"properties":{"k":"c"}},{"type":"Feature","geometry":{"type":"Point","coordinates":[-2.88461,53.48198]},"properties":{"k":"c"}},{"type":"Feature","geometry":{"type":"Point","coordinates":[-3.00188,53.64837]},"properties":{"k":"c"}},{"type":"Feature","geometry":{"type":"Point","coordinates":[-2.98789,53.40493]},"properties":{"k":"c"}},{"type":"Feature","geometry":{"type":"Point","coordinates":[-2.94407,53.38232]},"properties":{"k":"c"}},{"type":"Feature","geometry":{"type":"Point","coordinates":[-3.03622,53.43336]},"properties":{"k":"c"}},{"type":"Feature","geometry":{"type":"Point","coordinates":[-3.02849,53.49354]},"properties":{"k":"c"}},{"type":"Feature","geometry":{"type":"Point","coordinates":[-3.18412,53.37054]},"properties":{"k":"c"}},{"type":"Feature","geometry":{"type":"Point","coordinates":[-2.94566,53.52308]},"properties":{"k":"c"}},{"type":"Feature","geometry":{"type":"Point","coordinates":[-3.04293,53.38204]},"properties":{"k":"c"}},{"type":"Feature","geometry":{"type":"Point","coordinates":[-3.04265,53.43157]},"properties":{"k":"c"}},{"type":"Feature","geometry":{"type":"Point","coordinates":[-3.00351,53.64571]},"properties":{"k":"c"}},{"type":"Feature","geometry":{"type":"Point","coordinates":[-2.96222,53.50816]},"properties":{"k":"c"}},{"type":"Feature","geometry":{"type":"Point","coordinates":[-2.98055,53.40704]},"properties":{"k":"f"}},{"type":"Feature","geometry":{"type":"Point","coordinates":[-3.04736,53.42383]},"properties":{"k":"c"}},{"type":"Feature","geometry":{"type":"Point","coordinates":[-2.95703,53.32936]},"properties":{"k":"c"}},{"type":"Feature","geometry":{"type":"Point","coordinates":[-3.0419,53.4383]},"properties":{"k":"c"}},{"type":"Feature","geometry":{"type":"Point","coordinates":[-2.62111,53.45771]},"properties":{"k":"c"}},{"type":"Feature","geometry":{"type":"Point","coordinates":[-3.01546,53.39208]},"properties":{"k":"c"}},{"type":"Feature","geometry":{"type":"Point","coordinates":[-2.99907,53.41806]},"properties":{"k":"c"}},{"type":"Feature","geometry":{"type":"Point","coordinates":[-2.91163,53.36857]},"properties":{"k":"c"}},{"type":"Feature","geometry":{"type":"Point","coordinates":[-2.91911,53.44705]},"properties":{"k":"c"}},{"type":"Feature","geometry":{"type":"Point","coordinates":[-2.78824,53.51666]},"properties":{"k":"c"}},{"type":"Feature","geometry":{"type":"Point","coordinates":[-2.98279,53.40507]},"properties":{"k":"f"}},{"type":"Feature","geometry":{"type":"Point","coordinates":[-2.63973,53.45204]},"properties":{"k":"c"}},{"type":"Feature","geometry":{"type":"Point","coordinates":[-2.98973,53.40951]},"properties":{"k":"c"}},{"type":"Feature","geometry":{"type":"Point","coordinates":[-3.17737,53.39219]},"properties":{"k":"c"}},{"type":"Feature","geometry":{"type":"Point","coordinates":[-2.73401,53.45379]},"properties":{"k":"c"}},{"type":"Feature","geometry":{"type":"Point","coordinates":[-2.96272,53.38373]},"properties":{"k":"c"}},{"type":"Feature","geometry":{"type":"Point","coordinates":[-2.9776,53.35088]},"properties":{"k":"c"}},{"type":"Feature","geometry":{"type":"Point","coordinates":[-2.86641,53.37485]},"properties":{"k":"c"}},{"type":"Feature","geometry":{"type":"Point","coordinates":[-2.99972,53.41836]},"properties":{"k":"c"}},{"type":"Feature","geometry":{"type":"Point","coordinates":[-2.99939,53.65192]},"properties":{"k":"c"}},{"type":"Feature","geometry":{"type":"Point","coordinates":[-2.98269,53.41104]},"properties":{"k":"c"}},{"type":"Feature","geometry":{"type":"Point","coordinates":[-3.0044,53.64492]},"properties":{"k":"c"}},{"type":"Feature","geometry":{"type":"Point","coordinates":[-2.9901,53.65424]},"properties":{"k":"c"}},{"type":"Feature","geometry":{"type":"Point","coordinates":[-3.03028,53.48436]},"properties":{"k":"f"}},{"type":"Feature","geometry":{"type":"Point","coordinates":[-3.04274,53.3823]},"properties":{"k":"c"}},{"type":"Feature","geometry":{"type":"Point","coordinates":[-2.95254,53.42602]},"properties":{"k":"c"}},{"type":"Feature","geometry":{"type":"Point","coordinates":[-2.98177,53.44355]},"properties":{"k":"c"}},{"type":"Feature","geometry":{"type":"Point","coordinates":[-3.00439,53.6453]},"properties":{"k":"c"}},{"type":"Feature","geometry":{"type":"Point","coordinates":[-3.03793,53.43907]},"properties":{"k":"c"}},{"type":"Feature","geometry":{"type":"Point","coordinates":[-2.75884,53.43512]},"properties":{"k":"c"}},{"type":"Feature","geometry":{"type":"Point","coordinates":[-3.00959,53.39526]},"properties":{"k":"c"}},{"type":"Feature","geometry":{"type":"Point","coordinates":[-2.91725,53.38901]},"properties":{"k":"c"}},{"type":"Feature","geometry":{"type":"Point","coordinates":[-2.98014,53.40481]},"properties":{"k":"f"}},{"type":"Feature","geometry":{"type":"Point","coordinates":[-2.94963,53.39712]},"properties":{"k":"c"}},{"type":"Feature","geometry":{"type":"Point","coordinates":[-2.91406,53.41323]},"properties":{"k":"c"}},{"type":"Feature","geometry":{"type":"Point","coordinates":[-2.92207,53.39901]},"properties":{"k":"c"}},{"type":"Feature","geometry":{"type":"Point","coordinates":[-3.11981,53.32541]},"properties":{"k":"c"}},{"type":"Feature","geometry":{"type":"Point","coordinates":[-3.02262,53.3896]},"properties":{"k":"c"}},{"type":"Feature","geometry":{"type":"Point","coordinates":[-3.06464,53.423]},"properties":{"k":"c"}},{"type":"Feature","geometry":{"type":"Point","coordinates":[-2.73663,53.45439]},"properties":{"k":"c"}},{"type":"Feature","geometry":{"type":"Point","coordinates":[-2.91002,53.38699]},"properties":{"k":"c"}},{"type":"Feature","geometry":{"type":"Point","coordinates":[-2.94516,53.38158]},"properties":{"k":"c"}},{"type":"Feature","geometry":{"type":"Point","coordinates":[-3.00632,53.64817]},"properties":{"k":"c"}},{"type":"Feature","geometry":{"type":"Point","coordinates":[-2.89633,53.42144]},"properties":{"k":"c"}},{"type":"Feature","geometry":{"type":"Point","coordinates":[-3.00197,53.4597]},"properties":{"k":"c"}},{"type":"Feature","geometry":{"type":"Point","coordinates":[-3.03519,53.3861]},"properties":{"k":"c"}},{"type":"Feature","geometry":{"type":"Point","coordinates":[-3.01617,53.36499]},"properties":{"k":"f"}},{"type":"Feature","geometry":{"type":"Point","coordinates":[-2.94941,53.42839]},"properties":{"k":"c"}},{"type":"Feature","geometry":{"type":"Point","coordinates":[-3.00795,53.37288]},"properties":{"k":"c"}},{"type":"Feature","geometry":{"type":"Point","coordinates":[-2.97304,53.40174]},"properties":{"k":"c"}},{"type":"Feature","geometry":{"type":"Point","coordinates":[-3.01342,53.62169]},"properties":{"k":"c"}},{"type":"Feature","geometry":{"type":"Point","coordinates":[-3.18443,53.37257]},"properties":{"k":"c"}},{"type":"Feature","geometry":{"type":"Point","coordinates":[-2.95568,53.47032]},"properties":{"k":"c"}},{"type":"Feature","geometry":{"type":"Point","coordinates":[-2.93273,53.37124]},"properties":{"k":"c"}},{"type":"Feature","geometry":{"type":"Point","coordinates":[-3.00359,53.4601]},"properties":{"k":"c"}},{"type":"Feature","geometry":{"type":"Point","coordinates":[-2.9606,53.42961]},"properties":{"k":"c"}},{"type":"Feature","geometry":{"type":"Point","coordinates":[-3.03116,53.41602]},"properties":{"k":"f"}},{"type":"Feature","geometry":{"type":"Point","coordinates":[-3.08314,53.38714]},"properties":{"k":"c"}},{"type":"Feature","geometry":{"type":"Point","coordinates":[-2.97393,53.40208]},"properties":{"k":"f"}},{"type":"Feature","geometry":{"type":"Point","coordinates":[-2.94923,53.41434]},"properties":{"k":"c"}},{"type":"Feature","geometry":{"type":"Point","coordinates":[-2.9977,53.36045]},"properties":{"k":"c"}},{"type":"Feature","geometry":{"type":"Point","coordinates":[-2.97796,53.39333]},"properties":{"k":"c"}},{"type":"Feature","geometry":{"type":"Point","coordinates":[-3.06426,53.3786]},"properties":{"k":"c"}},{"type":"Feature","geometry":{"type":"Point","coordinates":[-3.02226,53.39052]},"properties":{"k":"c"}},{"type":"Feature","geometry":{"type":"Point","coordinates":[-2.90948,53.41403]},"properties":{"k":"c"}},{"type":"Feature","geometry":{"type":"Point","coordinates":[-3.06782,53.42795]},"properties":{"k":"c"}},{"type":"Feature","geometry":{"type":"Point","coordinates":[-3.01398,53.3663]},"properties":{"k":"c"}},{"type":"Feature","geometry":{"type":"Point","coordinates":[-2.94309,53.5164]},"properties":{"k":"c"}},{"type":"Feature","geometry":{"type":"Point","coordinates":[-2.74438,53.42435]},"properties":{"k":"c"}},{"type":"Feature","geometry":{"type":"Point","coordinates":[-2.97735,53.62945]},"properties":{"k":"c"}},{"type":"Feature","geometry":{"type":"Point","coordinates":[-3.0023,53.46765]},"properties":{"k":"c"}},{"type":"Feature","geometry":{"type":"Point","coordinates":[-3.00764,53.64589]},"properties":{"k":"c"}},{"type":"Feature","geometry":{"type":"Point","coordinates":[-3.03046,53.38854]},"properties":{"k":"c"}},{"type":"Feature","geometry":{"type":"Point","coordinates":[-3.18512,53.37361]},"properties":{"k":"c"}},{"type":"Feature","geometry":{"type":"Point","coordinates":[-2.70556,53.50127]},"properties":{"k":"c"}},{"type":"Feature","geometry":{"type":"Point","coordinates":[-2.99133,53.3995]},"properties":{"k":"c"}},{"type":"Feature","geometry":{"type":"Point","coordinates":[-2.93121,53.4283]},"properties":{"k":"c"}},{"type":"Feature","geometry":{"type":"Point","coordinates":[-2.89035,53.39448]},"properties":{"k":"c"}},{"type":"Feature","geometry":{"type":"Point","coordinates":[-2.94306,53.51644]},"properties":{"k":"c"}},{"type":"Feature","geometry":{"type":"Point","coordinates":[-3.11366,53.38774]},"properties":{"k":"c"}},{"type":"Feature","geometry":{"type":"Point","coordinates":[-2.86547,53.41789]},"properties":{"k":"c"}},{"type":"Feature","geometry":{"type":"Point","coordinates":[-3.03704,53.41943]},"properties":{"k":"c"}},{"type":"Feature","geometry":{"type":"Point","coordinates":[-2.90388,53.3613]},"properties":{"k":"c"}},{"type":"Feature","geometry":{"type":"Point","coordinates":[-3.00029,53.44408]},"properties":{"k":"c"}},{"type":"Feature","geometry":{"type":"Point","coordinates":[-2.96956,53.64801]},"properties":{"k":"c"}},{"type":"Feature","geometry":{"type":"Point","coordinates":[-2.92937,53.4411]},"properties":{"k":"f"}},{"type":"Feature","geometry":{"type":"Point","coordinates":[-2.96735,53.46446]},"properties":{"k":"c"}},{"type":"Feature","geometry":{"type":"Point","coordinates":[-3.02605,53.47846]},"properties":{"k":"c"}},{"type":"Feature","geometry":{"type":"Point","coordinates":[-2.94701,53.38054]},"properties":{"k":"c"}},{"type":"Feature","geometry":{"type":"Point","coordinates":[-2.9598,53.66026]},"properties":{"k":"c"}},{"type":"Feature","geometry":{"type":"Point","coordinates":[-2.9963,53.4225]},"properties":{"k":"c"}},{"type":"Feature","geometry":{"type":"Point","coordinates":[-2.9469,53.52058]},"properties":{"k":"c"}},{"type":"Feature","geometry":{"type":"Point","coordinates":[-3.03906,53.48232]},"properties":{"k":"f"}},{"type":"Feature","geometry":{"type":"Point","coordinates":[-2.6123,53.44383]},"properties":{"k":"c"}},{"type":"Feature","geometry":{"type":"Point","coordinates":[-2.98378,53.40633]},"properties":{"k":"c"}},{"type":"Feature","geometry":{"type":"Point","coordinates":[-3.17934,53.38979]},"properties":{"k":"c"}},{"type":"Feature","geometry":{"type":"Point","coordinates":[-2.69973,53.4341]},"properties":{"k":"c"}},{"type":"Feature","geometry":{"type":"Point","coordinates":[-2.7135,53.44117]},"properties":{"k":"c"}},{"type":"Feature","geometry":{"type":"Point","coordinates":[-3.03629,53.43287]},"properties":{"k":"c"}},{"type":"Feature","geometry":{"type":"Point","coordinates":[-3.0027,53.65065]},"properties":{"k":"c"}},{"type":"Feature","geometry":{"type":"Point","coordinates":[-3.01239,53.64474]},"properties":{"k":"c"}},{"type":"Feature","geometry":{"type":"Point","coordinates":[-2.87887,53.44953]},"properties":{"k":"c"}},{"type":"Feature","geometry":{"type":"Point","coordinates":[-2.75912,53.43612]},"properties":{"k":"c"}},{"type":"Feature","geometry":{"type":"Point","coordinates":[-2.62124,53.45784]},"properties":{"k":"c"}},{"type":"Feature","geometry":{"type":"Point","coordinates":[-2.80595,53.42943]},"properties":{"k":"c"}},{"type":"Feature","geometry":{"type":"Point","coordinates":[-2.92227,53.41844]},"properties":{"k":"c"}},{"type":"Feature","geometry":{"type":"Point","coordinates":[-2.96977,53.46294]},"properties":{"k":"c"}},{"type":"Feature","geometry":{"type":"Point","coordinates":[-2.92831,53.40021]},"properties":{"k":"c"}},{"type":"Feature","geometry":{"type":"Point","coordinates":[-3.01916,53.3911]},"properties":{"k":"c"}},{"type":"Feature","geometry":{"type":"Point","coordinates":[-2.97066,53.40883]},"properties":{"k":"c"}},{"type":"Feature","geometry":{"type":"Point","coordinates":[-2.90943,53.39378]},"properties":{"k":"c"}},{"type":"Feature","geometry":{"type":"Point","coordinates":[-2.92662,53.41494]},"properties":{"k":"c"}},{"type":"Feature","geometry":{"type":"Point","coordinates":[-2.98243,53.34269]},"properties":{"k":"c"}},{"type":"Feature","geometry":{"type":"Point","coordinates":[-2.97596,53.4015]},"properties":{"k":"f"}},{"type":"Feature","geometry":{"type":"Point","coordinates":[-2.9352,53.39709]},"properties":{"k":"c"}},{"type":"Feature","geometry":{"type":"Point","coordinates":[-2.98511,53.40668]},"properties":{"k":"c"}},{"type":"Feature","geometry":{"type":"Point","coordinates":[-3.00628,53.64746]},"properties":{"k":"c"}},{"type":"Feature","geometry":{"type":"Point","coordinates":[-3.00721,53.64876]},"properties":{"k":"c"}},{"type":"Feature","geometry":{"type":"Point","coordinates":[-3.06102,53.55706]},"properties":{"k":"c"}},{"type":"Feature","geometry":{"type":"Point","coordinates":[-3.03772,53.43909]},"properties":{"k":"c"}},{"type":"Feature","geometry":{"type":"Point","coordinates":[-3.10019,53.32904]},"properties":{"k":"c"}},{"type":"Feature","geometry":{"type":"Point","coordinates":[-2.70602,53.46187]},"properties":{"k":"f"}},{"type":"Feature","geometry":{"type":"Point","coordinates":[-2.91723,53.4147]},"properties":{"k":"c"}},{"type":"Feature","geometry":{"type":"Point","coordinates":[-3.01419,53.39431]},"properties":{"k":"c"}},{"type":"Feature","geometry":{"type":"Point","coordinates":[-2.92627,53.39893]},"properties":{"k":"c"}},{"type":"Feature","geometry":{"type":"Point","coordinates":[-2.92975,53.52734]},"properties":{"k":"c"}},{"type":"Feature","geometry":{"type":"Point","coordinates":[-2.62004,53.45726]},"properties":{"k":"c"}},{"type":"Feature","geometry":{"type":"Point","coordinates":[-2.79746,53.42929]},"properties":{"k":"c"}},{"type":"Feature","geometry":{"type":"Point","coordinates":[-2.73989,53.45351]},"properties":{"k":"f"}},{"type":"Feature","geometry":{"type":"Point","coordinates":[-2.99245,53.40543]},"properties":{"k":"c"}},{"type":"Feature","geometry":{"type":"Point","coordinates":[-3.00826,53.65001]},"properties":{"k":"c"}},{"type":"Feature","geometry":{"type":"Point","coordinates":[-2.98622,53.402]},"properties":{"k":"c"}},{"type":"Feature","geometry":{"type":"Point","coordinates":[-2.88599,53.42683]},"properties":{"k":"c"}},{"type":"Feature","geometry":{"type":"Point","coordinates":[-2.98156,53.39715]},"properties":{"k":"c"}},{"type":"Feature","geometry":{"type":"Point","coordinates":[-3.02508,53.41695]},"properties":{"k":"c"}},{"type":"Feature","geometry":{"type":"Point","coordinates":[-2.98814,53.64354]},"properties":{"k":"c"}},{"type":"Feature","geometry":{"type":"Point","coordinates":[-2.84702,53.40785]},"properties":{"k":"c"}},{"type":"Feature","geometry":{"type":"Point","coordinates":[-2.87109,53.33625]},"properties":{"k":"c"}},{"type":"Feature","geometry":{"type":"Point","coordinates":[-2.9531,53.44179]},"properties":{"k":"c"}},{"type":"Feature","geometry":{"type":"Point","coordinates":[-3.03952,53.48339]},"properties":{"k":"c"}},{"type":"Feature","geometry":{"type":"Point","coordinates":[-2.9902,53.43697]},"properties":{"k":"c"}},{"type":"Feature","geometry":{"type":"Point","coordinates":[-3.01024,53.46774]},"properties":{"k":"c"}},{"type":"Feature","geometry":{"type":"Point","coordinates":[-2.90613,53.42852]},"properties":{"k":"c"}},{"type":"Feature","geometry":{"type":"Point","coordinates":[-2.91035,53.41404]},"properties":{"k":"f"}},{"type":"Feature","geometry":{"type":"Point","coordinates":[-3.03597,53.43326]},"properties":{"k":"c"}},{"type":"Feature","geometry":{"type":"Point","coordinates":[-3.1757,53.39885]},"properties":{"k":"c"}},{"type":"Feature","geometry":{"type":"Point","coordinates":[-2.94359,53.51553]},"properties":{"k":"c"}},{"type":"Feature","geometry":{"type":"Point","coordinates":[-2.76711,53.41629]},"properties":{"k":"c"}},{"type":"Feature","geometry":{"type":"Point","coordinates":[-3.0058,53.64922]},"properties":{"k":"f"}},{"type":"Feature","geometry":{"type":"Point","coordinates":[-2.91364,53.38022]},"properties":{"k":"c"}},{"type":"Feature","geometry":{"type":"Point","coordinates":[-3.06517,53.42352]},"properties":{"k":"c"}},{"type":"Feature","geometry":{"type":"Point","coordinates":[-3.03154,53.38841]},"properties":{"k":"c"}},{"type":"Feature","geometry":{"type":"Point","coordinates":[-3.01344,53.6342]},"properties":{"k":"c"}},{"type":"Feature","geometry":{"type":"Point","coordinates":[-2.94431,53.38219]},"properties":{"k":"c"}},{"type":"Feature","geometry":{"type":"Point","coordinates":[-3.00416,53.64928]},"properties":{"k":"c"}},{"type":"Feature","geometry":{"type":"Point","coordinates":[-3.00294,53.35007]},"properties":{"k":"c"}},{"type":"Feature","geometry":{"type":"Point","coordinates":[-2.92915,53.44065]},"properties":{"k":"c"}},{"type":"Feature","geometry":{"type":"Point","coordinates":[-2.86306,53.38313]},"properties":{"k":"c"}},{"type":"Feature","geometry":{"type":"Point","coordinates":[-2.99364,53.40873]},"properties":{"k":"c"}},{"type":"Feature","geometry":{"type":"Point","coordinates":[-2.89809,53.35379]},"properties":{"k":"c"}},{"type":"Feature","geometry":{"type":"Point","coordinates":[-3.17864,53.39138]},"properties":{"k":"c"}},{"type":"Feature","geometry":{"type":"Point","coordinates":[-2.91564,53.39738]},"properties":{"k":"c"}},{"type":"Feature","geometry":{"type":"Point","coordinates":[-3.02592,53.4786]},"properties":{"k":"c"}},{"type":"Feature","geometry":{"type":"Point","coordinates":[-3.02401,53.47571]},"properties":{"k":"f"}},{"type":"Feature","geometry":{"type":"Point","coordinates":[-2.98628,53.4677]},"properties":{"k":"c"}},{"type":"Feature","geometry":{"type":"Point","coordinates":[-2.98928,53.6454]},"properties":{"k":"c"}},{"type":"Feature","geometry":{"type":"Point","coordinates":[-2.97132,53.4387]},"properties":{"k":"c"}},{"type":"Feature","geometry":{"type":"Point","coordinates":[-3.09346,53.32618]},"properties":{"k":"c"}},{"type":"Feature","geometry":{"type":"Point","coordinates":[-2.87603,53.41994]},"properties":{"k":"c"}},{"type":"Feature","geometry":{"type":"Point","coordinates":[-3.02408,53.4796]},"properties":{"k":"c"}},{"type":"Feature","geometry":{"type":"Point","coordinates":[-3.17718,53.39243]},"properties":{"k":"c"}},{"type":"Feature","geometry":{"type":"Point","coordinates":[-2.8945,53.35855]},"properties":{"k":"c"}},{"type":"Feature","geometry":{"type":"Point","coordinates":[-2.99246,53.43061]},"properties":{"k":"c"}},{"type":"Feature","geometry":{"type":"Point","coordinates":[-2.97797,53.33039]},"properties":{"k":"c"}},{"type":"Feature","geometry":{"type":"Point","coordinates":[-3.18216,53.37444]},"properties":{"k":"c"}},{"type":"Feature","geometry":{"type":"Point","coordinates":[-2.98703,53.41022]},"properties":{"k":"c"}},{"type":"Feature","geometry":{"type":"Point","coordinates":[-3.06371,53.55607]},"properties":{"k":"c"}},{"type":"Feature","geometry":{"type":"Point","coordinates":[-2.9611,53.46159]},"properties":{"k":"c"}},{"type":"Feature","geometry":{"type":"Point","coordinates":[-2.78926,53.50315]},"properties":{"k":"c"}},{"type":"Feature","geometry":{"type":"Point","coordinates":[-2.78805,53.501]},"properties":{"k":"c"}},{"type":"Feature","geometry":{"type":"Point","coordinates":[-2.83984,53.41219]},"properties":{"k":"c"}},{"type":"Feature","geometry":{"type":"Point","coordinates":[-3.02428,53.49184]},"properties":{"k":"c"}},{"type":"Feature","geometry":{"type":"Point","coordinates":[-2.96325,53.43037]},"properties":{"k":"c"}},{"type":"Feature","geometry":{"type":"Point","coordinates":[-2.95868,53.46434]},"properties":{"k":"c"}},{"type":"Feature","geometry":{"type":"Point","coordinates":[-2.94143,53.46837]},"properties":{"k":"c"}},{"type":"Feature","geometry":{"type":"Point","coordinates":[-2.72275,53.45342]},"properties":{"k":"c"}},{"type":"Feature","geometry":{"type":"Point","coordinates":[-2.93996,53.4131]},"properties":{"k":"c"}},{"type":"Feature","geometry":{"type":"Point","coordinates":[-3.03541,53.47947]},"properties":{"k":"c"}},{"type":"Feature","geometry":{"type":"Point","coordinates":[-2.95298,53.38035]},"properties":{"k":"f"}},{"type":"Feature","geometry":{"type":"Point","coordinates":[-3.03277,53.37578]},"properties":{"k":"c"}},{"type":"Feature","geometry":{"type":"Point","coordinates":[-2.93267,53.50657]},"properties":{"k":"c"}},{"type":"Feature","geometry":{"type":"Point","coordinates":[-3.02195,53.38575]},"properties":{"k":"c"}},{"type":"Feature","geometry":{"type":"Point","coordinates":[-3.06053,53.55804]},"properties":{"k":"c"}},{"type":"Feature","geometry":{"type":"Point","coordinates":[-2.80141,53.43033]},"properties":{"k":"c"}},{"type":"Feature","geometry":{"type":"Point","coordinates":[-3.02373,53.47591]},"properties":{"k":"c"}},{"type":"Feature","geometry":{"type":"Point","coordinates":[-2.97538,53.33845]},"properties":{"k":"c"}},{"type":"Feature","geometry":{"type":"Point","coordinates":[-2.93484,53.43504]},"properties":{"k":"c"}},{"type":"Feature","geometry":{"type":"Point","coordinates":[-2.95763,53.42719]},"properties":{"k":"c"}},{"type":"Feature","geometry":{"type":"Point","coordinates":[-3.03998,53.4317]},"properties":{"k":"c"}},{"type":"Feature","geometry":{"type":"Point","coordinates":[-3.07298,53.41161]},"properties":{"k":"c"}},{"type":"Feature","geometry":{"type":"Point","coordinates":[-2.91435,53.41962]},"properties":{"k":"c"}},{"type":"Feature","geometry":{"type":"Point","coordinates":[-3.01576,53.39253]},"properties":{"k":"c"}},{"type":"Feature","geometry":{"type":"Point","coordinates":[-2.95206,53.43096]},"properties":{"k":"c"}},{"type":"Feature","geometry":{"type":"Point","coordinates":[-3.04999,53.4195]},"properties":{"k":"c"}},{"type":"Feature","geometry":{"type":"Point","coordinates":[-2.68683,53.43224]},"properties":{"k":"c"}},{"type":"Feature","geometry":{"type":"Point","coordinates":[-3.03217,53.48571]},"properties":{"k":"c"}},{"type":"Feature","geometry":{"type":"Point","coordinates":[-2.99896,53.65964]},"properties":{"k":"c"}},{"type":"Feature","geometry":{"type":"Point","coordinates":[-2.93037,53.39063]},"properties":{"k":"c"}},{"type":"Feature","geometry":{"type":"Point","coordinates":[-2.93287,53.37582]},"properties":{"k":"c"}},{"type":"Feature","geometry":{"type":"Point","coordinates":[-3.04079,53.60208]},"properties":{"k":"c"}},{"type":"Feature","geometry":{"type":"Point","coordinates":[-3.08964,53.37077]},"properties":{"k":"c"}},{"type":"Feature","geometry":{"type":"Point","coordinates":[-2.74356,53.45635]},"properties":{"k":"c"}},{"type":"Feature","geometry":{"type":"Point","coordinates":[-2.91425,53.43771]},"properties":{"k":"c"}},{"type":"Feature","geometry":{"type":"Point","coordinates":[-3.00387,53.34112]},"properties":{"k":"c"}},{"type":"Feature","geometry":{"type":"Point","coordinates":[-3.01512,53.65194]},"properties":{"k":"c"}},{"type":"Feature","geometry":{"type":"Point","coordinates":[-3.00106,53.46785]},"properties":{"k":"c"}},{"type":"Feature","geometry":{"type":"Point","coordinates":[-3.17999,53.39022]},"properties":{"k":"c"}},{"type":"Feature","geometry":{"type":"Point","coordinates":[-2.97259,53.40193]},"properties":{"k":"c"}},{"type":"Feature","geometry":{"type":"Point","coordinates":[-2.65108,53.45631]},"properties":{"k":"c"}},{"type":"Feature","geometry":{"type":"Point","coordinates":[-2.98435,53.32237]},"properties":{"k":"c"}},{"type":"Feature","geometry":{"type":"Point","coordinates":[-2.95217,53.39772]},"properties":{"k":"c"}},{"type":"Feature","geometry":{"type":"Point","coordinates":[-3.0154,53.39205]},"properties":{"k":"c"}},{"type":"Feature","geometry":{"type":"Point","coordinates":[-2.94725,53.50541]},"properties":{"k":"c"}},{"type":"Feature","geometry":{"type":"Point","coordinates":[-2.969,53.63718]},"properties":{"k":"c"}},{"type":"Feature","geometry":{"type":"Point","coordinates":[-3.10298,53.3803]},"properties":{"k":"c"}},{"type":"Feature","geometry":{"type":"Point","coordinates":[-2.86,53.39]},"properties":{"k":"c"}},{"type":"Feature","geometry":{"type":"Point","coordinates":[-2.71987,53.4402]},"properties":{"k":"c"}},{"type":"Feature","geometry":{"type":"Point","coordinates":[-2.98946,53.39961]},"properties":{"k":"c"}},{"type":"Feature","geometry":{"type":"Point","coordinates":[-2.98396,53.40613]},"properties":{"k":"c"}},{"type":"Feature","geometry":{"type":"Point","coordinates":[-2.875,53.48408]},"properties":{"k":"c"}},{"type":"Feature","geometry":{"type":"Point","coordinates":[-2.99137,53.40685]},"properties":{"k":"c"}},{"type":"Feature","geometry":{"type":"Point","coordinates":[-3.09289,53.32597]},"properties":{"k":"c"}},{"type":"Feature","geometry":{"type":"Point","coordinates":[-2.97664,53.39505]},"properties":{"k":"c"}},{"type":"Feature","geometry":{"type":"Point","coordinates":[-3.0249,53.37388]},"properties":{"k":"c"}},{"type":"Feature","geometry":{"type":"Point","coordinates":[-2.92459,53.38991]},"properties":{"k":"c"}},{"type":"Feature","geometry":{"type":"Point","coordinates":[-2.98903,53.40252]},"properties":{"k":"c"}},{"type":"Feature","geometry":{"type":"Point","coordinates":[-3.00304,53.65067]},"properties":{"k":"c"}},{"type":"Feature","geometry":{"type":"Point","coordinates":[-3.1769,53.39295]},"properties":{"k":"c"}},{"type":"Feature","geometry":{"type":"Point","coordinates":[-3.11384,53.3808]},"properties":{"k":"c"}},{"type":"Feature","geometry":{"type":"Point","coordinates":[-2.97835,53.40299]},"properties":{"k":"c"}},{"type":"Feature","geometry":{"type":"Point","coordinates":[-2.98496,53.3222]},"properties":{"k":"c"}},{"type":"Feature","geometry":{"type":"Point","coordinates":[-3.04378,53.5636]},"properties":{"k":"c"}},{"type":"Feature","geometry":{"type":"Point","coordinates":[-3.0421,53.602]},"properties":{"k":"c"}},{"type":"Feature","geometry":{"type":"Point","coordinates":[-2.99011,53.40554]},"properties":{"k":"c"}},{"type":"Feature","geometry":{"type":"Point","coordinates":[-3.014,53.63438]},"properties":{"k":"c"}},{"type":"Feature","geometry":{"type":"Point","coordinates":[-2.85502,53.39065]},"properties":{"k":"c"}},{"type":"Feature","geometry":{"type":"Point","coordinates":[-2.98862,53.48627]},"properties":{"k":"c"}},{"type":"Feature","geometry":{"type":"Point","coordinates":[-2.9938,53.40067]},"properties":{"k":"c"}},{"type":"Feature","geometry":{"type":"Point","coordinates":[-3.01228,53.39588]},"properties":{"k":"c"}},{"type":"Feature","geometry":{"type":"Point","coordinates":[-2.87725,53.41919]},"properties":{"k":"c"}},{"type":"Feature","geometry":{"type":"Point","coordinates":[-3.00288,53.6406]},"properties":{"k":"c"}},{"type":"Feature","geometry":{"type":"Point","coordinates":[-2.97776,53.40205]},"properties":{"k":"c"}},{"type":"Feature","geometry":{"type":"Point","coordinates":[-2.96925,53.46298]},"properties":{"k":"c"}},{"type":"Feature","geometry":{"type":"Point","coordinates":[-3.00587,53.64573]},"properties":{"k":"c"}},{"type":"Feature","geometry":{"type":"Point","coordinates":[-2.9873,53.40449]},"properties":{"k":"c"}},{"type":"Feature","geometry":{"type":"Point","coordinates":[-2.88624,53.35117]},"properties":{"k":"c"}},{"type":"Feature","geometry":{"type":"Point","coordinates":[-2.8599,53.39045]},"properties":{"k":"f"}},{"type":"Feature","geometry":{"type":"Point","coordinates":[-2.92051,53.41531]},"properties":{"k":"f"}},{"type":"Feature","geometry":{"type":"Point","coordinates":[-3.02513,53.47528]},"properties":{"k":"c"}},{"type":"Feature","geometry":{"type":"Point","coordinates":[-2.86303,53.35521]},"properties":{"k":"c"}},{"type":"Feature","geometry":{"type":"Point","coordinates":[-2.9333,53.39237]},"properties":{"k":"c"}},{"type":"Feature","geometry":{"type":"Point","coordinates":[-2.99134,53.40594]},"properties":{"k":"c"}},{"type":"Feature","geometry":{"type":"Point","coordinates":[-2.98699,53.40512]},"properties":{"k":"f"}},{"type":"Feature","geometry":{"type":"Point","coordinates":[-2.6387,53.4513]},"properties":{"k":"c"}},{"type":"Feature","geometry":{"type":"Point","coordinates":[-2.93318,53.37162]},"properties":{"k":"c"}},{"type":"Feature","geometry":{"type":"Point","coordinates":[-2.96597,53.45016]},"properties":{"k":"c"}},{"type":"Feature","geometry":{"type":"Point","coordinates":[-3.00152,53.47015]},"properties":{"k":"c"}},{"type":"Feature","geometry":{"type":"Point","coordinates":[-2.95803,53.41249]},"properties":{"k":"c"}},{"type":"Feature","geometry":{"type":"Point","coordinates":[-2.79557,53.41673]},"properties":{"k":"c"}},{"type":"Feature","geometry":{"type":"Point","coordinates":[-2.91528,53.43697]},"properties":{"k":"c"}},{"type":"Feature","geometry":{"type":"Point","coordinates":[-2.97796,53.33142]},"properties":{"k":"c"}},{"type":"Feature","geometry":{"type":"Point","coordinates":[-3.00457,53.64691]},"properties":{"k":"c"}},{"type":"Feature","geometry":{"type":"Point","coordinates":[-2.94987,53.49169]},"properties":{"k":"c"}},{"type":"Feature","geometry":{"type":"Point","coordinates":[-2.98478,53.40683]},"properties":{"k":"c"}},{"type":"Feature","geometry":{"type":"Point","coordinates":[-3.01849,53.39361]},"properties":{"k":"c"}},{"type":"Feature","geometry":{"type":"Point","coordinates":[-2.73834,53.45468]},"properties":{"k":"c"}},{"type":"Feature","geometry":{"type":"Point","coordinates":[-2.9556,53.47036]},"properties":{"k":"c"}},{"type":"Feature","geometry":{"type":"Point","coordinates":[-3.02965,53.38918]},"properties":{"k":"c"}},{"type":"Feature","geometry":{"type":"Point","coordinates":[-2.99127,53.45456]},"properties":{"k":"c"}},{"type":"Feature","geometry":{"type":"Point","coordinates":[-2.85551,53.33773]},"properties":{"k":"c"}},{"type":"Feature","geometry":{"type":"Point","coordinates":[-2.99439,53.40931]},"properties":{"k":"c"}},{"type":"Feature","geometry":{"type":"Point","coordinates":[-2.99672,53.46253]},"properties":{"k":"c"}},{"type":"Feature","geometry":{"type":"Point","coordinates":[-2.92653,53.43383]},"properties":{"k":"c"}},{"type":"Feature","geometry":{"type":"Point","coordinates":[-2.9357,53.48284]},"properties":{"k":"c"}},{"type":"Feature","geometry":{"type":"Point","coordinates":[-2.83959,53.41256]},"properties":{"k":"c"}},{"type":"Feature","geometry":{"type":"Point","coordinates":[-2.98154,53.3964]},"properties":{"k":"c"}},{"type":"Feature","geometry":{"type":"Point","coordinates":[-3.00303,53.65076]},"properties":{"k":"c"}},{"type":"Feature","geometry":{"type":"Point","coordinates":[-2.952,53.43443]},"properties":{"k":"c"}},{"type":"Feature","geometry":{"type":"Point","coordinates":[-2.80062,53.41954]},"properties":{"k":"c"}},{"type":"Feature","geometry":{"type":"Point","coordinates":[-3.05033,53.39946]},"properties":{"k":"c"}},{"type":"Feature","geometry":{"type":"Point","coordinates":[-2.91355,53.38018]},"properties":{"k":"c"}},{"type":"Feature","geometry":{"type":"Point","coordinates":[-3.04177,53.41853]},"properties":{"k":"f"}},{"type":"Feature","geometry":{"type":"Point","coordinates":[-2.99337,53.45183]},"properties":{"k":"c"}},{"type":"Feature","geometry":{"type":"Point","coordinates":[-2.99132,53.40853]},"properties":{"k":"c"}},{"type":"Feature","geometry":{"type":"Point","coordinates":[-2.96629,53.40533]},"properties":{"k":"c"}},{"type":"Feature","geometry":{"type":"Point","coordinates":[-3.00169,53.46812]},"properties":{"k":"c"}},{"type":"Feature","geometry":{"type":"Point","coordinates":[-3.05051,53.39951]},"properties":{"k":"c"}},{"type":"Feature","geometry":{"type":"Point","coordinates":[-2.74748,53.50618]},"properties":{"k":"c"}},{"type":"Feature","geometry":{"type":"Point","coordinates":[-3.04645,53.42201]},"properties":{"k":"c"}},{"type":"Feature","geometry":{"type":"Point","coordinates":[-2.99366,53.48857]},"properties":{"k":"c"}},{"type":"Feature","geometry":{"type":"Point","coordinates":[-3.04335,53.38175]},"properties":{"k":"c"}},{"type":"Feature","geometry":{"type":"Point","coordinates":[-2.97042,53.44341]},"properties":{"k":"f"}},{"type":"Feature","geometry":{"type":"Point","coordinates":[-2.73864,53.45437]},"properties":{"k":"c"}},{"type":"Feature","geometry":{"type":"Point","coordinates":[-3.01524,53.37522]},"properties":{"k":"c"}},{"type":"Feature","geometry":{"type":"Point","coordinates":[-2.84315,53.39115]},"properties":{"k":"c"}},{"type":"Feature","geometry":{"type":"Point","coordinates":[-2.92094,53.41528]},"properties":{"k":"c"}},{"type":"Feature","geometry":{"type":"Point","coordinates":[-2.95847,53.42316]},"properties":{"k":"c"}},{"type":"Feature","geometry":{"type":"Point","coordinates":[-2.97193,53.40377]},"properties":{"k":"c"}},{"type":"Feature","geometry":{"type":"Point","coordinates":[-3.09028,53.41538]},"properties":{"k":"c"}},{"type":"Feature","geometry":{"type":"Point","coordinates":[-3.17532,53.39446]},"properties":{"k":"c"}},{"type":"Feature","geometry":{"type":"Point","coordinates":[-2.95351,53.46554]},"properties":{"k":"c"}},{"type":"Feature","geometry":{"type":"Point","coordinates":[-3.18513,53.37277]},"properties":{"k":"c"}},{"type":"Feature","geometry":{"type":"Point","coordinates":[-2.90956,53.51349]},"properties":{"k":"f"}},{"type":"Feature","geometry":{"type":"Point","coordinates":[-2.977,53.33189]},"properties":{"k":"c"}},{"type":"Feature","geometry":{"type":"Point","coordinates":[-2.98853,53.40527]},"properties":{"k":"c"}},{"type":"Feature","geometry":{"type":"Point","coordinates":[-3.06785,53.42786]},"properties":{"k":"c"}},{"type":"Feature","geometry":{"type":"Point","coordinates":[-2.89948,53.3905]},"properties":{"k":"c"}},{"type":"Feature","geometry":{"type":"Point","coordinates":[-2.97535,53.4043]},"properties":{"k":"c"}},{"type":"Feature","geometry":{"type":"Point","coordinates":[-3.03118,53.42184]},"properties":{"k":"c"}},{"type":"Feature","geometry":{"type":"Point","coordinates":[-3.00519,53.64707]},"properties":{"k":"c"}},{"type":"Feature","geometry":{"type":"Point","coordinates":[-3.11241,53.40117]},"properties":{"k":"f"}},{"type":"Feature","geometry":{"type":"Point","coordinates":[-2.90377,53.36132]},"properties":{"k":"c"}},{"type":"Feature","geometry":{"type":"Point","coordinates":[-2.97632,53.34]},"properties":{"k":"c"}},{"type":"Feature","geometry":{"type":"Point","coordinates":[-3.01555,53.3778]},"properties":{"k":"c"}},{"type":"Feature","geometry":{"type":"Point","coordinates":[-3.03099,53.48468]},"properties":{"k":"c"}},{"type":"Feature","geometry":{"type":"Point","coordinates":[-2.83973,53.34508]},"properties":{"k":"c"}},{"type":"Feature","geometry":{"type":"Point","coordinates":[-2.91114,53.36868]},"properties":{"k":"c"}},{"type":"Feature","geometry":{"type":"Point","coordinates":[-2.8935,53.36659]},"properties":{"k":"c"}},{"type":"Feature","geometry":{"type":"Point","coordinates":[-3.18449,53.37173]},"properties":{"k":"c"}},{"type":"Feature","geometry":{"type":"Point","coordinates":[-2.83951,53.41179]},"properties":{"k":"c"}},{"type":"Feature","geometry":{"type":"Point","coordinates":[-2.95441,53.53078]},"properties":{"k":"c"}},{"type":"Feature","geometry":{"type":"Point","coordinates":[-2.98803,53.64963]},"properties":{"k":"c"}},{"type":"Feature","geometry":{"type":"Point","coordinates":[-2.98457,53.4061]},"properties":{"k":"c"}},{"type":"Feature","geometry":{"type":"Point","coordinates":[-3.03288,53.38899]},"properties":{"k":"c"}},{"type":"Feature","geometry":{"type":"Point","coordinates":[-3.04321,53.438]},"properties":{"k":"c"}},{"type":"Feature","geometry":{"type":"Point","coordinates":[-2.99027,53.40783]},"properties":{"k":"c"}},{"type":"Feature","geometry":{"type":"Point","coordinates":[-2.89543,53.3533]},"properties":{"k":"c"}},{"type":"Feature","geometry":{"type":"Point","coordinates":[-2.92924,53.3936]},"properties":{"k":"f"}},{"type":"Feature","geometry":{"type":"Point","coordinates":[-3.02601,53.41276]},"properties":{"k":"c"}},{"type":"Feature","geometry":{"type":"Point","coordinates":[-3.18385,53.37274]},"properties":{"k":"c"}},{"type":"Feature","geometry":{"type":"Point","coordinates":[-3.03929,53.44025]},"properties":{"k":"c"}},{"type":"Feature","geometry":{"type":"Point","coordinates":[-3.05669,53.3948]},"properties":{"k":"c"}},{"type":"Feature","geometry":{"type":"Point","coordinates":[-3.00354,53.64965]},"properties":{"k":"c"}},{"type":"Feature","geometry":{"type":"Point","coordinates":[-3.06339,53.55617]},"properties":{"k":"c"}},{"type":"Feature","geometry":{"type":"Point","coordinates":[-2.99536,53.40295]},"properties":{"k":"c"}},{"type":"Feature","geometry":{"type":"Point","coordinates":[-2.95749,53.41163]},"properties":{"k":"c"}},{"type":"Feature","geometry":{"type":"Point","coordinates":[-2.89578,53.43219]},"properties":{"k":"c"}},{"type":"Feature","geometry":{"type":"Point","coordinates":[-2.93263,53.50645]},"properties":{"k":"c"}},{"type":"Feature","geometry":{"type":"Point","coordinates":[-2.92231,53.40856]},"properties":{"k":"f"}},{"type":"Feature","geometry":{"type":"Point","coordinates":[-2.95442,53.46548]},"properties":{"k":"c"}},{"type":"Feature","geometry":{"type":"Point","coordinates":[-2.99694,53.43991]},"properties":{"k":"c"}},{"type":"Feature","geometry":{"type":"Point","coordinates":[-3.01653,53.36513]},"properties":{"k":"c"}},{"type":"Feature","geometry":{"type":"Point","coordinates":[-3.00826,53.48856]},"properties":{"k":"c"}},{"type":"Feature","geometry":{"type":"Point","coordinates":[-2.72615,53.44674]},"properties":{"k":"c"}},{"type":"Feature","geometry":{"type":"Point","coordinates":[-2.7338,53.45128]},"properties":{"k":"c"}},{"type":"Feature","geometry":{"type":"Point","coordinates":[-3.04398,53.41932]},"properties":{"k":"c"}},{"type":"Feature","geometry":{"type":"Point","coordinates":[-2.97249,53.40253]},"properties":{"k":"c"}},{"type":"Feature","geometry":{"type":"Point","coordinates":[-3.1168,53.40859]},"properties":{"k":"c"}},{"type":"Feature","geometry":{"type":"Point","coordinates":[-2.93115,53.42472]},"properties":{"k":"c"}},{"type":"Feature","geometry":{"type":"Point","coordinates":[-2.62032,53.45766]},"properties":{"k":"c"}},{"type":"Feature","geometry":{"type":"Point","coordinates":[-2.94854,53.41216]},"properties":{"k":"f"}},{"type":"Feature","geometry":{"type":"Point","coordinates":[-2.92605,53.43323]},"properties":{"k":"c"}},{"type":"Feature","geometry":{"type":"Point","coordinates":[-3.00142,53.44296]},"properties":{"k":"c"}},{"type":"Feature","geometry":{"type":"Point","coordinates":[-3.04616,53.32142]},"properties":{"k":"c"}},{"type":"Feature","geometry":{"type":"Point","coordinates":[-2.99337,53.40147]},"properties":{"k":"c"}},{"type":"Feature","geometry":{"type":"Point","coordinates":[-3.02465,53.49265]},"properties":{"k":"c"}},{"type":"Feature","geometry":{"type":"Point","coordinates":[-2.97232,53.40388]},"properties":{"k":"c"}},{"type":"Feature","geometry":{"type":"Point","coordinates":[-3.0797,53.56027]},"properties":{"k":"c"}},{"type":"Feature","geometry":{"type":"Point","coordinates":[-2.95097,53.48289]},"properties":{"k":"c"}},{"type":"Feature","geometry":{"type":"Point","coordinates":[-2.98067,53.42568]},"properties":{"k":"c"}},{"type":"Feature","geometry":{"type":"Point","coordinates":[-2.7855,53.42321]},"properties":{"k":"c"}},{"type":"Feature","geometry":{"type":"Point","coordinates":[-3.04289,53.43809]},"properties":{"k":"c"}},{"type":"Feature","geometry":{"type":"Point","coordinates":[-3.02353,53.47888]},"properties":{"k":"c"}},{"type":"Feature","geometry":{"type":"Point","coordinates":[-3.14804,53.40747]},"properties":{"k":"c"}},{"type":"Feature","geometry":{"type":"Point","coordinates":[-2.94832,53.50284]},"properties":{"k":"c"}},{"type":"Feature","geometry":{"type":"Point","coordinates":[-3.00189,53.65048]},"properties":{"k":"c"}},{"type":"Feature","geometry":{"type":"Point","coordinates":[-2.95411,53.37998]},"properties":{"k":"c"}},{"type":"Feature","geometry":{"type":"Point","coordinates":[-2.98784,53.40822]},"properties":{"k":"c"}},{"type":"Feature","geometry":{"type":"Point","coordinates":[-3.04519,53.44079]},"properties":{"k":"c"}},{"type":"Feature","geometry":{"type":"Point","coordinates":[-2.85748,53.39216]},"properties":{"k":"c"}},{"type":"Feature","geometry":{"type":"Point","coordinates":[-3.09774,53.32848]},"properties":{"k":"c"}},{"type":"Feature","geometry":{"type":"Point","coordinates":[-2.96481,53.40601]},"properties":{"k":"c"}},{"type":"Feature","geometry":{"type":"Point","coordinates":[-2.89495,53.41741]},"properties":{"k":"c"}},{"type":"Feature","geometry":{"type":"Point","coordinates":[-2.94573,53.45572]},"properties":{"k":"c"}},{"type":"Feature","geometry":{"type":"Point","coordinates":[-2.94801,53.4093]},"properties":{"k":"c"}},{"type":"Feature","geometry":{"type":"Point","coordinates":[-2.82263,53.36711]},"properties":{"k":"c"}},{"type":"Feature","geometry":{"type":"Point","coordinates":[-2.97565,53.44246]},"properties":{"k":"c"}},{"type":"Feature","geometry":{"type":"Point","coordinates":[-3.1126,53.40092]},"properties":{"k":"c"}},{"type":"Feature","geometry":{"type":"Point","coordinates":[-2.73386,53.45089]},"properties":{"k":"c"}},{"type":"Feature","geometry":{"type":"Point","coordinates":[-3.03935,53.60222]},"properties":{"k":"c"}},{"type":"Feature","geometry":{"type":"Point","coordinates":[-3.03304,53.38749]},"properties":{"k":"c"}},{"type":"Feature","geometry":{"type":"Point","coordinates":[-3.00941,53.39537]},"properties":{"k":"c"}},{"type":"Feature","geometry":{"type":"Point","coordinates":[-3.0159,53.39614]},"properties":{"k":"c"}},{"type":"Feature","geometry":{"type":"Point","coordinates":[-3.02638,53.41234]},"properties":{"k":"c"}},{"type":"Feature","geometry":{"type":"Point","coordinates":[-3.18352,53.36898]},"properties":{"k":"c"}},{"type":"Feature","geometry":{"type":"Point","coordinates":[-3.02932,53.38947]},"properties":{"k":"c"}},{"type":"Feature","geometry":{"type":"Point","coordinates":[-2.93672,53.37595]},"properties":{"k":"c"}},{"type":"Feature","geometry":{"type":"Point","coordinates":[-2.83831,53.41034]},"properties":{"k":"c"}},{"type":"Feature","geometry":{"type":"Point","coordinates":[-2.92894,53.39014]},"properties":{"k":"c"}},{"type":"Feature","geometry":{"type":"Point","coordinates":[-2.88755,53.48109]},"properties":{"k":"c"}},{"type":"Feature","geometry":{"type":"Point","coordinates":[-3.14481,53.3751]},"properties":{"k":"c"}},{"type":"Feature","geometry":{"type":"Point","coordinates":[-2.97982,53.40392]},"properties":{"k":"c"}},{"type":"Feature","geometry":{"type":"Point","coordinates":[-2.96714,53.40084]},"properties":{"k":"c"}},{"type":"Feature","geometry":{"type":"Point","coordinates":[-3.06142,53.5567]},"properties":{"k":"c"}},{"type":"Feature","geometry":{"type":"Point","coordinates":[-2.80273,53.42999]},"properties":{"k":"c"}},{"type":"Feature","geometry":{"type":"Point","coordinates":[-3.05271,53.42378]},"properties":{"k":"c"}},{"type":"Feature","geometry":{"type":"Point","coordinates":[-2.93118,53.50651]},"properties":{"k":"c"}},{"type":"Feature","geometry":{"type":"Point","coordinates":[-2.80375,53.42961]},"properties":{"k":"c"}},{"type":"Feature","geometry":{"type":"Point","coordinates":[-2.92758,53.44089]},"properties":{"k":"c"}},{"type":"Feature","geometry":{"type":"Point","coordinates":[-2.97399,53.40208]},"properties":{"k":"f"}},{"type":"Feature","geometry":{"type":"Point","coordinates":[-2.95971,53.37922]},"properties":{"k":"c"}},{"type":"Feature","geometry":{"type":"Point","coordinates":[-2.70302,53.43555]},"properties":{"k":"c"}},{"type":"Feature","geometry":{"type":"Point","coordinates":[-3.00422,53.64491]},"properties":{"k":"c"}},{"type":"Feature","geometry":{"type":"Point","coordinates":[-2.85693,53.3705]},"properties":{"k":"c"}},{"type":"Feature","geometry":{"type":"Point","coordinates":[-2.97178,53.43725]},"properties":{"k":"c"}},{"type":"Feature","geometry":{"type":"Point","coordinates":[-2.73869,53.45477]},"properties":{"k":"f"}},{"type":"Feature","geometry":{"type":"Point","coordinates":[-2.98058,53.40408]},"properties":{"k":"c"}},{"type":"Feature","geometry":{"type":"Point","coordinates":[-2.98504,53.43299]},"properties":{"k":"f"}},{"type":"Feature","geometry":{"type":"Point","coordinates":[-3.01258,53.63381]},"properties":{"k":"c"}},{"type":"Feature","geometry":{"type":"Point","coordinates":[-2.61921,53.45718]},"properties":{"k":"c"}},{"type":"Feature","geometry":{"type":"Point","coordinates":[-3.01298,53.65011]},"properties":{"k":"c"}},{"type":"Feature","geometry":{"type":"Point","coordinates":[-2.99508,53.41985]},"properties":{"k":"c"}},{"type":"Feature","geometry":{"type":"Point","coordinates":[-2.61906,53.4574]},"properties":{"k":"c"}},{"type":"Feature","geometry":{"type":"Point","coordinates":[-2.981,53.41211]},"properties":{"k":"c"}},{"type":"Feature","geometry":{"type":"Point","coordinates":[-3.00511,53.64929]},"properties":{"k":"c"}},{"type":"Feature","geometry":{"type":"Point","coordinates":[-3.03445,53.37425]},"properties":{"k":"c"}},{"type":"Feature","geometry":{"type":"Point","coordinates":[-3.00295,53.64346]},"properties":{"k":"c"}},{"type":"Feature","geometry":{"type":"Point","coordinates":[-2.96518,53.3817]},"properties":{"k":"c"}},{"type":"Feature","geometry":{"type":"Point","coordinates":[-2.99099,53.45366]},"properties":{"k":"c"}},{"type":"Feature","geometry":{"type":"Point","coordinates":[-3.06045,53.55763]},"properties":{"k":"c"}},{"type":"Feature","geometry":{"type":"Point","coordinates":[-2.98525,53.40349]},"properties":{"k":"c"}},{"type":"Feature","geometry":{"type":"Point","coordinates":[-3.02165,53.63672]},"properties":{"k":"c"}},{"type":"Feature","geometry":{"type":"Point","coordinates":[-2.98703,53.40302]},"properties":{"k":"c"}},{"type":"Feature","geometry":{"type":"Point","coordinates":[-3.00119,53.44711]},"properties":{"k":"c"}},{"type":"Feature","geometry":{"type":"Point","coordinates":[-2.97423,53.40375]},"properties":{"k":"c"}},{"type":"Feature","geometry":{"type":"Point","coordinates":[-3.0848,53.39549]},"properties":{"k":"c"}},{"type":"Feature","geometry":{"type":"Point","coordinates":[-3.05839,53.4961]},"properties":{"k":"c"}},{"type":"Feature","geometry":{"type":"Point","coordinates":[-2.96758,53.4104]},"properties":{"k":"c"}},{"type":"Feature","geometry":{"type":"Point","coordinates":[-2.86667,53.37536]},"properties":{"k":"c"}},{"type":"Feature","geometry":{"type":"Point","coordinates":[-2.947,53.38028]},"properties":{"k":"c"}},{"type":"Feature","geometry":{"type":"Point","coordinates":[-2.93375,53.40797]},"properties":{"k":"c"}},{"type":"Feature","geometry":{"type":"Point","coordinates":[-2.99281,53.40841]},"properties":{"k":"c"}},{"type":"Feature","geometry":{"type":"Point","coordinates":[-2.94531,53.38174]},"properties":{"k":"c"}},{"type":"Feature","geometry":{"type":"Point","coordinates":[-2.98888,53.41541]},"properties":{"k":"f"}},{"type":"Feature","geometry":{"type":"Point","coordinates":[-3.13889,53.3465]},"properties":{"k":"c"}},{"type":"Feature","geometry":{"type":"Point","coordinates":[-3.06246,53.56827]},"properties":{"k":"c"}},{"type":"Feature","geometry":{"type":"Point","coordinates":[-2.89834,53.35381]},"properties":{"k":"f"}},{"type":"Feature","geometry":{"type":"Point","coordinates":[-3.1114,53.40061]},"properties":{"k":"f"}},{"type":"Feature","geometry":{"type":"Point","coordinates":[-2.9771,53.40478]},"properties":{"k":"c"}},{"type":"Feature","geometry":{"type":"Point","coordinates":[-3.02413,53.4758]},"properties":{"k":"c"}},{"type":"Feature","geometry":{"type":"Point","coordinates":[-2.91968,53.38665]},"properties":{"k":"c"}},{"type":"Feature","geometry":{"type":"Point","coordinates":[-2.91164,53.38809]},"properties":{"k":"c"}},{"type":"Feature","geometry":{"type":"Point","coordinates":[-2.96073,53.31446]},"properties":{"k":"c"}},{"type":"Feature","geometry":{"type":"Point","coordinates":[-2.72306,53.45201]},"properties":{"k":"c"}},{"type":"Feature","geometry":{"type":"Point","coordinates":[-2.99243,53.45223]},"properties":{"k":"c"}},{"type":"Feature","geometry":{"type":"Point","coordinates":[-2.9455,53.45489]},"properties":{"k":"c"}},{"type":"Feature","geometry":{"type":"Point","coordinates":[-2.91064,53.44784]},"properties":{"k":"f"}},{"type":"Feature","geometry":{"type":"Point","coordinates":[-3.07143,53.56601]},"properties":{"k":"c"}},{"type":"Feature","geometry":{"type":"Point","coordinates":[-2.82426,53.34311]},"properties":{"k":"c"}},{"type":"Feature","geometry":{"type":"Point","coordinates":[-2.97874,53.39323]},"properties":{"k":"c"}},{"type":"Feature","geometry":{"type":"Point","coordinates":[-2.94278,53.4247]},"properties":{"k":"c"}},{"type":"Feature","geometry":{"type":"Point","coordinates":[-2.84001,53.34618]},"properties":{"k":"c"}},{"type":"Feature","geometry":{"type":"Point","coordinates":[-2.73831,53.45492]},"properties":{"k":"c"}},{"type":"Feature","geometry":{"type":"Point","coordinates":[-2.99175,53.64943]},"properties":{"k":"c"}},{"type":"Feature","geometry":{"type":"Point","coordinates":[-3.11215,53.40245]},"properties":{"k":"c"}},{"type":"Feature","geometry":{"type":"Point","coordinates":[-3.02335,53.38978]},"properties":{"k":"c"}},{"type":"Feature","geometry":{"type":"Point","coordinates":[-2.96239,53.45982]},"properties":{"k":"c"}},{"type":"Feature","geometry":{"type":"Point","coordinates":[-2.99702,53.34906]},"properties":{"k":"c"}},{"type":"Feature","geometry":{"type":"Point","coordinates":[-2.74249,53.45267]},"properties":{"k":"c"}},{"type":"Feature","geometry":{"type":"Point","coordinates":[-3.13429,53.36427]},"properties":{"k":"c"}},{"type":"Feature","geometry":{"type":"Point","coordinates":[-2.97602,53.40889]},"properties":{"k":"c"}},{"type":"Feature","geometry":{"type":"Point","coordinates":[-3.00452,53.64704]},"properties":{"k":"c"}},{"type":"Feature","geometry":{"type":"Point","coordinates":[-2.97448,53.47033]},"properties":{"k":"c"}},{"type":"Feature","geometry":{"type":"Point","coordinates":[-2.9831,53.40817]},"properties":{"k":"c"}},{"type":"Feature","geometry":{"type":"Point","coordinates":[-3.04236,53.41872]},"properties":{"k":"c"}},{"type":"Feature","geometry":{"type":"Point","coordinates":[-3.03603,53.43825]},"properties":{"k":"c"}},{"type":"Feature","geometry":{"type":"Point","coordinates":[-3.01674,53.39257]},"properties":{"k":"c"}},{"type":"Feature","geometry":{"type":"Point","coordinates":[-2.87249,53.39634]},"properties":{"k":"c"}},{"type":"Feature","geometry":{"type":"Point","coordinates":[-3.03767,53.41555]},"properties":{"k":"c"}},{"type":"Feature","geometry":{"type":"Point","coordinates":[-3.02522,53.49073]},"properties":{"k":"c"}},{"type":"Feature","geometry":{"type":"Point","coordinates":[-2.99847,53.36185]},"properties":{"k":"c"}},{"type":"Feature","geometry":{"type":"Point","coordinates":[-2.73403,53.4512]},"properties":{"k":"c"}},{"type":"Feature","geometry":{"type":"Point","coordinates":[-2.95917,53.46345]},"properties":{"k":"c"}},{"type":"Feature","geometry":{"type":"Point","coordinates":[-2.90646,53.42885]},"properties":{"k":"c"}},{"type":"Feature","geometry":{"type":"Point","coordinates":[-3.02638,53.41219]},"properties":{"k":"c"}},{"type":"Feature","geometry":{"type":"Point","coordinates":[-3.01257,53.63385]},"properties":{"k":"c"}},{"type":"Feature","geometry":{"type":"Point","coordinates":[-2.93298,53.36346]},"properties":{"k":"c"}},{"type":"Feature","geometry":{"type":"Point","coordinates":[-2.73662,53.45358]},"properties":{"k":"c"}},{"type":"Feature","geometry":{"type":"Point","coordinates":[-3.01694,53.39675]},"properties":{"k":"c"}},{"type":"Feature","geometry":{"type":"Point","coordinates":[-2.98832,53.40514]},"properties":{"k":"c"}},{"type":"Feature","geometry":{"type":"Point","coordinates":[-2.94695,53.38056]},"properties":{"k":"c"}},{"type":"Feature","geometry":{"type":"Point","coordinates":[-3.17541,53.39418]},"properties":{"k":"c"}},{"type":"Feature","geometry":{"type":"Point","coordinates":[-2.97137,53.40143]},"properties":{"k":"c"}},{"type":"Feature","geometry":{"type":"Point","coordinates":[-2.97953,53.40392]},"properties":{"k":"c"}},{"type":"Feature","geometry":{"type":"Point","coordinates":[-2.9409,53.46856]},"properties":{"k":"c"}},{"type":"Feature","geometry":{"type":"Point","coordinates":[-2.92568,53.38984]},"properties":{"k":"c"}},{"type":"Feature","geometry":{"type":"Point","coordinates":[-2.71542,53.43785]},"properties":{"k":"c"}},{"type":"Feature","geometry":{"type":"Point","coordinates":[-2.987,53.41012]},"properties":{"k":"c"}},{"type":"Feature","geometry":{"type":"Point","coordinates":[-3.03647,53.6026]},"properties":{"k":"c"}},{"type":"Feature","geometry":{"type":"Point","coordinates":[-2.9642,53.38444]},"properties":{"k":"f"}},{"type":"Feature","geometry":{"type":"Point","coordinates":[-2.95387,53.42507]},"properties":{"k":"c"}},{"type":"Feature","geometry":{"type":"Point","coordinates":[-2.73887,53.45169]},"properties":{"k":"c"}},{"type":"Feature","geometry":{"type":"Point","coordinates":[-3.00241,53.6472]},"properties":{"k":"c"}},{"type":"Feature","geometry":{"type":"Point","coordinates":[-2.92423,53.41988]},"properties":{"k":"c"}},{"type":"Feature","geometry":{"type":"Point","coordinates":[-2.98823,53.40669]},"properties":{"k":"c"}},{"type":"Feature","geometry":{"type":"Point","coordinates":[-2.76323,53.44011]},"properties":{"k":"c"}},{"type":"Feature","geometry":{"type":"Point","coordinates":[-2.99827,53.40909]},"properties":{"k":"c"}},{"type":"Feature","geometry":{"type":"Point","coordinates":[-2.94095,53.378]},"properties":{"k":"c"}},{"type":"Feature","geometry":{"type":"Point","coordinates":[-3.00541,53.6487]},"properties":{"k":"c"}},{"type":"Feature","geometry":{"type":"Point","coordinates":[-3.11333,53.40076]},"properties":{"k":"c"}},{"type":"Feature","geometry":{"type":"Point","coordinates":[-3.05717,53.36705]},"properties":{"k":"c"}},{"type":"Feature","geometry":{"type":"Point","coordinates":[-3.03445,53.60311]},"properties":{"k":"c"}},{"type":"Feature","geometry":{"type":"Point","coordinates":[-3.06272,53.42217]},"properties":{"k":"c"}},{"type":"Feature","geometry":{"type":"Point","coordinates":[-2.93329,53.39223]},"properties":{"k":"f"}},{"type":"Feature","geometry":{"type":"Point","coordinates":[-3.03089,53.4123]},"properties":{"k":"c"}},{"type":"Feature","geometry":{"type":"Point","coordinates":[-2.892,53.4187]},"properties":{"k":"c"}},{"type":"Feature","geometry":{"type":"Point","coordinates":[-2.96778,53.44664]},"properties":{"k":"c"}},{"type":"Feature","geometry":{"type":"Point","coordinates":[-2.64322,53.46217]},"properties":{"k":"c"}},{"type":"Feature","geometry":{"type":"Point","coordinates":[-2.96617,53.40624]},"properties":{"k":"c"}},{"type":"Feature","geometry":{"type":"Point","coordinates":[-2.98161,53.39716]},"properties":{"k":"c"}},{"type":"Feature","geometry":{"type":"Point","coordinates":[-2.72393,53.42017]},"properties":{"k":"c"}},{"type":"Feature","geometry":{"type":"Point","coordinates":[-2.97228,53.43685]},"properties":{"k":"c"}},{"type":"Feature","geometry":{"type":"Point","coordinates":[-3.02658,53.4745]},"properties":{"k":"c"}},{"type":"Feature","geometry":{"type":"Point","coordinates":[-2.74401,53.45265]},"properties":{"k":"c"}},{"type":"Feature","geometry":{"type":"Point","coordinates":[-2.85797,53.48423]},"properties":{"k":"c"}},{"type":"Feature","geometry":{"type":"Point","coordinates":[-3.04639,53.33653]},"properties":{"k":"c"}},{"type":"Feature","geometry":{"type":"Point","coordinates":[-2.71989,53.4467]},"properties":{"k":"c"}},{"type":"Feature","geometry":{"type":"Point","coordinates":[-2.97207,53.64739]},"properties":{"k":"c"}},{"type":"Feature","geometry":{"type":"Point","coordinates":[-2.95765,53.41158]},"properties":{"k":"c"}},{"type":"Feature","geometry":{"type":"Point","coordinates":[-2.89276,53.35797]},"properties":{"k":"c"}},{"type":"Feature","geometry":{"type":"Point","coordinates":[-3.01287,53.62187]},"properties":{"k":"c"}},{"type":"Feature","geometry":{"type":"Point","coordinates":[-3.11083,53.40115]},"properties":{"k":"c"}},{"type":"Feature","geometry":{"type":"Point","coordinates":[-2.98494,53.40881]},"properties":{"k":"c"}},{"type":"Feature","geometry":{"type":"Point","coordinates":[-2.97378,53.32796]},"properties":{"k":"c"}},{"type":"Feature","geometry":{"type":"Point","coordinates":[-3.1305,53.34847]},"properties":{"k":"c"}},{"type":"Feature","geometry":{"type":"Point","coordinates":[-3.09611,53.32784]},"properties":{"k":"c"}},{"type":"Feature","geometry":{"type":"Point","coordinates":[-3.09799,53.38471]},"properties":{"k":"c"}},{"type":"Feature","geometry":{"type":"Point","coordinates":[-2.83613,53.40819]},"properties":{"k":"c"}},{"type":"Feature","geometry":{"type":"Point","coordinates":[-3.02267,53.38962]},"properties":{"k":"c"}},{"type":"Feature","geometry":{"type":"Point","coordinates":[-2.71276,53.46746]},"properties":{"k":"c"}},{"type":"Feature","geometry":{"type":"Point","coordinates":[-2.9742,53.40388]},"properties":{"k":"c"}},{"type":"Feature","geometry":{"type":"Point","coordinates":[-3.02682,53.47431]},"properties":{"k":"c"}},{"type":"Feature","geometry":{"type":"Point","coordinates":[-2.97779,53.33227]},"properties":{"k":"c"}},{"type":"Feature","geometry":{"type":"Point","coordinates":[-2.70842,53.45833]},"properties":{"k":"c"}},{"type":"Feature","geometry":{"type":"Point","coordinates":[-2.98632,53.39723]},"properties":{"k":"c"}},{"type":"Feature","geometry":{"type":"Point","coordinates":[-2.98119,53.40259]},"properties":{"k":"c"}},{"type":"Feature","geometry":{"type":"Point","coordinates":[-3.09715,53.38481]},"properties":{"k":"c"}},{"type":"Feature","geometry":{"type":"Point","coordinates":[-3.02524,53.49076]},"properties":{"k":"c"}},{"type":"Feature","geometry":{"type":"Point","coordinates":[-2.64085,53.45292]},"properties":{"k":"c"}},{"type":"Feature","geometry":{"type":"Point","coordinates":[-2.93481,53.48278]},"properties":{"k":"c"}},{"type":"Feature","geometry":{"type":"Point","coordinates":[-3.10725,53.40971]},"properties":{"k":"c"}},{"type":"Feature","geometry":{"type":"Point","coordinates":[-3.03189,53.52738]},"properties":{"k":"c"}},{"type":"Feature","geometry":{"type":"Point","coordinates":[-2.97577,53.40938]},"properties":{"k":"c"}},{"type":"Feature","geometry":{"type":"Point","coordinates":[-2.96613,53.44943]},"properties":{"k":"c"}},{"type":"Feature","geometry":{"type":"Point","coordinates":[-2.76688,53.41662]},"properties":{"k":"c"}},{"type":"Feature","geometry":{"type":"Point","coordinates":[-2.74182,53.45323]},"properties":{"k":"c"}},{"type":"Feature","geometry":{"type":"Point","coordinates":[-3.01628,53.40982]},"properties":{"k":"c"}},{"type":"Feature","geometry":{"type":"Point","coordinates":[-2.96743,53.40353]},"properties":{"k":"c"}},{"type":"Feature","geometry":{"type":"Point","coordinates":[-2.99436,53.4602]},"properties":{"k":"c"}},{"type":"Feature","geometry":{"type":"Point","coordinates":[-2.86917,53.37444]},"properties":{"k":"c"}},{"type":"Feature","geometry":{"type":"Point","coordinates":[-3.04817,53.3357]},"properties":{"k":"c"}},{"type":"Feature","geometry":{"type":"Point","coordinates":[-3.00304,53.35005]},"properties":{"k":"c"}},{"type":"Feature","geometry":{"type":"Point","coordinates":[-2.71954,53.44685]},"properties":{"k":"c"}},{"type":"Feature","geometry":{"type":"Point","coordinates":[-3.11365,53.4007]},"properties":{"k":"c"}},{"type":"Feature","geometry":{"type":"Point","coordinates":[-2.60638,53.45225]},"properties":{"k":"c"}},{"type":"Feature","geometry":{"type":"Point","coordinates":[-2.92672,53.42196]},"properties":{"k":"f"}},{"type":"Feature","geometry":{"type":"Point","coordinates":[-3.17206,53.39703]},"properties":{"k":"c"}},{"type":"Feature","geometry":{"type":"Point","coordinates":[-2.71027,53.39185]},"properties":{"k":"c"}},{"type":"Feature","geometry":{"type":"Point","coordinates":[-2.86703,53.37486]},"properties":{"k":"c"}},{"type":"Feature","geometry":{"type":"Point","coordinates":[-3.18871,53.37174]},"properties":{"k":"c"}},{"type":"Feature","geometry":{"type":"Point","coordinates":[-3.04478,53.41767]},"properties":{"k":"c"}},{"type":"Feature","geometry":{"type":"Point","coordinates":[-2.91331,53.389]},"properties":{"k":"c"}},{"type":"Feature","geometry":{"type":"Point","coordinates":[-3.11222,53.40121]},"properties":{"k":"c"}},{"type":"Feature","geometry":{"type":"Point","coordinates":[-2.9823,53.39571]},"properties":{"k":"c"}},{"type":"Feature","geometry":{"type":"Point","coordinates":[-2.81209,53.39806]},"properties":{"k":"f"}},{"type":"Feature","geometry":{"type":"Point","coordinates":[-3.08394,53.40199]},"properties":{"k":"c"}},{"type":"Feature","geometry":{"type":"Point","coordinates":[-2.96188,53.45457]},"properties":{"k":"c"}},{"type":"Feature","geometry":{"type":"Point","coordinates":[-2.94867,53.48593]},"properties":{"k":"f"}},{"type":"Feature","geometry":{"type":"Point","coordinates":[-2.99911,53.41275]},"properties":{"k":"c"}},{"type":"Feature","geometry":{"type":"Point","coordinates":[-3.04879,53.43994]},"properties":{"k":"c"}},{"type":"Feature","geometry":{"type":"Point","coordinates":[-2.95434,53.42474]},"properties":{"k":"c"}},{"type":"Feature","geometry":{"type":"Point","coordinates":[-2.85858,53.37646]},"properties":{"k":"c"}},{"type":"Feature","geometry":{"type":"Point","coordinates":[-2.90894,53.45662]},"properties":{"k":"c"}},{"type":"Feature","geometry":{"type":"Point","coordinates":[-3.17436,53.39507]},"properties":{"k":"c"}},{"type":"Feature","geometry":{"type":"Point","coordinates":[-3.09699,53.33546]},"properties":{"k":"c"}},{"type":"Feature","geometry":{"type":"Point","coordinates":[-3.00302,53.64871]},"properties":{"k":"c"}},{"type":"Feature","geometry":{"type":"Point","coordinates":[-3.11297,53.40134]},"properties":{"k":"c"}},{"type":"Feature","geometry":{"type":"Point","coordinates":[-2.90763,53.38543]},"properties":{"k":"c"}},{"type":"Feature","geometry":{"type":"Point","coordinates":[-2.98886,53.4061]},"properties":{"k":"c"}},{"type":"Feature","geometry":{"type":"Point","coordinates":[-2.99655,53.35992]},"properties":{"k":"c"}},{"type":"Feature","geometry":{"type":"Point","coordinates":[-2.97792,53.40051]},"properties":{"k":"c"}},{"type":"Feature","geometry":{"type":"Point","coordinates":[-3.03492,53.60266]},"properties":{"k":"c"}},{"type":"Feature","geometry":{"type":"Point","coordinates":[-2.99054,53.45212]},"properties":{"k":"f"}},{"type":"Feature","geometry":{"type":"Point","coordinates":[-2.98206,53.40818]},"properties":{"k":"c"}},{"type":"Feature","geometry":{"type":"Point","coordinates":[-2.97171,53.43851]},"properties":{"k":"c"}},{"type":"Feature","geometry":{"type":"Point","coordinates":[-2.96637,53.38591]},"properties":{"k":"c"}},{"type":"Feature","geometry":{"type":"Point","coordinates":[-2.94625,53.4262]},"properties":{"k":"c"}},{"type":"Feature","geometry":{"type":"Point","coordinates":[-2.94239,53.5169]},"properties":{"k":"c"}},{"type":"Feature","geometry":{"type":"Point","coordinates":[-2.73998,53.45183]},"properties":{"k":"f"}},{"type":"Feature","geometry":{"type":"Point","coordinates":[-3.00956,53.64449]},"properties":{"k":"f"}},{"type":"Feature","geometry":{"type":"Point","coordinates":[-2.62357,53.44844]},"properties":{"k":"f"}},{"type":"Feature","geometry":{"type":"Point","coordinates":[-2.94975,53.39583]},"properties":{"k":"c"}},{"type":"Feature","geometry":{"type":"Point","coordinates":[-2.91961,53.43476]},"properties":{"k":"c"}},{"type":"Feature","geometry":{"type":"Point","coordinates":[-3.04039,53.48424]},"properties":{"k":"c"}},{"type":"Feature","geometry":{"type":"Point","coordinates":[-2.96319,53.38937]},"properties":{"k":"c"}},{"type":"Feature","geometry":{"type":"Point","coordinates":[-3.02112,53.38981]},"properties":{"k":"c"}},{"type":"Feature","geometry":{"type":"Point","coordinates":[-3.03373,53.3778]},"properties":{"k":"c"}},{"type":"Feature","geometry":{"type":"Point","coordinates":[-3.02275,53.38934]},"properties":{"k":"c"}},{"type":"Feature","geometry":{"type":"Point","coordinates":[-2.95452,53.42464]},"properties":{"k":"c"}},{"type":"Feature","geometry":{"type":"Point","coordinates":[-2.9879,53.40792]},"properties":{"k":"c"}},{"type":"Feature","geometry":{"type":"Point","coordinates":[-3.0069,53.64582]},"properties":{"k":"c"}},{"type":"Feature","geometry":{"type":"Point","coordinates":[-2.93275,53.5065]},"properties":{"k":"c"}},{"type":"Feature","geometry":{"type":"Point","coordinates":[-2.80515,53.42796]},"properties":{"k":"c"}},{"type":"Feature","geometry":{"type":"Point","coordinates":[-2.87907,53.4884]},"properties":{"k":"c"}},{"type":"Feature","geometry":{"type":"Point","coordinates":[-3.06522,53.42393]},"properties":{"k":"c"}},{"type":"Feature","geometry":{"type":"Point","coordinates":[-2.91081,53.44785]},"properties":{"k":"c"}},{"type":"Feature","geometry":{"type":"Point","coordinates":[-2.96856,53.44484]},"properties":{"k":"c"}},{"type":"Feature","geometry":{"type":"Point","coordinates":[-3.09869,53.38378]},"properties":{"k":"c"}},{"type":"Feature","geometry":{"type":"Point","coordinates":[-3.01968,53.38979]},"properties":{"k":"c"}},{"type":"Feature","geometry":{"type":"Point","coordinates":[-3.18404,53.37055]},"properties":{"k":"c"}},{"type":"Feature","geometry":{"type":"Point","coordinates":[-2.90895,53.38628]},"properties":{"k":"c"}},{"type":"Feature","geometry":{"type":"Point","coordinates":[-2.96512,53.40052]},"properties":{"k":"c"}},{"type":"Feature","geometry":{"type":"Point","coordinates":[-2.98085,53.39017]},"properties":{"k":"c"}},{"type":"Feature","geometry":{"type":"Point","coordinates":[-2.92108,53.39901]},"properties":{"k":"f"}},{"type":"Feature","geometry":{"type":"Point","coordinates":[-2.734,53.45261]},"properties":{"k":"c"}},{"type":"Feature","geometry":{"type":"Point","coordinates":[-2.95768,53.42707]},"properties":{"k":"c"}},{"type":"Feature","geometry":{"type":"Point","coordinates":[-2.90804,53.38583]},"properties":{"k":"c"}},{"type":"Feature","geometry":{"type":"Point","coordinates":[-3.04307,53.38203]},"properties":{"k":"c"}},{"type":"Feature","geometry":{"type":"Point","coordinates":[-3.00806,53.65067]},"properties":{"k":"c"}},{"type":"Feature","geometry":{"type":"Point","coordinates":[-3.09879,53.38446]},"properties":{"k":"c"}},{"type":"Feature","geometry":{"type":"Point","coordinates":[-2.91963,53.39867]},"properties":{"k":"c"}},{"type":"Feature","geometry":{"type":"Point","coordinates":[-2.90402,53.42662]},"properties":{"k":"c"}},{"type":"Feature","geometry":{"type":"Point","coordinates":[-2.66306,53.47293]},"properties":{"k":"c"}},{"type":"Feature","geometry":{"type":"Point","coordinates":[-3.00519,53.45572]},"properties":{"k":"c"}},{"type":"Feature","geometry":{"type":"Point","coordinates":[-2.69454,53.4657]},"properties":{"k":"c"}},{"type":"Feature","geometry":{"type":"Point","coordinates":[-2.93191,53.46436]},"properties":{"k":"c"}},{"type":"Feature","geometry":{"type":"Point","coordinates":[-3.07109,53.40808]},"properties":{"k":"c"}},{"type":"Feature","geometry":{"type":"Point","coordinates":[-3.03104,53.38821]},"properties":{"k":"c"}},{"type":"Feature","geometry":{"type":"Point","coordinates":[-3.01245,53.63355]},"properties":{"k":"c"}},{"type":"Feature","geometry":{"type":"Point","coordinates":[-2.91565,53.45668]},"properties":{"k":"c"}},{"type":"Feature","geometry":{"type":"Point","coordinates":[-3.00087,53.64212]},"properties":{"k":"c"}},{"type":"Feature","geometry":{"type":"Point","coordinates":[-2.94799,53.40436]},"properties":{"k":"c"}},{"type":"Feature","geometry":{"type":"Point","coordinates":[-3.18414,53.37037]},"properties":{"k":"c"}},{"type":"Feature","geometry":{"type":"Point","coordinates":[-3.02884,53.49334]},"properties":{"k":"c"}},{"type":"Feature","geometry":{"type":"Point","coordinates":[-2.99271,53.45892]},"properties":{"k":"c"}},{"type":"Feature","geometry":{"type":"Point","coordinates":[-2.97994,53.3931]},"properties":{"k":"c"}},{"type":"Feature","geometry":{"type":"Point","coordinates":[-2.97712,53.40263]},"properties":{"k":"c"}},{"type":"Feature","geometry":{"type":"Point","coordinates":[-2.98826,53.40803]},"properties":{"k":"c"}},{"type":"Feature","geometry":{"type":"Point","coordinates":[-2.79533,53.49783]},"properties":{"k":"c"}},{"type":"Feature","geometry":{"type":"Point","coordinates":[-2.83669,53.40774]},"properties":{"k":"c"}},{"type":"Feature","geometry":{"type":"Point","coordinates":[-3.00101,53.46782]},"properties":{"k":"c"}},{"type":"Feature","geometry":{"type":"Point","coordinates":[-2.98835,53.44332]},"properties":{"k":"c"}},{"type":"Feature","geometry":{"type":"Point","coordinates":[-2.9729,53.40398]},"properties":{"k":"c"}},{"type":"Feature","geometry":{"type":"Point","coordinates":[-2.97849,53.39488]},"properties":{"k":"c"}},{"type":"Feature","geometry":{"type":"Point","coordinates":[-2.96102,53.40655]},"properties":{"k":"c"}},{"type":"Feature","geometry":{"type":"Point","coordinates":[-3.05633,53.42147]},"properties":{"k":"c"}},{"type":"Feature","geometry":{"type":"Point","coordinates":[-2.70153,53.46407]},"properties":{"k":"c"}},{"type":"Feature","geometry":{"type":"Point","coordinates":[-2.98287,53.40186]},"properties":{"k":"c"}},{"type":"Feature","geometry":{"type":"Point","coordinates":[-2.97641,53.4011]},"properties":{"k":"f"}},{"type":"Feature","geometry":{"type":"Point","coordinates":[-2.98129,53.40708]},"properties":{"k":"c"}},{"type":"Feature","geometry":{"type":"Point","coordinates":[-3.04885,53.41971]},"properties":{"k":"c"}},{"type":"Feature","geometry":{"type":"Point","coordinates":[-2.60009,53.45681]},"properties":{"k":"c"}},{"type":"Feature","geometry":{"type":"Point","coordinates":[-2.97934,53.40312]},"properties":{"k":"c"}},{"type":"Feature","geometry":{"type":"Point","coordinates":[-2.96991,53.40373]},"properties":{"k":"c"}},{"type":"Feature","geometry":{"type":"Point","coordinates":[-2.94505,53.45529]},"properties":{"k":"c"}},{"type":"Feature","geometry":{"type":"Point","coordinates":[-2.87182,53.46869]},"properties":{"k":"c"}},{"type":"Feature","geometry":{"type":"Point","coordinates":[-2.82551,53.3463]},"properties":{"k":"c"}},{"type":"Feature","geometry":{"type":"Point","coordinates":[-3.02334,53.3898]},"properties":{"k":"c"}},{"type":"Feature","geometry":{"type":"Point","coordinates":[-2.98976,53.41805]},"properties":{"k":"c"}},{"type":"Feature","geometry":{"type":"Point","coordinates":[-2.93775,53.48366]},"properties":{"k":"c"}},{"type":"Feature","geometry":{"type":"Point","coordinates":[-3.06752,53.42723]},"properties":{"k":"f"}},{"type":"Feature","geometry":{"type":"Point","coordinates":[-2.72764,53.41359]},"properties":{"k":"c"}},{"type":"Feature","geometry":{"type":"Point","coordinates":[-3.12137,53.37703]},"properties":{"k":"c"}},{"type":"Feature","geometry":{"type":"Point","coordinates":[-2.99054,53.40673]},"properties":{"k":"c"}},{"type":"Feature","geometry":{"type":"Point","coordinates":[-2.67187,53.48893]},"properties":{"k":"c"}},{"type":"Feature","geometry":{"type":"Point","coordinates":[-2.83909,53.41147]},"properties":{"k":"c"}},{"type":"Feature","geometry":{"type":"Point","coordinates":[-2.9942,53.40349]},"properties":{"k":"c"}},{"type":"Feature","geometry":{"type":"Point","coordinates":[-2.99381,53.40001]},"properties":{"k":"c"}},{"type":"Feature","geometry":{"type":"Point","coordinates":[-2.9985,53.421]},"properties":{"k":"c"}},{"type":"Feature","geometry":{"type":"Point","coordinates":[-3.00702,53.46489]},"properties":{"k":"c"}},{"type":"Feature","geometry":{"type":"Point","coordinates":[-2.90653,53.38649]},"properties":{"k":"c"}},{"type":"Feature","geometry":{"type":"Point","coordinates":[-2.99371,53.40132]},"properties":{"k":"c"}},{"type":"Feature","geometry":{"type":"Point","coordinates":[-2.9663,53.41067]},"properties":{"k":"c"}},{"type":"Feature","geometry":{"type":"Point","coordinates":[-2.99388,53.3998]},"properties":{"k":"c"}},{"type":"Feature","geometry":{"type":"Point","coordinates":[-2.96184,53.45485]},"properties":{"k":"c"}},{"type":"Feature","geometry":{"type":"Point","coordinates":[-2.95137,53.48061]},"properties":{"k":"c"}},{"type":"Feature","geometry":{"type":"Point","coordinates":[-2.74185,53.45126]},"properties":{"k":"c"}},{"type":"Feature","geometry":{"type":"Point","coordinates":[-2.83699,53.41332]},"properties":{"k":"c"}},{"type":"Feature","geometry":{"type":"Point","coordinates":[-2.99829,53.64633]},"properties":{"k":"c"}},{"type":"Feature","geometry":{"type":"Point","coordinates":[-2.9849,53.40693]},"properties":{"k":"c"}},{"type":"Feature","geometry":{"type":"Point","coordinates":[-2.86763,53.3579]},"properties":{"k":"c"}},{"type":"Feature","geometry":{"type":"Point","coordinates":[-2.9785,53.33846]},"properties":{"k":"c"}},{"type":"Feature","geometry":{"type":"Point","coordinates":[-2.9743,53.33257]},"properties":{"k":"c"}},{"type":"Feature","geometry":{"type":"Point","coordinates":[-2.95601,53.3293]},"properties":{"k":"c"}},{"type":"Feature","geometry":{"type":"Point","coordinates":[-2.89986,53.42933]},"properties":{"k":"c"}},{"type":"Feature","geometry":{"type":"Point","coordinates":[-2.99177,53.4079]},"properties":{"k":"c"}},{"type":"Feature","geometry":{"type":"Point","coordinates":[-3.03007,53.38928]},"properties":{"k":"c"}},{"type":"Feature","geometry":{"type":"Point","coordinates":[-3.18395,53.36983]},"properties":{"k":"c"}},{"type":"Feature","geometry":{"type":"Point","coordinates":[-3.18262,53.36762]},"properties":{"k":"c"}},{"type":"Feature","geometry":{"type":"Point","coordinates":[-3.0843,53.39414]},"properties":{"k":"c"}},{"type":"Feature","geometry":{"type":"Point","coordinates":[-2.98022,53.39486]},"properties":{"k":"c"}},{"type":"Feature","geometry":{"type":"Point","coordinates":[-2.98532,53.40377]},"properties":{"k":"c"}},{"type":"Feature","geometry":{"type":"Point","coordinates":[-3.02705,53.38878]},"properties":{"k":"c"}},{"type":"Feature","geometry":{"type":"Point","coordinates":[-2.98015,53.39533]},"properties":{"k":"c"}},{"type":"Feature","geometry":{"type":"Point","coordinates":[-3.00453,53.65374]},"properties":{"k":"c"}},{"type":"Feature","geometry":{"type":"Point","coordinates":[-2.64032,53.45178]},"properties":{"k":"c"}},{"type":"Feature","geometry":{"type":"Point","coordinates":[-2.97421,53.40383]},"properties":{"k":"c"}},{"type":"Feature","geometry":{"type":"Point","coordinates":[-2.9524,53.42618]},"properties":{"k":"c"}},{"type":"Feature","geometry":{"type":"Point","coordinates":[-2.85042,53.39005]},"properties":{"k":"f"}},{"type":"Feature","geometry":{"type":"Point","coordinates":[-2.77408,53.49351]},"properties":{"k":"c"}},{"type":"Feature","geometry":{"type":"Point","coordinates":[-2.74432,53.45815]},"properties":{"k":"c"}},{"type":"Feature","geometry":{"type":"Point","coordinates":[-3.00791,53.65022]},"properties":{"k":"c"}},{"type":"Feature","geometry":{"type":"Point","coordinates":[-3.05554,53.55082]},"properties":{"k":"c"}},{"type":"Feature","geometry":{"type":"Point","coordinates":[-3.01509,53.39313]},"properties":{"k":"c"}},{"type":"Feature","geometry":{"type":"Point","coordinates":[-3.05855,53.60626]},"properties":{"k":"c"}},{"type":"Feature","geometry":{"type":"Point","coordinates":[-2.99783,53.36136]},"properties":{"k":"c"}},{"type":"Feature","geometry":{"type":"Point","coordinates":[-3.06222,53.5564]},"properties":{"k":"c"}},{"type":"Feature","geometry":{"type":"Point","coordinates":[-2.99106,53.40552]},"properties":{"k":"c"}},{"type":"Feature","geometry":{"type":"Point","coordinates":[-2.94814,53.38165]},"properties":{"k":"c"}},{"type":"Feature","geometry":{"type":"Point","coordinates":[-2.90832,53.38622]},"properties":{"k":"c"}},{"type":"Feature","geometry":{"type":"Point","coordinates":[-2.99413,53.40767]},"properties":{"k":"c"}},{"type":"Feature","geometry":{"type":"Point","coordinates":[-3.02237,53.38982]},"properties":{"k":"c"}},{"type":"Feature","geometry":{"type":"Point","coordinates":[-2.98389,53.40572]},"properties":{"k":"c"}},{"type":"Feature","geometry":{"type":"Point","coordinates":[-3.09777,53.33476]},"properties":{"k":"c"}},{"type":"Feature","geometry":{"type":"Point","coordinates":[-2.98742,53.40354]},"properties":{"k":"c"}},{"type":"Feature","geometry":{"type":"Point","coordinates":[-2.89953,53.39069]},"properties":{"k":"c"}},{"type":"Feature","geometry":{"type":"Point","coordinates":[-2.97689,53.40222]},"properties":{"k":"c"}},{"type":"Feature","geometry":{"type":"Point","coordinates":[-3.02386,53.49278]},"properties":{"k":"c"}},{"type":"Feature","geometry":{"type":"Point","coordinates":[-2.9841,53.432]},"properties":{"k":"c"}},{"type":"Feature","geometry":{"type":"Point","coordinates":[-2.98296,53.40401]},"properties":{"k":"c"}},{"type":"Feature","geometry":{"type":"Point","coordinates":[-2.6811,53.39578]},"properties":{"k":"c"}},{"type":"Feature","geometry":{"type":"Point","coordinates":[-2.96385,53.31489]},"properties":{"k":"c"}},{"type":"Feature","geometry":{"type":"Point","coordinates":[-3.02544,53.47902]},"properties":{"k":"c"}},{"type":"Feature","geometry":{"type":"Point","coordinates":[-2.98515,53.39275]},"properties":{"k":"c"}},{"type":"Feature","geometry":{"type":"Point","coordinates":[-2.92539,53.36732]},"properties":{"k":"c"}},{"type":"Feature","geometry":{"type":"Point","coordinates":[-2.9509,53.48085]},"properties":{"k":"c"}},{"type":"Feature","geometry":{"type":"Point","coordinates":[-2.89791,53.42126]},"properties":{"k":"c"}},{"type":"Feature","geometry":{"type":"Point","coordinates":[-2.85898,53.34073]},"properties":{"k":"c"}},{"type":"Feature","geometry":{"type":"Point","coordinates":[-2.97679,53.40222]},"properties":{"k":"c"}},{"type":"Feature","geometry":{"type":"Point","coordinates":[-3.00595,53.64664]},"properties":{"k":"c"}},{"type":"Feature","geometry":{"type":"Point","coordinates":[-2.76104,53.44348]},"properties":{"k":"c"}},{"type":"Feature","geometry":{"type":"Point","coordinates":[-2.98541,53.40363]},"properties":{"k":"c"}},{"type":"Feature","geometry":{"type":"Point","coordinates":[-2.90784,53.41475]},"properties":{"k":"f"}},{"type":"Feature","geometry":{"type":"Point","coordinates":[-2.97815,53.40705]},"properties":{"k":"c"}},{"type":"Feature","geometry":{"type":"Point","coordinates":[-2.85732,53.48772]},"properties":{"k":"c"}},{"type":"Feature","geometry":{"type":"Point","coordinates":[-3.02913,53.4173]},"properties":{"k":"c"}},{"type":"Feature","geometry":{"type":"Point","coordinates":[-2.994,53.41046]},"properties":{"k":"c"}},{"type":"Feature","geometry":{"type":"Point","coordinates":[-2.86738,53.34875]},"properties":{"k":"c"}},{"type":"Feature","geometry":{"type":"Point","coordinates":[-2.99236,53.40743]},"properties":{"k":"c"}},{"type":"Feature","geometry":{"type":"Point","coordinates":[-2.8394,53.41134]},"properties":{"k":"c"}},{"type":"Feature","geometry":{"type":"Point","coordinates":[-2.85166,53.48969]},"properties":{"k":"c"}},{"type":"Feature","geometry":{"type":"Point","coordinates":[-3.01408,53.39461]},"properties":{"k":"c"}},{"type":"Feature","geometry":{"type":"Point","coordinates":[-2.90742,53.38549]},"properties":{"k":"c"}},{"type":"Feature","geometry":{"type":"Point","coordinates":[-2.97917,53.40284]},"properties":{"k":"c"}},{"type":"Feature","geometry":{"type":"Point","coordinates":[-2.98978,53.4077]},"properties":{"k":"c"}},{"type":"Feature","geometry":{"type":"Point","coordinates":[-3.17907,53.39109]},"properties":{"k":"c"}},{"type":"Feature","geometry":{"type":"Point","coordinates":[-2.89471,53.39744]},"properties":{"k":"f"}},{"type":"Feature","geometry":{"type":"Point","coordinates":[-3.06897,53.36469]},"properties":{"k":"c"}},{"type":"Feature","geometry":{"type":"Point","coordinates":[-2.9987,53.35226]},"properties":{"k":"c"}},{"type":"Feature","geometry":{"type":"Point","coordinates":[-2.9888,53.44405]},"properties":{"k":"c"}},{"type":"Feature","geometry":{"type":"Point","coordinates":[-2.95591,53.47049]},"properties":{"k":"c"}},{"type":"Feature","geometry":{"type":"Point","coordinates":[-3.00363,53.49936]},"properties":{"k":"c"}},{"type":"Feature","geometry":{"type":"Point","coordinates":[-3.00776,53.64732]},"properties":{"k":"c"}},{"type":"Feature","geometry":{"type":"Point","coordinates":[-2.95963,53.46289]},"properties":{"k":"f"}},{"type":"Feature","geometry":{"type":"Point","coordinates":[-2.75111,53.45389]},"properties":{"k":"c"}},{"type":"Feature","geometry":{"type":"Point","coordinates":[-3.10008,53.37984]},"properties":{"k":"c"}},{"type":"Feature","geometry":{"type":"Point","coordinates":[-2.98998,53.44694]},"properties":{"k":"c"}},{"type":"Feature","geometry":{"type":"Point","coordinates":[-2.97693,53.4041]},"properties":{"k":"c"}},{"type":"Feature","geometry":{"type":"Point","coordinates":[-2.78645,53.42006]},"properties":{"k":"c"}},{"type":"Feature","geometry":{"type":"Point","coordinates":[-2.99398,53.40594]},"properties":{"k":"c"}},{"type":"Feature","geometry":{"type":"Point","coordinates":[-2.91053,53.44781]},"properties":{"k":"f"}},{"type":"Feature","geometry":{"type":"Point","coordinates":[-2.98001,53.39637]},"properties":{"k":"c"}},{"type":"Feature","geometry":{"type":"Point","coordinates":[-3.03069,53.47626]},"properties":{"k":"c"}},{"type":"Feature","geometry":{"type":"Point","coordinates":[-2.97443,53.33259]},"properties":{"k":"c"}},{"type":"Feature","geometry":{"type":"Point","coordinates":[-2.97269,53.4051]},"properties":{"k":"c"}},{"type":"Feature","geometry":{"type":"Point","coordinates":[-2.99392,53.4525]},"properties":{"k":"c"}},{"type":"Feature","geometry":{"type":"Point","coordinates":[-2.97859,53.40736]},"properties":{"k":"c"}},{"type":"Feature","geometry":{"type":"Point","coordinates":[-2.91476,53.39012]},"properties":{"k":"c"}},{"type":"Feature","geometry":{"type":"Point","coordinates":[-2.93309,53.39237]},"properties":{"k":"c"}},{"type":"Feature","geometry":{"type":"Point","coordinates":[-2.91655,53.3892]},"properties":{"k":"f"}},{"type":"Feature","geometry":{"type":"Point","coordinates":[-3.09484,53.34721]},"properties":{"k":"c"}},{"type":"Feature","geometry":{"type":"Point","coordinates":[-2.97002,53.40182]},"properties":{"k":"c"}},{"type":"Feature","geometry":{"type":"Point","coordinates":[-2.85528,53.3371]},"properties":{"k":"c"}},{"type":"Feature","geometry":{"type":"Point","coordinates":[-3.04685,53.37362]},"properties":{"k":"c"}},{"type":"Feature","geometry":{"type":"Point","coordinates":[-3.0055,53.64917]},"properties":{"k":"f"}},{"type":"Feature","geometry":{"type":"Point","coordinates":[-2.98177,53.40566]},"properties":{"k":"c"}},{"type":"Feature","geometry":{"type":"Point","coordinates":[-3.00192,53.64795]},"properties":{"k":"c"}},{"type":"Feature","geometry":{"type":"Point","coordinates":[-3.10996,53.40144]},"properties":{"k":"f"}},{"type":"Feature","geometry":{"type":"Point","coordinates":[-2.90204,53.37089]},"properties":{"k":"c"}},{"type":"Feature","geometry":{"type":"Point","coordinates":[-2.93281,53.36341]},"properties":{"k":"c"}},{"type":"Feature","geometry":{"type":"Point","coordinates":[-3.11652,53.39929]},"properties":{"k":"c"}},{"type":"Feature","geometry":{"type":"Point","coordinates":[-3.10342,53.37997]},"properties":{"k":"c"}},{"type":"Feature","geometry":{"type":"Point","coordinates":[-2.97344,53.40172]},"properties":{"k":"c"}},{"type":"Feature","geometry":{"type":"Point","coordinates":[-2.97076,53.40158]},"properties":{"k":"c"}},{"type":"Feature","geometry":{"type":"Point","coordinates":[-3.00394,53.64936]},"properties":{"k":"c"}},{"type":"Feature","geometry":{"type":"Point","coordinates":[-2.73026,53.45269]},"properties":{"k":"c"}},{"type":"Feature","geometry":{"type":"Point","coordinates":[-2.98502,53.40669]},"properties":{"k":"c"}},{"type":"Feature","geometry":{"type":"Point","coordinates":[-3.02523,53.38969]},"properties":{"k":"c"}},{"type":"Feature","geometry":{"type":"Point","coordinates":[-2.73541,53.45221]},"properties":{"k":"c"}},{"type":"Feature","geometry":{"type":"Point","coordinates":[-2.82452,53.42383]},"properties":{"k":"c"}},{"type":"Feature","geometry":{"type":"Point","coordinates":[-2.96891,53.40387]},"properties":{"k":"c"}},{"type":"Feature","geometry":{"type":"Point","coordinates":[-2.99686,53.41686]},"properties":{"k":"c"}},{"type":"Feature","geometry":{"type":"Point","coordinates":[-2.93312,53.42468]},"properties":{"k":"c"}},{"type":"Feature","geometry":{"type":"Point","coordinates":[-2.76268,53.39043]},"properties":{"k":"c"}},{"type":"Feature","geometry":{"type":"Point","coordinates":[-2.96012,53.46277]},"properties":{"k":"f"}},{"type":"Feature","geometry":{"type":"Point","coordinates":[-3.04356,53.39424]},"properties":{"k":"c"}},{"type":"Feature","geometry":{"type":"Point","coordinates":[-2.97609,53.40059]},"properties":{"k":"c"}},{"type":"Feature","geometry":{"type":"Point","coordinates":[-2.92838,53.41026]},"properties":{"k":"c"}},{"type":"Feature","geometry":{"type":"Point","coordinates":[-2.97886,53.40587]},"properties":{"k":"f"}},{"type":"Feature","geometry":{"type":"Point","coordinates":[-2.93197,53.46422]},"properties":{"k":"c"}},{"type":"Feature","geometry":{"type":"Point","coordinates":[-2.97655,53.40019]},"properties":{"k":"f"}},{"type":"Feature","geometry":{"type":"Point","coordinates":[-2.85463,53.33719]},"properties":{"k":"c"}},{"type":"Feature","geometry":{"type":"Point","coordinates":[-3.16917,53.37406]},"properties":{"k":"c"}},{"type":"Feature","geometry":{"type":"Point","coordinates":[-3.03293,53.48621]},"properties":{"k":"c"}},{"type":"Feature","geometry":{"type":"Point","coordinates":[-2.94385,53.51316]},"properties":{"k":"c"}},{"type":"Feature","geometry":{"type":"Point","coordinates":[-2.97151,53.41067]},"properties":{"k":"c"}},{"type":"Feature","geometry":{"type":"Point","coordinates":[-2.99233,53.45158]},"properties":{"k":"c"}},{"type":"Feature","geometry":{"type":"Point","coordinates":[-3.04497,53.43917]},"properties":{"k":"c"}},{"type":"Feature","geometry":{"type":"Point","coordinates":[-2.87726,53.35006]},"properties":{"k":"c"}},{"type":"Feature","geometry":{"type":"Point","coordinates":[-3.17721,53.39191]},"properties":{"k":"c"}},{"type":"Feature","geometry":{"type":"Point","coordinates":[-3.06197,53.55642]},"properties":{"k":"c"}},{"type":"Feature","geometry":{"type":"Point","coordinates":[-3.03596,53.43343]},"properties":{"k":"c"}},{"type":"Feature","geometry":{"type":"Point","coordinates":[-3.17613,53.39332]},"properties":{"k":"c"}},{"type":"Feature","geometry":{"type":"Point","coordinates":[-2.96577,53.4501]},"properties":{"k":"c"}},{"type":"Feature","geometry":{"type":"Point","coordinates":[-2.67623,53.46639]},"properties":{"k":"c"}},{"type":"Feature","geometry":{"type":"Point","coordinates":[-2.99535,53.40304]},"properties":{"k":"c"}},{"type":"Feature","geometry":{"type":"Point","coordinates":[-2.62957,53.44745]},"properties":{"k":"c"}},{"type":"Feature","geometry":{"type":"Point","coordinates":[-2.9366,53.43377]},"properties":{"k":"c"}},{"type":"Feature","geometry":{"type":"Point","coordinates":[-2.92437,53.40278]},"properties":{"k":"c"}},{"type":"Feature","geometry":{"type":"Point","coordinates":[-2.74727,53.5058]},"properties":{"k":"c"}},{"type":"Feature","geometry":{"type":"Point","coordinates":[-2.95521,53.37145]},"properties":{"k":"c"}},{"type":"Feature","geometry":{"type":"Point","coordinates":[-2.99074,53.4075]},"properties":{"k":"c"}},{"type":"Feature","geometry":{"type":"Point","coordinates":[-2.97692,53.39304]},"properties":{"k":"c"}},{"type":"Feature","geometry":{"type":"Point","coordinates":[-2.96356,53.48498]},"properties":{"k":"c"}},{"type":"Feature","geometry":{"type":"Point","coordinates":[-2.97718,53.4026]},"properties":{"k":"c"}},{"type":"Feature","geometry":{"type":"Point","coordinates":[-3.06543,53.42397]},"properties":{"k":"c"}},{"type":"Feature","geometry":{"type":"Point","coordinates":[-3.00462,53.64687]},"properties":{"k":"c"}},{"type":"Feature","geometry":{"type":"Point","coordinates":[-3.02792,53.49056]},"properties":{"k":"c"}},{"type":"Feature","geometry":{"type":"Point","coordinates":[-2.76089,53.44046]},"properties":{"k":"c"}},{"type":"Feature","geometry":{"type":"Point","coordinates":[-2.89998,53.35451]},"properties":{"k":"c"}},{"type":"Feature","geometry":{"type":"Point","coordinates":[-2.96221,53.45429]},"properties":{"k":"c"}},{"type":"Feature","geometry":{"type":"Point","coordinates":[-3.02755,53.38957]},"properties":{"k":"c"}},{"type":"Feature","geometry":{"type":"Point","coordinates":[-2.85878,53.48434]},"properties":{"k":"c"}},{"type":"Feature","geometry":{"type":"Point","coordinates":[-2.89156,53.44163]},"properties":{"k":"c"}},{"type":"Feature","geometry":{"type":"Point","coordinates":[-2.85676,53.42765]},"properties":{"k":"c"}},{"type":"Feature","geometry":{"type":"Point","coordinates":[-2.96641,53.43245]},"properties":{"k":"c"}},{"type":"Feature","geometry":{"type":"Point","coordinates":[-2.97997,53.40066]},"properties":{"k":"c"}},{"type":"Feature","geometry":{"type":"Point","coordinates":[-3.01769,53.39318]},"properties":{"k":"c"}},{"type":"Feature","geometry":{"type":"Point","coordinates":[-2.76243,53.43385]},"properties":{"k":"c"}},{"type":"Feature","geometry":{"type":"Point","coordinates":[-2.73734,53.45304]},"properties":{"k":"c"}},{"type":"Feature","geometry":{"type":"Point","coordinates":[-2.96582,53.31207]},"properties":{"k":"c"}},{"type":"Feature","geometry":{"type":"Point","coordinates":[-2.998,53.43508]},"properties":{"k":"c"}},{"type":"Feature","geometry":{"type":"Point","coordinates":[-2.66901,53.47325]},"properties":{"k":"c"}},{"type":"Feature","geometry":{"type":"Point","coordinates":[-3.11212,53.40145]},"properties":{"k":"c"}},{"type":"Feature","geometry":{"type":"Point","coordinates":[-2.96618,53.47058]},"properties":{"k":"c"}},{"type":"Feature","geometry":{"type":"Point","coordinates":[-3.02721,53.47423]},"properties":{"k":"c"}},{"type":"Feature","geometry":{"type":"Point","coordinates":[-3.02394,53.48962]},"properties":{"k":"c"}},{"type":"Feature","geometry":{"type":"Point","coordinates":[-2.96644,53.39033]},"properties":{"k":"c"}},{"type":"Feature","geometry":{"type":"Point","coordinates":[-2.97332,53.39799]},"properties":{"k":"c"}},{"type":"Feature","geometry":{"type":"Point","coordinates":[-2.94767,53.4604]},"properties":{"k":"c"}},{"type":"Feature","geometry":{"type":"Point","coordinates":[-2.95586,53.32892]},"properties":{"k":"c"}},{"type":"Feature","geometry":{"type":"Point","coordinates":[-3.03117,53.42181]},"properties":{"k":"c"}},{"type":"Feature","geometry":{"type":"Point","coordinates":[-2.99266,53.40393]},"properties":{"k":"c"}},{"type":"Feature","geometry":{"type":"Point","coordinates":[-2.74472,53.4413]},"properties":{"k":"c"}},{"type":"Feature","geometry":{"type":"Point","coordinates":[-3.01602,53.40974]},"properties":{"k":"c"}},{"type":"Feature","geometry":{"type":"Point","coordinates":[-2.60009,53.45679]},"properties":{"k":"c"}},{"type":"Feature","geometry":{"type":"Point","coordinates":[-2.98028,53.40108]},"properties":{"k":"c"}},{"type":"Feature","geometry":{"type":"Point","coordinates":[-3.03177,53.39868]},"properties":{"k":"c"}},{"type":"Feature","geometry":{"type":"Point","coordinates":[-2.82589,53.41568]},"properties":{"k":"c"}},{"type":"Feature","geometry":{"type":"Point","coordinates":[-2.98364,53.40451]},"properties":{"k":"c"}},{"type":"Feature","geometry":{"type":"Point","coordinates":[-2.9866,53.40758]},"properties":{"k":"c"}},{"type":"Feature","geometry":{"type":"Point","coordinates":[-3.18381,53.36944]},"properties":{"k":"c"}},{"type":"Feature","geometry":{"type":"Point","coordinates":[-3.03978,53.37476]},"properties":{"k":"c"}},{"type":"Feature","geometry":{"type":"Point","coordinates":[-2.73597,53.4523]},"properties":{"k":"c"}},{"type":"Feature","geometry":{"type":"Point","coordinates":[-3.07507,53.32943]},"properties":{"k":"c"}},{"type":"Feature","geometry":{"type":"Point","coordinates":[-2.99763,53.36176]},"properties":{"k":"c"}},{"type":"Feature","geometry":{"type":"Point","coordinates":[-2.95705,53.42798]},"properties":{"k":"c"}},{"type":"Feature","geometry":{"type":"Point","coordinates":[-2.99563,53.4713]},"properties":{"k":"c"}},{"type":"Feature","geometry":{"type":"Point","coordinates":[-3.00575,53.6452]},"properties":{"k":"c"}},{"type":"Feature","geometry":{"type":"Point","coordinates":[-3.07995,53.39142]},"properties":{"k":"c"}},{"type":"Feature","geometry":{"type":"Point","coordinates":[-2.9794,53.34059]},"properties":{"k":"c"}},{"type":"Feature","geometry":{"type":"Point","coordinates":[-3.05802,53.50702]},"properties":{"k":"c"}},{"type":"Feature","geometry":{"type":"Point","coordinates":[-3.03588,53.39868]},"properties":{"k":"c"}},{"type":"Feature","geometry":{"type":"Point","coordinates":[-2.98761,53.40605]},"properties":{"k":"c"}},{"type":"Feature","geometry":{"type":"Point","coordinates":[-2.97955,53.39256]},"properties":{"k":"c"}},{"type":"Feature","geometry":{"type":"Point","coordinates":[-2.908,53.36203]},"properties":{"k":"c"}},{"type":"Feature","geometry":{"type":"Point","coordinates":[-2.97547,53.40415]},"properties":{"k":"f"}},{"type":"Feature","geometry":{"type":"Point","coordinates":[-2.9371,53.4028]},"properties":{"k":"c"}},{"type":"Feature","geometry":{"type":"Point","coordinates":[-3.17176,53.40031]},"properties":{"k":"c"}},{"type":"Feature","geometry":{"type":"Point","coordinates":[-2.80401,53.42925]},"properties":{"k":"c"}},{"type":"Feature","geometry":{"type":"Point","coordinates":[-2.9698,53.40382]},"properties":{"k":"c"}},{"type":"Feature","geometry":{"type":"Point","coordinates":[-2.96969,53.40124]},"properties":{"k":"c"}},{"type":"Feature","geometry":{"type":"Point","coordinates":[-2.93772,53.39786]},"properties":{"k":"c"}},{"type":"Feature","geometry":{"type":"Point","coordinates":[-3.14606,53.34291]},"properties":{"k":"c"}},{"type":"Feature","geometry":{"type":"Point","coordinates":[-2.93668,53.51534]},"properties":{"k":"c"}},{"type":"Feature","geometry":{"type":"Point","coordinates":[-2.75976,53.45317]},"properties":{"k":"c"}},{"type":"Feature","geometry":{"type":"Point","coordinates":[-2.98676,53.43878]},"properties":{"k":"c"}},{"type":"Feature","geometry":{"type":"Point","coordinates":[-3.0448,53.41176]},"properties":{"k":"c"}},{"type":"Feature","geometry":{"type":"Point","coordinates":[-2.97453,53.47115]},"properties":{"k":"c"}},{"type":"Feature","geometry":{"type":"Point","coordinates":[-3.03143,53.38873]},"properties":{"k":"c"}},{"type":"Feature","geometry":{"type":"Point","coordinates":[-3.00838,53.64788]},"properties":{"k":"c"}},{"type":"Feature","geometry":{"type":"Point","coordinates":[-3.00357,53.64844]},"properties":{"k":"c"}},{"type":"Feature","geometry":{"type":"Point","coordinates":[-2.92544,53.36725]},"properties":{"k":"c"}},{"type":"Feature","geometry":{"type":"Point","coordinates":[-2.96066,53.44531]},"properties":{"k":"c"}},{"type":"Feature","geometry":{"type":"Point","coordinates":[-3.11857,53.41519]},"properties":{"k":"c"}},{"type":"Feature","geometry":{"type":"Point","coordinates":[-2.94838,53.50282]},"properties":{"k":"c"}},{"type":"Feature","geometry":{"type":"Point","coordinates":[-2.99159,53.40764]},"properties":{"k":"c"}},{"type":"Feature","geometry":{"type":"Point","coordinates":[-2.93515,53.42338]},"properties":{"k":"c"}},{"type":"Feature","geometry":{"type":"Point","coordinates":[-2.98072,53.40642]},"properties":{"k":"c"}},{"type":"Feature","geometry":{"type":"Point","coordinates":[-2.72417,53.43179]},"properties":{"k":"c"}},{"type":"Feature","geometry":{"type":"Point","coordinates":[-2.6573,53.47434]},"properties":{"k":"c"}},{"type":"Feature","geometry":{"type":"Point","coordinates":[-2.90328,53.45093]},"properties":{"k":"c"}},{"type":"Feature","geometry":{"type":"Point","coordinates":[-2.99237,53.40787]},"properties":{"k":"c"}},{"type":"Feature","geometry":{"type":"Point","coordinates":[-2.87057,53.35384]},"properties":{"k":"c"}},{"type":"Feature","geometry":{"type":"Point","coordinates":[-2.99861,53.65902]},"properties":{"k":"c"}},{"type":"Feature","geometry":{"type":"Point","coordinates":[-2.90939,53.36956]},"properties":{"k":"c"}},{"type":"Feature","geometry":{"type":"Point","coordinates":[-2.97417,53.4091]},"properties":{"k":"c"}},{"type":"Feature","geometry":{"type":"Point","coordinates":[-2.98235,53.34266]},"properties":{"k":"c"}},{"type":"Feature","geometry":{"type":"Point","coordinates":[-3.06309,53.55582]},"properties":{"k":"c"}},{"type":"Feature","geometry":{"type":"Point","coordinates":[-3.02321,53.41193]},"properties":{"k":"c"}},{"type":"Feature","geometry":{"type":"Point","coordinates":[-2.94403,53.45876]},"properties":{"k":"c"}},{"type":"Feature","geometry":{"type":"Point","coordinates":[-3.00146,53.64258]},"properties":{"k":"c"}},{"type":"Feature","geometry":{"type":"Point","coordinates":[-3.0069,53.64574]},"properties":{"k":"c"}},{"type":"Feature","geometry":{"type":"Point","coordinates":[-2.86705,53.37526]},"properties":{"k":"c"}},{"type":"Feature","geometry":{"type":"Point","coordinates":[-2.92901,53.52039]},"properties":{"k":"c"}},{"type":"Feature","geometry":{"type":"Point","coordinates":[-2.98215,53.40219]},"properties":{"k":"c"}},{"type":"Feature","geometry":{"type":"Point","coordinates":[-2.99244,53.40135]},"properties":{"k":"c"}},{"type":"Feature","geometry":{"type":"Point","coordinates":[-3.11856,53.41521]},"properties":{"k":"c"}},{"type":"Feature","geometry":{"type":"Point","coordinates":[-2.92237,53.41522]},"properties":{"k":"c"}},{"type":"Feature","geometry":{"type":"Point","coordinates":[-2.92494,53.38983]},"properties":{"k":"c"}},{"type":"Feature","geometry":{"type":"Point","coordinates":[-2.99157,53.40761]},"properties":{"k":"c"}},{"type":"Feature","geometry":{"type":"Point","coordinates":[-3.03084,53.39408]},"properties":{"k":"c"}},{"type":"Feature","geometry":{"type":"Point","coordinates":[-3.10262,53.41132]},"properties":{"k":"c"}},{"type":"Feature","geometry":{"type":"Point","coordinates":[-2.86135,53.34855]},"properties":{"k":"c"}},{"type":"Feature","geometry":{"type":"Point","coordinates":[-2.98078,53.40473]},"properties":{"k":"c"}},{"type":"Feature","geometry":{"type":"Point","coordinates":[-2.98094,53.40988]},"properties":{"k":"c"}},{"type":"Feature","geometry":{"type":"Point","coordinates":[-3.04582,53.42106]},"properties":{"k":"c"}},{"type":"Feature","geometry":{"type":"Point","coordinates":[-2.74015,53.45357]},"properties":{"k":"c"}},{"type":"Feature","geometry":{"type":"Point","coordinates":[-3.00183,53.64728]},"properties":{"k":"c"}},{"type":"Feature","geometry":{"type":"Point","coordinates":[-3.06483,53.43326]},"properties":{"k":"c"}},{"type":"Feature","geometry":{"type":"Point","coordinates":[-2.6408,53.45289]},"properties":{"k":"c"}},{"type":"Feature","geometry":{"type":"Point","coordinates":[-3.04116,53.40942]},"properties":{"k":"c"}},{"type":"Feature","geometry":{"type":"Point","coordinates":[-2.98855,53.41221]},"properties":{"k":"f"}},{"type":"Feature","geometry":{"type":"Point","coordinates":[-2.9966,53.40993]},"properties":{"k":"c"}},{"type":"Feature","geometry":{"type":"Point","coordinates":[-3.11849,53.38847]},"properties":{"k":"c"}},{"type":"Feature","geometry":{"type":"Point","coordinates":[-2.92279,53.46642]},"properties":{"k":"c"}},{"type":"Feature","geometry":{"type":"Point","coordinates":[-2.93233,53.39146]},"properties":{"k":"f"}},{"type":"Feature","geometry":{"type":"Point","coordinates":[-3.00887,53.37261]},"properties":{"k":"c"}},{"type":"Feature","geometry":{"type":"Point","coordinates":[-3.03214,53.38193]},"properties":{"k":"c"}},{"type":"Feature","geometry":{"type":"Point","coordinates":[-3.09847,53.32917]},"properties":{"k":"c"}},{"type":"Feature","geometry":{"type":"Point","coordinates":[-2.74508,53.41758]},"properties":{"k":"c"}},{"type":"Feature","geometry":{"type":"Point","coordinates":[-2.97003,53.46291]},"properties":{"k":"c"}},{"type":"Feature","geometry":{"type":"Point","coordinates":[-2.9829,53.45716]},"properties":{"k":"c"}},{"type":"Feature","geometry":{"type":"Point","coordinates":[-3.0,53.35]},"properties":{"k":"c"}},{"type":"Feature","geometry":{"type":"Point","coordinates":[-2.73266,53.45521]},"properties":{"k":"c"}},{"type":"Feature","geometry":{"type":"Point","coordinates":[-2.87283,53.42883]},"properties":{"k":"c"}},{"type":"Feature","geometry":{"type":"Point","coordinates":[-2.96814,53.42586]},"properties":{"k":"c"}},{"type":"Feature","geometry":{"type":"Point","coordinates":[-3.07918,53.38457]},"properties":{"k":"c"}},{"type":"Feature","geometry":{"type":"Point","coordinates":[-2.78551,53.42317]},"properties":{"k":"c"}},{"type":"Feature","geometry":{"type":"Point","coordinates":[-3.00383,53.64953]},"properties":{"k":"c"}},{"type":"Feature","geometry":{"type":"Point","coordinates":[-3.03775,53.48795]},"properties":{"k":"c"}},{"type":"Feature","geometry":{"type":"Point","coordinates":[-2.88195,53.47098]},"properties":{"k":"c"}},{"type":"Feature","geometry":{"type":"Point","coordinates":[-2.86024,53.39332]},"properties":{"k":"c"}},{"type":"Feature","geometry":{"type":"Point","coordinates":[-2.97856,53.40329]},"properties":{"k":"f"}},{"type":"Feature","geometry":{"type":"Point","coordinates":[-2.79029,53.42038]},"properties":{"k":"c"}},{"type":"Feature","geometry":{"type":"Point","coordinates":[-2.96857,53.42575]},"properties":{"k":"c"}},{"type":"Feature","geometry":{"type":"Point","coordinates":[-2.91458,53.46762]},"properties":{"k":"c"}},{"type":"Feature","geometry":{"type":"Point","coordinates":[-2.61314,53.45296]},"properties":{"k":"c"}},{"type":"Feature","geometry":{"type":"Point","coordinates":[-2.97046,53.41049]},"properties":{"k":"c"}},{"type":"Feature","geometry":{"type":"Point","coordinates":[-2.9834,53.40876]},"properties":{"k":"c"}},{"type":"Feature","geometry":{"type":"Point","coordinates":[-3.01934,53.39399]},"properties":{"k":"c"}},{"type":"Feature","geometry":{"type":"Point","coordinates":[-3.17875,53.39037]},"properties":{"k":"c"}},{"type":"Feature","geometry":{"type":"Point","coordinates":[-3.02741,53.47438]},"properties":{"k":"c"}},{"type":"Feature","geometry":{"type":"Point","coordinates":[-2.9902,53.46439]},"properties":{"k":"c"}},{"type":"Feature","geometry":{"type":"Point","coordinates":[-3.08661,53.37547]},"properties":{"k":"c"}},{"type":"Feature","geometry":{"type":"Point","coordinates":[-3.05435,53.54836]},"properties":{"k":"c"}},{"type":"Feature","geometry":{"type":"Point","coordinates":[-2.91844,53.41526]},"properties":{"k":"c"}},{"type":"Feature","geometry":{"type":"Point","coordinates":[-2.96849,53.33257]},"properties":{"k":"c"}},{"type":"Feature","geometry":{"type":"Point","coordinates":[-3.00345,53.35162]},"properties":{"k":"c"}},{"type":"Feature","geometry":{"type":"Point","coordinates":[-3.18421,53.37043]},"properties":{"k":"c"}},{"type":"Feature","geometry":{"type":"Point","coordinates":[-2.80329,53.42984]},"properties":{"k":"c"}},{"type":"Feature","geometry":{"type":"Point","coordinates":[-2.99736,53.46292]},"properties":{"k":"c"}},{"type":"Feature","geometry":{"type":"Point","coordinates":[-2.97803,53.40316]},"properties":{"k":"c"}},{"type":"Feature","geometry":{"type":"Point","coordinates":[-3.00657,53.64688]},"properties":{"k":"c"}},{"type":"Feature","geometry":{"type":"Point","coordinates":[-2.95681,53.43436]},"properties":{"k":"c"}},{"type":"Feature","geometry":{"type":"Point","coordinates":[-3.05345,53.41234]},"properties":{"k":"c"}},{"type":"Feature","geometry":{"type":"Point","coordinates":[-2.63624,53.45981]},"properties":{"k":"c"}},{"type":"Feature","geometry":{"type":"Point","coordinates":[-3.0649,53.42349]},"properties":{"k":"c"}},{"type":"Feature","geometry":{"type":"Point","coordinates":[-2.94739,53.39553]},"properties":{"k":"c"}},{"type":"Feature","geometry":{"type":"Point","coordinates":[-2.98738,53.4031]},"properties":{"k":"c"}},{"type":"Feature","geometry":{"type":"Point","coordinates":[-3.02379,53.49273]},"properties":{"k":"c"}},{"type":"Feature","geometry":{"type":"Point","coordinates":[-2.97675,53.399]},"properties":{"k":"c"}},{"type":"Feature","geometry":{"type":"Point","coordinates":[-2.90952,53.45907]},"properties":{"k":"c"}},{"type":"Feature","geometry":{"type":"Point","coordinates":[-3.02324,53.38946]},"properties":{"k":"c"}},{"type":"Feature","geometry":{"type":"Point","coordinates":[-2.98272,53.40582]},"properties":{"k":"c"}},{"type":"Feature","geometry":{"type":"Point","coordinates":[-3.05225,53.41084]},"properties":{"k":"c"}},{"type":"Feature","geometry":{"type":"Point","coordinates":[-2.98116,53.46099]},"properties":{"k":"c"}},{"type":"Feature","geometry":{"type":"Point","coordinates":[-2.67171,53.48892]},"properties":{"k":"c"}},{"type":"Feature","geometry":{"type":"Point","coordinates":[-2.9911,53.45156]},"properties":{"k":"c"}},{"type":"Feature","geometry":{"type":"Point","coordinates":[-3.00782,53.64737]},"properties":{"k":"c"}},{"type":"Feature","geometry":{"type":"Point","coordinates":[-2.99084,53.40769]},"properties":{"k":"c"}},{"type":"Feature","geometry":{"type":"Point","coordinates":[-2.97598,53.40285]},"properties":{"k":"c"}},{"type":"Feature","geometry":{"type":"Point","coordinates":[-2.95175,53.46154]},"properties":{"k":"c"}}]}