{"type":"FeatureCollection","features":[{"type":"Feature","geometry":{"type":"Point","coordinates":[-2.15699,53.61087]},"properties":{"k":"c"}},{"type":"Feature","geometry":{"type":"Point","coordinates":[-2.11628,53.53999]},"properties":{"k":"c"}},{"type":"Feature","geometry":{"type":"Point","coordinates":[-2.24632,53.51398]},"properties":{"k":"c"}},{"type":"Feature","geometry":{"type":"Point","coordinates":[-2.34873,53.46592]},"properties":{"k":"c"}},{"type":"Feature","geometry":{"type":"Point","coordinates":[-2.2367,53.46989]},"properties":{"k":"c"}},{"type":"Feature","geometry":{"type":"Point","coordinates":[-2.44158,53.57306]},"properties":{"k":"c"}},{"type":"Feature","geometry":{"type":"Point","coordinates":[-2.19166,53.44565]},"properties":{"k":"c"}},{"type":"Feature","geometry":{"type":"Point","coordinates":[-2.26729,53.45849]},"properties":{"k":"c"}},{"type":"Feature","geometry":{"type":"Point","coordinates":[-2.41201,53.56328]},"properties":{"k":"c"}},{"type":"Feature","geometry":{"type":"Point","coordinates":[-2.41745,53.56893]},"properties":{"k":"c"}},{"type":"Feature","geometry":{"type":"Point","coordinates":[-2.24285,53.47631]},"properties":{"k":"c"}},{"type":"Feature","geometry":{"type":"Point","coordinates":[-2.66563,53.55185]},"properties":{"k":"c"}},{"type":"Feature","geometry":{"type":"Point","coordinates":[-2.63107,53.54653]},"properties":{"k":"c"}},{"type":"Feature","geometry":{"type":"Point","coordinates":[-2.09555,53.48495]},"properties":{"k":"c"}},{"type":"Feature","geometry":{"type":"Point","coordinates":[-2.17028,53.60421]},"properties":{"k":"c"}},{"type":"Feature","geometry":{"type":"Point","coordinates":[-2.35038,53.38372]},"properties":{"k":"c"}},{"type":"Feature","geometry":{"type":"Point","coordinates":[-2.23713,53.48158]},"properties":{"k":"f"}},{"type":"Feature","geometry":{"type":"Point","coordinates":[-2.32428,53.42531]},"properties":{"k":"c"}},{"type":"Feature","geometry":{"type":"Point","coordinates":[-2.24289,53.48504]},"properties":{"k":"c"}},{"type":"Feature","geometry":{"type":"Point","coordinates":[-2.34867,53.4653]},"properties":{"k":"f"}},{"type":"Feature","geometry":{"type":"Point","coordinates":[-2.16258,53.40534]},"properties":{"k":"c"}},{"type":"Feature","geometry":{"type":"Point","coordinates":[-2.2324,53.56812]},"properties":{"k":"c"}},{"type":"Feature","geometry":{"type":"Point","coordinates":[-2.28782,53.48941]},"properties":{"k":"c"}},{"type":"Feature","geometry":{"type":"Point","coordinates":[-2.35081,53.38725]},"properties":{"k":"c"}},{"type":"Feature","geometry":{"type":"Point","coordinates":[-2.15359,53.41346]},"properties":{"k":"c"}},{"type":"Feature","geometry":{"type":"Point","coordinates":[-2.32241,53.4252]},"properties":{"k":"c"}},{"type":"Feature","geometry":{"type":"Point","coordinates":[-2.31851,53.39752]},"properties":{"k":"c"}},{"type":"Feature","geometry":{"type":"Point","coordinates":[-2.2284,53.46187]},"properties":{"k":"c"}},{"type":"Feature","geometry":{"type":"Point","coordinates":[-2.3436,53.4668]},"properties":{"k":"c"}},{"type":"Feature","geometry":{"type":"Point","coordinates":[-2.23187,53.4155]},"properties":{"k":"c"}},{"type":"Feature","geometry":{"type":"Point","coordinates":[-2.53385,53.58248]},"properties":{"k":"c"}},{"type":"Feature","geometry":{"type":"Point","coordinates":[-2.63051,53.54765]},"properties":{"k":"c"}},{"type":"Feature","geometry":{"type":"Point","coordinates":[-2.421,53.57508]},"properties":{"k":"c"}},{"type":"Feature","geometry":{"type":"Point","coordinates":[-2.13683,53.55684]},"properties":{"k":"c"}},{"type":"Feature","geometry":{"type":"Point","coordinates":[-2.22996,53.46311]},"properties":{"k":"c"}},{"type":"Feature","geometry":{"type":"Point","coordinates":[-2.23578,53.48051]},"properties":{"k":"c"}},{"type":"Feature","geometry":{"type":"Point","coordinates":[-2.18987,53.37804]},"properties":{"k":"c"}},{"type":"Feature","geometry":{"type":"Point","coordinates":[-2.21494,53.39471]},"properties":{"k":"c"}},{"type":"Feature","geometry":{"type":"Point","coordinates":[-2.21086,53.38634]},"properties":{"k":"c"}},{"type":"Feature","geometry":{"type":"Point","coordinates":[-2.43129,53.57399]},"properties":{"k":"c"}},{"type":"Feature","geometry":{"type":"Point","coordinates":[-2.42011,53.57007]},"properties":{"k":"c"}},{"type":"Feature","geometry":{"type":"Point","coordinates":[-2.20985,53.42013]},"properties":{"k":"c"}},{"type":"Feature","geometry":{"type":"Point","coordinates":[-2.29471,53.5919]},"properties":{"k":"c"}},{"type":"Feature","geometry":{"type":"Point","coordinates":[-2.23506,53.49741]},"properties":{"k":"c"}},{"type":"Feature","geometry":{"type":"Point","coordinates":[-2.08982,53.46514]},"properties":{"k":"c"}},{"type":"Feature","geometry":{"type":"Point","coordinates":[-2.24002,53.47368]},"properties":{"k":"c"}},{"type":"Feature","geometry":{"type":"Point","coordinates":[-2.24517,53.51268]},"properties":{"k":"f"}},{"type":"Feature","geometry":{"type":"Point","coordinates":[-2.25013,53.47829]},"properties":{"k":"c"}},{"type":"Feature","geometry":{"type":"Point","coordinates":[-2.2938,53.59494]},"properties":{"k":"f"}},{"type":"Feature","geometry":{"type":"Point","coordinates":[-2.35106,53.46661]},"properties":{"k":"c"}},{"type":"Feature","geometry":{"type":"Point","coordinates":[-2.24561,53.47794]},"properties":{"k":"c"}},{"type":"Feature","geometry":{"type":"Point","coordinates":[-2.43015,53.58088]},"properties":{"k":"f"}},{"type":"Feature","geometry":{"type":"Point","coordinates":[-2.24459,53.47691]},"properties":{"k":"c"}},{"type":"Feature","geometry":{"type":"Point","coordinates":[-2.43003,53.57953]},"properties":{"k":"c"}},{"type":"Feature","geometry":{"type":"Point","coordinates":[-2.31611,53.65182]},"properties":{"k":"c"}},{"type":"Feature","geometry":{"type":"Point","coordinates":[-2.11318,53.48822]},"properties":{"k":"c"}},{"type":"Feature","geometry":{"type":"Point","coordinates":[-2.27393,53.57636]},"properties":{"k":"c"}},{"type":"Feature","geometry":{"type":"Point","coordinates":[-2.27586,53.59065]},"properties":{"k":"c"}},{"type":"Feature","geometry":{"type":"Point","coordinates":[-2.21468,53.39501]},"properties":{"k":"c"}},{"type":"Feature","geometry":{"type":"Point","coordinates":[-2.21913,53.40978]},"properties":{"k":"c"}},{"type":"Feature","geometry":{"type":"Point","coordinates":[-2.25052,53.48118]},"properties":{"k":"c"}},{"type":"Feature","geometry":{"type":"Point","coordinates":[-2.65416,53.54524]},"properties":{"k":"c"}},{"type":"Feature","geometry":{"type":"Point","coordinates":[-2.2534,53.48234]},"properties":{"k":"c"}},{"type":"Feature","geometry":{"type":"Point","coordinates":[-2.34767,53.46662]},"properties":{"k":"c"}},{"type":"Feature","geometry":{"type":"Point","coordinates":[-2.42964,53.58118]},"properties":{"k":"c"}},{"type":"Feature","geometry":{"type":"Point","coordinates":[-2.24866,53.47946]},"properties":{"k":"c"}},{"type":"Feature","geometry":{"type":"Point","coordinates":[-2.15326,53.52151]},"properties":{"k":"c"}},{"type":"Feature","geometry":{"type":"Point","coordinates":[-2.11012,53.48933]},"properties":{"k":"c"}},{"type":"Feature","geometry":{"type":"Point","coordinates":[-2.35376,53.45006]},"properties":{"k":"c"}},{"type":"Feature","geometry":{"type":"Point","coordinates":[-2.23135,53.47743]},"properties":{"k":"c"}},{"type":"Feature","geometry":{"type":"Point","coordinates":[-2.15413,53.62225]},"properties":{"k":"f"}},{"type":"Feature","geometry":{"type":"Point","coordinates":[-2.2199,53.41191]},"properties":{"k":"c"}},{"type":"Feature","geometry":{"type":"Point","coordinates":[-2.22733,53.45896]},"properties":{"k":"c"}},{"type":"Feature","geometry":{"type":"Point","coordinates":[-2.32333,53.426]},"properties":{"k":"c"}},{"type":"Feature","geometry":{"type":"Point","coordinates":[-2.31448,53.36901]},"properties":{"k":"c"}},{"type":"Feature","geometry":{"type":"Point","coordinates":[-2.52815,53.49855]},"properties":{"k":"c"}},{"type":"Feature","geometry":{"type":"Point","coordinates":[-2.24165,53.48416]},"properties":{"k":"c"}},{"type":"Feature","geometry":{"type":"Point","coordinates":[-2.25173,53.47974]},"properties":{"k":"c"}},{"type":"Feature","geometry":{"type":"Point","coordinates":[-2.11841,53.37812]},"properties":{"k":"f"}},{"type":"Feature","geometry":{"type":"Point","coordinates":[-2.45422,53.58577]},"properties":{"k":"c"}},{"type":"Feature","geometry":{"type":"Point","coordinates":[-2.29079,53.59532]},"properties":{"k":"c"}},{"type":"Feature","geometry":{"type":"Point","coordinates":[-2.43279,53.51096]},"properties":{"k":"c"}},{"type":"Feature","geometry":{"type":"Point","coordinates":[-2.12964,53.61541]},"properties":{"k":"c"}},{"type":"Feature","geometry":{"type":"Point","coordinates":[-2.10807,53.54231]},"properties":{"k":"f"}},{"type":"Feature","geometry":{"type":"Point","coordinates":[-2.23528,53.4679]},"properties":{"k":"c"}},{"type":"Feature","geometry":{"type":"Point","coordinates":[-2.11398,53.48647]},"properties":{"k":"c"}},{"type":"Feature","geometry":{"type":"Point","coordinates":[-2.11969,53.45872]},"properties":{"k":"c"}},{"type":"Feature","geometry":{"type":"Point","coordinates":[-2.28453,53.46208]},"properties":{"k":"c"}},{"type":"Feature","geometry":{"type":"Point","coordinates":[-2.29113,53.35683]},"properties":{"k":"c"}},{"type":"Feature","geometry":{"type":"Point","coordinates":[-2.24431,53.48738]},"properties":{"k":"c"}},{"type":"Feature","geometry":{"type":"Point","coordinates":[-2.2189,53.44111]},"properties":{"k":"c"}},{"type":"Feature","geometry":{"type":"Point","coordinates":[-2.23984,53.47305]},"properties":{"k":"c"}},{"type":"Feature","geometry":{"type":"Point","coordinates":[-2.34672,53.46484]},"properties":{"k":"c"}},{"type":"Feature","geometry":{"type":"Point","coordinates":[-2.27519,53.36153]},"properties":{"k":"c"}},{"type":"Feature","geometry":{"type":"Point","coordinates":[-2.45362,53.54208]},"properties":{"k":"c"}},{"type":"Feature","geometry":{"type":"Point","coordinates":[-2.15705,53.41258]},"properties":{"k":"c"}},{"type":"Feature","geometry":{"type":"Point","coordinates":[-2.24228,53.47879]},"properties":{"k":"c"}},{"type":"Feature","geometry":{"type":"Point","coordinates":[-2.14981,53.41565]},"properties":{"k":"c"}},{"type":"Feature","geometry":{"type":"Point","coordinates":[-2.24913,53.48167]},"properties":{"k":"c"}},{"type":"Feature","geometry":{"type":"Point","coordinates":[-2.29671,53.47287]},"properties":{"k":"c"}},{"type":"Feature","geometry":{"type":"Point","coordinates":[-2.09633,53.48879]},"properties":{"k":"c"}},{"type":"Feature","geometry":{"type":"Point","coordinates":[-2.24472,53.51346]},"properties":{"k":"c"}},{"type":"Feature","geometry":{"type":"Point","coordinates":[-2.20072,53.54825]},"properties":{"k":"c"}},{"type":"Feature","geometry":{"type":"Point","coordinates":[-2.28577,53.45727]},"properties":{"k":"c"}},{"type":"Feature","geometry":{"type":"Point","coordinates":[-2.25003,53.47933]},"properties":{"k":"f"}},{"type":"Feature","geometry":{"type":"Point","coordinates":[-2.23136,53.47753]},"properties":{"k":"c"}},{"type":"Feature","geometry":{"type":"Point","coordinates":[-2.49349,53.52384]},"properties":{"k":"c"}},{"type":"Feature","geometry":{"type":"Point","coordinates":[-2.24192,53.47566]},"properties":{"k":"c"}},{"type":"Feature","geometry":{"type":"Point","coordinates":[-2.11798,53.45889]},"properties":{"k":"c"}},{"type":"Feature","geometry":{"type":"Point","coordinates":[-2.22205,53.47926]},"properties":{"k":"c"}},{"type":"Feature","geometry":{"type":"Point","coordinates":[-2.1936,53.48436]},"properties":{"k":"c"}},{"type":"Feature","geometry":{"type":"Point","coordinates":[-2.63536,53.48611]},"properties":{"k":"c"}},{"type":"Feature","geometry":{"type":"Point","coordinates":[-2.36138,53.46774]},"properties":{"k":"f"}},{"type":"Feature","geometry":{"type":"Point","coordinates":[-2.16515,53.47341]},"properties":{"k":"c"}},{"type":"Feature","geometry":{"type":"Point","coordinates":[-2.35824,53.46294]},"properties":{"k":"f"}},{"type":"Feature","geometry":{"type":"Point","coordinates":[-2.24218,53.48387]},"properties":{"k":"c"}},{"type":"Feature","geometry":{"type":"Point","coordinates":[-2.40133,53.52547]},"properties":{"k":"c"}},{"type":"Feature","geometry":{"type":"Point","coordinates":[-2.11654,53.54372]},"properties":{"k":"c"}},{"type":"Feature","geometry":{"type":"Point","coordinates":[-2.11358,53.54174]},"properties":{"k":"c"}},{"type":"Feature","geometry":{"type":"Point","coordinates":[-2.3499,53.46523]},"properties":{"k":"f"}},{"type":"Feature","geometry":{"type":"Point","coordinates":[-2.21547,53.46557]},"properties":{"k":"c"}},{"type":"Feature","geometry":{"type":"Point","coordinates":[-2.28472,53.5333]},"properties":{"k":"c"}},{"type":"Feature","geometry":{"type":"Point","coordinates":[-2.35059,53.46666]},"properties":{"k":"c"}},{"type":"Feature","geometry":{"type":"Point","coordinates":[-2.24156,53.4843]},"properties":{"k":"c"}},{"type":"Feature","geometry":{"type":"Point","coordinates":[-2.16462,53.6032]},"properties":{"k":"c"}},{"type":"Feature","geometry":{"type":"Point","coordinates":[-2.13909,53.55766]},"properties":{"k":"f"}},{"type":"Feature","geometry":{"type":"Point","coordinates":[-2.51748,53.49529]},"properties":{"k":"c"}},{"type":"Feature","geometry":{"type":"Point","coordinates":[-2.06246,53.39456]},"properties":{"k":"c"}},{"type":"Feature","geometry":{"type":"Point","coordinates":[-2.22778,53.43504]},"properties":{"k":"f"}},{"type":"Feature","geometry":{"type":"Point","coordinates":[-2.26256,53.37967]},"properties":{"k":"c"}},{"type":"Feature","geometry":{"type":"Point","coordinates":[-2.29084,53.59408]},"properties":{"k":"f"}},{"type":"Feature","geometry":{"type":"Point","coordinates":[-2.4018,53.52676]},"properties":{"k":"f"}},{"type":"Feature","geometry":{"type":"Point","coordinates":[-2.23958,53.47271]},"properties":{"k":"f"}},{"type":"Feature","geometry":{"type":"Point","coordinates":[-2.23557,53.46765]},"properties":{"k":"c"}},{"type":"Feature","geometry":{"type":"Point","coordinates":[-2.53612,53.58238]},"properties":{"k":"f"}},{"type":"Feature","geometry":{"type":"Point","coordinates":[-2.52697,53.49872]},"properties":{"k":"f"}},{"type":"Feature","geometry":{"type":"Point","coordinates":[-2.13058,53.61411]},"properties":{"k":"f"}},{"type":"Feature","geometry":{"type":"Point","coordinates":[-2.1495,53.41508]},"properties":{"k":"c"}},{"type":"Feature","geometry":{"type":"Point","coordinates":[-2.24907,53.47936]},"properties":{"k":"c"}},{"type":"Feature","geometry":{"type":"Point","coordinates":[-2.13651,53.55744]},"properties":{"k":"f"}},{"type":"Feature","geometry":{"type":"Point","coordinates":[-2.10585,53.49132]},"properties":{"k":"c"}},{"type":"Feature","geometry":{"type":"Point","coordinates":[-2.23216,53.41588]},"properties":{"k":"c"}},{"type":"Feature","geometry":{"type":"Point","coordinates":[-2.11311,53.48859]},"properties":{"k":"f"}},{"type":"Feature","geometry":{"type":"Point","coordinates":[-2.23401,53.48366]},"properties":{"k":"c"}},{"type":"Feature","geometry":{"type":"Point","coordinates":[-2.43154,53.60998]},"properties":{"k":"c"}},{"type":"Feature","geometry":{"type":"Point","coordinates":[-2.27352,53.36542]},"properties":{"k":"c"}},{"type":"Feature","geometry":{"type":"Point","coordinates":[-2.30004,53.47241]},"properties":{"k":"c"}},{"type":"Feature","geometry":{"type":"Point","coordinates":[-2.2148,53.39496]},"properties":{"k":"c"}},{"type":"Feature","geometry":{"type":"Point","coordinates":[-2.13439,53.45621]},"properties":{"k":"f"}},{"type":"Feature","geometry":{"type":"Point","coordinates":[-2.23137,53.47753]},"properties":{"k":"c"}},{"type":"Feature","geometry":{"type":"Point","coordinates":[-2.63737,53.48654]},"properties":{"k":"f"}},{"type":"Feature","geometry":{"type":"Point","coordinates":[-2.44113,53.5732]},"properties":{"k":"c"}},{"type":"Feature","geometry":{"type":"Point","coordinates":[-2.28875,53.5966]},"properties":{"k":"f"}},{"type":"Feature","geometry":{"type":"Point","coordinates":[-2.24248,53.48714]},"properties":{"k":"c"}},{"type":"Feature","geometry":{"type":"Point","coordinates":[-2.26724,53.47761]},"properties":{"k":"c"}},{"type":"Feature","geometry":{"type":"Point","coordinates":[-2.27823,53.44242]},"properties":{"k":"c"}},{"type":"Feature","geometry":{"type":"Point","coordinates":[-2.15934,53.5094]},"properties":{"k":"f"}},{"type":"Feature","geometry":{"type":"Point","coordinates":[-2.35826,53.4617]},"properties":{"k":"c"}},{"type":"Feature","geometry":{"type":"Point","coordinates":[-2.35405,53.44858]},"properties":{"k":"c"}},{"type":"Feature","geometry":{"type":"Point","coordinates":[-2.2025,53.35762]},"properties":{"k":"c"}},{"type":"Feature","geometry":{"type":"Point","coordinates":[-2.35788,53.46325]},"properties":{"k":"f"}},{"type":"Feature","geometry":{"type":"Point","coordinates":[-2.28583,53.49002]},"properties":{"k":"f"}},{"type":"Feature","geometry":{"type":"Point","coordinates":[-2.62746,53.55196]},"properties":{"k":"c"}},{"type":"Feature","geometry":{"type":"Point","coordinates":[-2.24378,53.48255]},"properties":{"k":"c"}},{"type":"Feature","geometry":{"type":"Point","coordinates":[-2.1752,53.42821]},"properties":{"k":"c"}},{"type":"Feature","geometry":{"type":"Point","coordinates":[-2.29472,53.47138]},"properties":{"k":"f"}},{"type":"Feature","geometry":{"type":"Point","coordinates":[-2.51895,53.59892]},"properties":{"k":"c"}},{"type":"Feature","geometry":{"type":"Point","coordinates":[-2.44108,53.56853]},"properties":{"k":"f"}},{"type":"Feature","geometry":{"type":"Point","coordinates":[-2.34651,53.46517]},"properties":{"k":"c"}},{"type":"Feature","geometry":{"type":"Point","coordinates":[-2.31012,53.46573]},"properties":{"k":"c"}},{"type":"Feature","geometry":{"type":"Point","coordinates":[-2.15987,53.41174]},"properties":{"k":"c"}},{"type":"Feature","geometry":{"type":"Point","coordinates":[-2.14942,53.4151]},"properties":{"k":"f"}},{"type":"Feature","geometry":{"type":"Point","coordinates":[-2.22794,53.43459]},"properties":{"k":"c"}},{"type":"Feature","geometry":{"type":"Point","coordinates":[-2.43519,53.57237]},"properties":{"k":"f"}},{"type":"Feature","geometry":{"type":"Point","coordinates":[-2.24204,53.48137]},"properties":{"k":"c"}},{"type":"Feature","geometry":{"type":"Point","coordinates":[-2.06427,53.39321]},"properties":{"k":"c"}},{"type":"Feature","geometry":{"type":"Point","coordinates":[-2.27052,53.36053]},"properties":{"k":"c"}},{"type":"Feature","geometry":{"type":"Point","coordinates":[-2.27384,53.43579]},"properties":{"k":"f"}},{"type":"Feature","geometry":{"type":"Point","coordinates":[-2.30012,53.59371]},"properties":{"k":"c"}},{"type":"Feature","geometry":{"type":"Point","coordinates":[-2.05638,53.48262]},"properties":{"k":"c"}},{"type":"Feature","geometry":{"type":"Point","coordinates":[-2.10039,53.48308]},"properties":{"k":"c"}},{"type":"Feature","geometry":{"type":"Point","coordinates":[-2.24165,53.48601]},"properties":{"k":"c"}},{"type":"Feature","geometry":{"type":"Point","coordinates":[-2.2568,53.50118]},"properties":{"k":"c"}},{"type":"Feature","geometry":{"type":"Point","coordinates":[-2.21599,53.47347]},"properties":{"k":"c"}},{"type":"Feature","geometry":{"type":"Point","coordinates":[-2.23325,53.48421]},"properties":{"k":"c"}},{"type":"Feature","geometry":{"type":"Point","coordinates":[-2.09415,53.54568]},"properties":{"k":"f"}},{"type":"Feature","geometry":{"type":"Point","coordinates":[-2.26467,53.47555]},"properties":{"k":"f"}},{"type":"Feature","geometry":{"type":"Point","coordinates":[-2.26078,53.37969]},"properties":{"k":"f"}},{"type":"Feature","geometry":{"type":"Point","coordinates":[-2.17721,53.46234]},"properties":{"k":"f"}},{"type":"Feature","geometry":{"type":"Point","coordinates":[-2.11096,53.54166]},"properties":{"k":"c"}},{"type":"Feature","geometry":{"type":"Point","coordinates":[-2.24587,53.46236]},"properties":{"k":"f"}},{"type":"Feature","geometry":{"type":"Point","coordinates":[-2.15231,53.41344]},"properties":{"k":"f"}},{"type":"Feature","geometry":{"type":"Point","coordinates":[-2.33777,53.5121]},"properties":{"k":"c"}},{"type":"Feature","geometry":{"type":"Point","coordinates":[-2.23461,53.49756]},"properties":{"k":"c"}},{"type":"Feature","geometry":{"type":"Point","coordinates":[-2.2415,53.4833]},"properties":{"k":"f"}},{"type":"Feature","geometry":{"type":"Point","coordinates":[-2.32622,53.48928]},"properties":{"k":"c"}},{"type":"Feature","geometry":{"type":"Point","coordinates":[-2.1181,53.42231]},"properties":{"k":"c"}},{"type":"Feature","geometry":{"type":"Point","coordinates":[-2.27412,53.5762]},"properties":{"k":"f"}},{"type":"Feature","geometry":{"type":"Point","coordinates":[-2.21821,53.4716]},"properties":{"k":"f"}},{"type":"Feature","geometry":{"type":"Point","coordinates":[-2.40258,53.5252]},"properties":{"k":"f"}},{"type":"Feature","geometry":{"type":"Point","coordinates":[-2.25703,53.40899]},"properties":{"k":"c"}},{"type":"Feature","geometry":{"type":"Point","coordinates":[-2.24566,53.51299]},"properties":{"k":"c"}},{"type":"Feature","geometry":{"type":"Point","coordinates":[-2.18387,53.43557]},"properties":{"k":"f"}},{"type":"Feature","geometry":{"type":"Point","coordinates":[-2.23648,53.48143]},"properties":{"k":"f"}},{"type":"Feature","geometry":{"type":"Point","coordinates":[-2.52206,53.54902]},"properties":{"k":"c"}},{"type":"Feature","geometry":{"type":"Point","coordinates":[-2.07828,53.45103]},"properties":{"k":"c"}},{"type":"Feature","geometry":{"type":"Point","coordinates":[-2.26985,53.36082]},"properties":{"k":"f"}},{"type":"Feature","geometry":{"type":"Point","coordinates":[-2.14524,53.48001]},"properties":{"k":"c"}},{"type":"Feature","geometry":{"type":"Point","coordinates":[-2.2483,53.46529]},"properties":{"k":"c"}},{"type":"Feature","geometry":{"type":"Point","coordinates":[-2.09143,53.57607]},"properties":{"k":"c"}},{"type":"Feature","geometry":{"type":"Point","coordinates":[-2.68503,53.53669]},"properties":{"k":"f"}},{"type":"Feature","geometry":{"type":"Point","coordinates":[-2.35207,53.38334]},"properties":{"k":"c"}},{"type":"Feature","geometry":{"type":"Point","coordinates":[-2.34862,53.46535]},"properties":{"k":"f"}},{"type":"Feature","geometry":{"type":"Point","coordinates":[-2.23778,53.48297]},"properties":{"k":"c"}},{"type":"Feature","geometry":{"type":"Point","coordinates":[-2.39969,53.54783]},"properties":{"k":"f"}},{"type":"Feature","geometry":{"type":"Point","coordinates":[-2.20472,53.54836]},"properties":{"k":"f"}},{"type":"Feature","geometry":{"type":"Point","coordinates":[-2.24639,53.48278]},"properties":{"k":"c"}},{"type":"Feature","geometry":{"type":"Point","coordinates":[-2.18804,53.4404]},"properties":{"k":"c"}},{"type":"Feature","geometry":{"type":"Point","coordinates":[-2.16535,53.35765]},"properties":{"k":"c"}},{"type":"Feature","geometry":{"type":"Point","coordinates":[-2.24286,53.48388]},"properties":{"k":"c"}},{"type":"Feature","geometry":{"type":"Point","coordinates":[-2.68459,53.53652]},"properties":{"k":"f"}},{"type":"Feature","geometry":{"type":"Point","coordinates":[-2.53729,53.58452]},"properties":{"k":"c"}},{"type":"Feature","geometry":{"type":"Point","coordinates":[-2.23523,53.49797]},"properties":{"k":"f"}},{"type":"Feature","geometry":{"type":"Point","coordinates":[-2.60572,53.54363]},"properties":{"k":"f"}},{"type":"Feature","geometry":{"type":"Point","coordinates":[-2.23703,53.4856]},"properties":{"k":"c"}},{"type":"Feature","geometry":{"type":"Point","coordinates":[-2.34425,53.46721]},"properties":{"k":"c"}},{"type":"Feature","geometry":{"type":"Point","coordinates":[-2.44578,53.56598]},"properties":{"k":"f"}},{"type":"Feature","geometry":{"type":"Point","coordinates":[-2.24059,53.48379]},"properties":{"k":"c"}},{"type":"Feature","geometry":{"type":"Point","coordinates":[-2.29682,53.59242]},"properties":{"k":"c"}},{"type":"Feature","geometry":{"type":"Point","coordinates":[-2.23969,53.48234]},"properties":{"k":"c"}},{"type":"Feature","geometry":{"type":"Point","coordinates":[-2.36177,53.46871]},"properties":{"k":"c"}},{"type":"Feature","geometry":{"type":"Point","coordinates":[-2.29351,53.59435]},"properties":{"k":"c"}},{"type":"Feature","geometry":{"type":"Point","coordinates":[-2.62778,53.55323]},"properties":{"k":"f"}},{"type":"Feature","geometry":{"type":"Point","coordinates":[-2.09364,53.48808]},"properties":{"k":"c"}},{"type":"Feature","geometry":{"type":"Point","coordinates":[-2.28415,53.46611]},"properties":{"k":"c"}},{"type":"Feature","geometry":{"type":"Point","coordinates":[-2.297,53.59285]},"properties":{"k":"f"}},{"type":"Feature","geometry":{"type":"Point","coordinates":[-2.2872,53.5348]},"properties":{"k":"f"}},{"type":"Feature","geometry":{"type":"Point","coordinates":[-2.51547,53.49335]},"properties":{"k":"f"}},{"type":"Feature","geometry":{"type":"Point","coordinates":[-2.23563,53.39206]},"properties":{"k":"c"}},{"type":"Feature","geometry":{"type":"Point","coordinates":[-2.2848,53.46294]},"properties":{"k":"f"}},{"type":"Feature","geometry":{"type":"Point","coordinates":[-2.29704,53.59279]},"properties":{"k":"c"}},{"type":"Feature","geometry":{"type":"Point","coordinates":[-2.70235,53.53974]},"properties":{"k":"c"}},{"type":"Feature","geometry":{"type":"Point","coordinates":[-2.3453,53.39172]},"properties":{"k":"c"}},{"type":"Feature","geometry":{"type":"Point","coordinates":[-2.15858,53.41123]},"properties":{"k":"c"}},{"type":"Feature","geometry":{"type":"Point","coordinates":[-2.21146,53.51337]},"properties":{"k":"f"}},{"type":"Feature","geometry":{"type":"Point","coordinates":[-2.22524,53.45533]},"properties":{"k":"f"}},{"type":"Feature","geometry":{"type":"Point","coordinates":[-2.29558,53.59381]},"properties":{"k":"c"}},{"type":"Feature","geometry":{"type":"Point","coordinates":[-2.10634,53.5422]},"properties":{"k":"c"}},{"type":"Feature","geometry":{"type":"Point","coordinates":[-2.26394,53.47005]},"properties":{"k":"c"}},{"type":"Feature","geometry":{"type":"Point","coordinates":[-2.02379,53.45312]},"properties":{"k":"c"}},{"type":"Feature","geometry":{"type":"Point","coordinates":[-2.15166,53.41422]},"properties":{"k":"c"}},{"type":"Feature","geometry":{"type":"Point","coordinates":[-2.35324,53.39898]},"properties":{"k":"f"}},{"type":"Feature","geometry":{"type":"Point","coordinates":[-2.2896,53.59767]},"properties":{"k":"f"}},{"type":"Feature","geometry":{"type":"Point","coordinates":[-2.35262,53.49134]},"properties":{"k":"c"}},{"type":"Feature","geometry":{"type":"Point","coordinates":[-2.11528,53.45609]},"properties":{"k":"f"}},{"type":"Feature","geometry":{"type":"Point","coordinates":[-2.24339,53.4847]},"properties":{"k":"c"}},{"type":"Feature","geometry":{"type":"Point","coordinates":[-2.38689,53.44142]},"properties":{"k":"c"}},{"type":"Feature","geometry":{"type":"Point","coordinates":[-2.53532,53.5835]},"properties":{"k":"f"}},{"type":"Feature","geometry":{"type":"Point","coordinates":[-2.27619,53.46865]},"properties":{"k":"f"}},{"type":"Feature","geometry":{"type":"Point","coordinates":[-2.42947,53.58976]},"properties":{"k":"f"}},{"type":"Feature","geometry":{"type":"Point","coordinates":[-2.43022,53.57992]},"properties":{"k":"c"}},{"type":"Feature","geometry":{"type":"Point","coordinates":[-2.24339,53.42615]},"properties":{"k":"c"}},{"type":"Feature","geometry":{"type":"Point","coordinates":[-2.27434,53.44241]},"properties":{"k":"c"}},{"type":"Feature","geometry":{"type":"Point","coordinates":[-2.21653,53.39221]},"properties":{"k":"c"}},{"type":"Feature","geometry":{"type":"Point","coordinates":[-2.24692,53.4823]},"properties":{"k":"f"}},{"type":"Feature","geometry":{"type":"Point","coordinates":[-2.35417,53.44929]},"properties":{"k":"c"}},{"type":"Feature","geometry":{"type":"Point","coordinates":[-2.11633,53.53968]},"properties":{"k":"f"}},{"type":"Feature","geometry":{"type":"Point","coordinates":[-2.07516,53.45093]},"properties":{"k":"f"}},{"type":"Feature","geometry":{"type":"Point","coordinates":[-2.23404,53.48288]},"properties":{"k":"c"}},{"type":"Feature","geometry":{"type":"Point","coordinates":[-2.24437,53.48004]},"properties":{"k":"c"}},{"type":"Feature","geometry":{"type":"Point","coordinates":[-2.24539,53.51221]},"properties":{"k":"f"}},{"type":"Feature","geometry":{"type":"Point","coordinates":[-2.29734,53.59269]},"properties":{"k":"f"}},{"type":"Feature","geometry":{"type":"Point","coordinates":[-2.28949,53.60468]},"properties":{"k":"c"}},{"type":"Feature","geometry":{"type":"Point","coordinates":[-2.18805,53.36687]},"properties":{"k":"c"}},{"type":"Feature","geometry":{"type":"Point","coordinates":[-2.24645,53.51366]},"properties":{"k":"f"}},{"type":"Feature","geometry":{"type":"Point","coordinates":[-2.23847,53.47875]},"properties":{"k":"c"}},{"type":"Feature","geometry":{"type":"Point","coordinates":[-2.34539,53.37662]},"properties":{"k":"c"}},{"type":"Feature","geometry":{"type":"Point","coordinates":[-2.247,53.48216]},"properties":{"k":"c"}},{"type":"Feature","geometry":{"type":"Point","coordinates":[-2.05835,53.48376]},"properties":{"k":"f"}},{"type":"Feature","geometry":{"type":"Point","coordinates":[-2.23588,53.46757]},"properties":{"k":"c"}},{"type":"Feature","geometry":{"type":"Point","coordinates":[-2.24038,53.47778]},"properties":{"k":"c"}},{"type":"Feature","geometry":{"type":"Point","coordinates":[-2.24526,53.48321]},"properties":{"k":"c"}},{"type":"Feature","geometry":{"type":"Point","coordinates":[-2.28188,53.36786]},"properties":{"k":"c"}},{"type":"Feature","geometry":{"type":"Point","coordinates":[-2.35475,53.44907]},"properties":{"k":"c"}},{"type":"Feature","geometry":{"type":"Point","coordinates":[-2.53524,53.58178]},"properties":{"k":"c"}},{"type":"Feature","geometry":{"type":"Point","coordinates":[-2.37096,53.57823]},"properties":{"k":"c"}},{"type":"Feature","geometry":{"type":"Point","coordinates":[-2.24562,53.47377]},"properties":{"k":"c"}},{"type":"Feature","geometry":{"type":"Point","coordinates":[-2.16419,53.40239]},"properties":{"k":"f"}},{"type":"Feature","geometry":{"type":"Point","coordinates":[-2.07061,53.49247]},"properties":{"k":"c"}},{"type":"Feature","geometry":{"type":"Point","coordinates":[-2.13926,53.38948]},"properties":{"k":"c"}},{"type":"Feature","geometry":{"type":"Point","coordinates":[-2.11126,53.48921]},"properties":{"k":"f"}},{"type":"Feature","geometry":{"type":"Point","coordinates":[-2.36543,53.57392]},"properties":{"k":"c"}},{"type":"Feature","geometry":{"type":"Point","coordinates":[-2.27859,53.44251]},"properties":{"k":"c"}},{"type":"Feature","geometry":{"type":"Point","coordinates":[-2.1537,53.61793]},"properties":{"k":"c"}},{"type":"Feature","geometry":{"type":"Point","coordinates":[-2.31701,53.62725]},"properties":{"k":"c"}},{"type":"Feature","geometry":{"type":"Point","coordinates":[-2.33463,53.63314]},"properties":{"k":"c"}},{"type":"Feature","geometry":{"type":"Point","coordinates":[-2.28448,53.46804]},"properties":{"k":"c"}},{"type":"Feature","geometry":{"type":"Point","coordinates":[-2.09518,53.48671]},"properties":{"k":"c"}},{"type":"Feature","geometry":{"type":"Point","coordinates":[-2.23481,53.4979]},"properties":{"k":"f"}},{"type":"Feature","geometry":{"type":"Point","coordinates":[-2.24255,53.42693]},"properties":{"k":"c"}},{"type":"Feature","geometry":{"type":"Point","coordinates":[-2.22932,53.46172]},"properties":{"k":"c"}},{"type":"Feature","geometry":{"type":"Point","coordinates":[-2.33494,53.438]},"properties":{"k":"c"}},{"type":"Feature","geometry":{"type":"Point","coordinates":[-2.272,53.44261]},"properties":{"k":"c"}},{"type":"Feature","geometry":{"type":"Point","coordinates":[-2.28991,53.53525]},"properties":{"k":"c"}},{"type":"Feature","geometry":{"type":"Point","coordinates":[-2.24202,53.47898]},"properties":{"k":"c"}},{"type":"Feature","geometry":{"type":"Point","coordinates":[-2.50352,53.49307]},"properties":{"k":"c"}},{"type":"Feature","geometry":{"type":"Point","coordinates":[-2.22739,53.43555]},"properties":{"k":"c"}},{"type":"Feature","geometry":{"type":"Point","coordinates":[-2.09339,53.47922]},"properties":{"k":"c"}},{"type":"Feature","geometry":{"type":"Point","coordinates":[-2.29624,53.55229]},"properties":{"k":"c"}},{"type":"Feature","geometry":{"type":"Point","coordinates":[-2.28542,53.54291]},"properties":{"k":"c"}},{"type":"Feature","geometry":{"type":"Point","coordinates":[-2.66386,53.58623]},"properties":{"k":"c"}},{"type":"Feature","geometry":{"type":"Point","coordinates":[-2.54608,53.59956]},"properties":{"k":"c"}},{"type":"Feature","geometry":{"type":"Point","coordinates":[-2.35171,53.49118]},"properties":{"k":"c"}},{"type":"Feature","geometry":{"type":"Point","coordinates":[-2.35289,53.48277]},"properties":{"k":"f"}},{"type":"Feature","geometry":{"type":"Point","coordinates":[-2.23578,53.48662]},"properties":{"k":"c"}},{"type":"Feature","geometry":{"type":"Point","coordinates":[-2.19504,53.51375]},"properties":{"k":"f"}},{"type":"Feature","geometry":{"type":"Point","coordinates":[-2.47865,53.59027]},"properties":{"k":"c"}},{"type":"Feature","geometry":{"type":"Point","coordinates":[-2.35223,53.44817]},"properties":{"k":"c"}},{"type":"Feature","geometry":{"type":"Point","coordinates":[-2.1629,53.40991]},"properties":{"k":"c"}},{"type":"Feature","geometry":{"type":"Point","coordinates":[-2.24945,53.47868]},"properties":{"k":"c"}},{"type":"Feature","geometry":{"type":"Point","coordinates":[-2.63321,53.54501]},"properties":{"k":"c"}},{"type":"Feature","geometry":{"type":"Point","coordinates":[-2.66243,53.58568]},"properties":{"k":"c"}},{"type":"Feature","geometry":{"type":"Point","coordinates":[-2.34696,53.37775]},"properties":{"k":"c"}},{"type":"Feature","geometry":{"type":"Point","coordinates":[-2.45263,53.58698]},"properties":{"k":"f"}},{"type":"Feature","geometry":{"type":"Point","coordinates":[-2.58461,53.56948]},"properties":{"k":"c"}},{"type":"Feature","geometry":{"type":"Point","coordinates":[-2.07928,53.45058]},"properties":{"k":"c"}},{"type":"Feature","geometry":{"type":"Point","coordinates":[-2.0536,53.4007]},"properties":{"k":"c"}},{"type":"Feature","geometry":{"type":"Point","coordinates":[-2.10137,53.63236]},"properties":{"k":"c"}},{"type":"Feature","geometry":{"type":"Point","coordinates":[-2.23529,53.48276]},"properties":{"k":"c"}},{"type":"Feature","geometry":{"type":"Point","coordinates":[-2.00384,53.54777]},"properties":{"k":"c"}},{"type":"Feature","geometry":{"type":"Point","coordinates":[-2.24399,53.47972]},"properties":{"k":"c"}},{"type":"Feature","geometry":{"type":"Point","coordinates":[-2.3511,53.38546]},"properties":{"k":"c"}},{"type":"Feature","geometry":{"type":"Point","coordinates":[-2.22193,53.46089]},"properties":{"k":"f"}},{"type":"Feature","geometry":{"type":"Point","coordinates":[-2.24608,53.51357]},"properties":{"k":"f"}},{"type":"Feature","geometry":{"type":"Point","coordinates":[-2.27653,53.44256]},"properties":{"k":"f"}},{"type":"Feature","geometry":{"type":"Point","coordinates":[-2.25583,53.40716]},"properties":{"k":"c"}},{"type":"Feature","geometry":{"type":"Point","coordinates":[-2.3058,53.42037]},"properties":{"k":"c"}},{"type":"Feature","geometry":{"type":"Point","coordinates":[-1.99624,53.56693]},"properties":{"k":"c"}},{"type":"Feature","geometry":{"type":"Point","coordinates":[-2.23719,53.47698]},"properties":{"k":"f"}},{"type":"Feature","geometry":{"type":"Point","coordinates":[-2.29289,53.47081]},"properties":{"k":"c"}},{"type":"Feature","geometry":{"type":"Point","coordinates":[-2.27613,53.44246]},"properties":{"k":"c"}},{"type":"Feature","geometry":{"type":"Point","coordinates":[-2.24427,53.48258]},"properties":{"k":"c"}},{"type":"Feature","geometry":{"type":"Point","coordinates":[-2.31702,53.64831]},"properties":{"k":"c"}},{"type":"Feature","geometry":{"type":"Point","coordinates":[-2.24896,53.47394]},"properties":{"k":"c"}},{"type":"Feature","geometry":{"type":"Point","coordinates":[-2.23852,53.48424]},"properties":{"k":"c"}},{"type":"Feature","geometry":{"type":"Point","coordinates":[-2.29335,53.59484]},"properties":{"k":"c"}},{"type":"Feature","geometry":{"type":"Point","coordinates":[-2.1965,53.6143]},"properties":{"k":"c"}},{"type":"Feature","geometry":{"type":"Point","coordinates":[-2.23503,53.48294]},"properties":{"k":"c"}},{"type":"Feature","geometry":{"type":"Point","coordinates":[-2.1349,53.48777]},"properties":{"k":"c"}},{"type":"Feature","geometry":{"type":"Point","coordinates":[-2.16202,53.411]},"properties":{"k":"c"}},{"type":"Feature","geometry":{"type":"Point","coordinates":[-2.65364,53.54324]},"properties":{"k":"f"}},{"type":"Feature","geometry":{"type":"Point","coordinates":[-2.27652,53.4419]},"properties":{"k":"c"}},{"type":"Feature","geometry":{"type":"Point","coordinates":[-2.28192,53.44092]},"properties":{"k":"c"}},{"type":"Feature","geometry":{"type":"Point","coordinates":[-2.24075,53.477]},"properties":{"k":"c"}},{"type":"Feature","geometry":{"type":"Point","coordinates":[-2.14636,53.47963]},"properties":{"k":"c"}},{"type":"Feature","geometry":{"type":"Point","coordinates":[-2.29681,53.59325]},"properties":{"k":"c"}},{"type":"Feature","geometry":{"type":"Point","coordinates":[-2.27801,53.44573]},"properties":{"k":"c"}},{"type":"Feature","geometry":{"type":"Point","coordinates":[-2.07064,53.43743]},"properties":{"k":"c"}},{"type":"Feature","geometry":{"type":"Point","coordinates":[-2.19875,53.5496]},"properties":{"k":"c"}},{"type":"Feature","geometry":{"type":"Point","coordinates":[-2.29705,53.59258]},"properties":{"k":"c"}},{"type":"Feature","geometry":{"type":"Point","coordinates":[-2.43277,53.59962]},"properties":{"k":"c"}},{"type":"Feature","geometry":{"type":"Point","coordinates":[-2.22788,53.43463]},"properties":{"k":"c"}},{"type":"Feature","geometry":{"type":"Point","coordinates":[-2.05361,53.40117]},"properties":{"k":"c"}},{"type":"Feature","geometry":{"type":"Point","coordinates":[-2.35242,53.49155]},"properties":{"k":"c"}},{"type":"Feature","geometry":{"type":"Point","coordinates":[-2.15532,53.40791]},"properties":{"k":"c"}},{"type":"Feature","geometry":{"type":"Point","coordinates":[-2.18773,53.61277]},"properties":{"k":"c"}},{"type":"Feature","geometry":{"type":"Point","coordinates":[-2.35293,53.44737]},"properties":{"k":"c"}},{"type":"Feature","geometry":{"type":"Point","coordinates":[-2.31984,53.39697]},"properties":{"k":"c"}},{"type":"Feature","geometry":{"type":"Point","coordinates":[-2.63399,53.54333]},"properties":{"k":"c"}},{"type":"Feature","geometry":{"type":"Point","coordinates":[-2.24849,53.43018]},"properties":{"k":"c"}},{"type":"Feature","geometry":{"type":"Point","coordinates":[-2.25012,53.47919]},"properties":{"k":"c"}},{"type":"Feature","geometry":{"type":"Point","coordinates":[-2.27497,53.43866]},"properties":{"k":"c"}},{"type":"Feature","geometry":{"type":"Point","coordinates":[-1.99475,53.46155]},"properties":{"k":"c"}},{"type":"Feature","geometry":{"type":"Point","coordinates":[-2.31776,53.6486]},"properties":{"k":"c"}},{"type":"Feature","geometry":{"type":"Point","coordinates":[-2.16633,53.35831]},"properties":{"k":"c"}},{"type":"Feature","geometry":{"type":"Point","coordinates":[-2.66603,53.58791]},"properties":{"k":"c"}},{"type":"Feature","geometry":{"type":"Point","coordinates":[-2.28545,53.53248]},"properties":{"k":"c"}},{"type":"Feature","geometry":{"type":"Point","coordinates":[-2.07288,53.54986]},"properties":{"k":"c"}},{"type":"Feature","geometry":{"type":"Point","coordinates":[-2.23557,53.48258]},"properties":{"k":"c"}},{"type":"Feature","geometry":{"type":"Point","coordinates":[-2.35165,53.44677]},"properties":{"k":"c"}},{"type":"Feature","geometry":{"type":"Point","coordinates":[-2.19847,53.54925]},"properties":{"k":"f"}},{"type":"Feature","geometry":{"type":"Point","coordinates":[-2.20618,53.37339]},"properties":{"k":"c"}},{"type":"Feature","geometry":{"type":"Point","coordinates":[-2.42816,53.57813]},"properties":{"k":"c"}},{"type":"Feature","geometry":{"type":"Point","coordinates":[-2.71209,53.53314]},"properties":{"k":"c"}},{"type":"Feature","geometry":{"type":"Point","coordinates":[-2.10251,53.63163]},"properties":{"k":"c"}},{"type":"Feature","geometry":{"type":"Point","coordinates":[-2.22512,53.45469]},"properties":{"k":"c"}},{"type":"Feature","geometry":{"type":"Point","coordinates":[-2.49349,53.52385]},"properties":{"k":"c"}},{"type":"Feature","geometry":{"type":"Point","coordinates":[-2.4006,53.52603]},"properties":{"k":"c"}},{"type":"Feature","geometry":{"type":"Point","coordinates":[-2.35088,53.38277]},"properties":{"k":"c"}},{"type":"Feature","geometry":{"type":"Point","coordinates":[-2.2785,53.44532]},"properties":{"k":"c"}},{"type":"Feature","geometry":{"type":"Point","coordinates":[-2.0056,53.54855]},"properties":{"k":"c"}},{"type":"Feature","geometry":{"type":"Point","coordinates":[-2.23295,53.41825]},"properties":{"k":"c"}},{"type":"Feature","geometry":{"type":"Point","coordinates":[-2.18388,53.63548]},"properties":{"k":"c"}},{"type":"Feature","geometry":{"type":"Point","coordinates":[-2.33628,53.40327]},"properties":{"k":"c"}},{"type":"Feature","geometry":{"type":"Point","coordinates":[-2.15934,53.40082]},"properties":{"k":"c"}},{"type":"Feature","geometry":{"type":"Point","coordinates":[-2.35071,53.38576]},"properties":{"k":"c"}},{"type":"Feature","geometry":{"type":"Point","coordinates":[-2.26325,53.48188]},"properties":{"k":"c"}},{"type":"Feature","geometry":{"type":"Point","coordinates":[-2.24222,53.47594]},"properties":{"k":"c"}},{"type":"Feature","geometry":{"type":"Point","coordinates":[-2.09197,53.48891]},"properties":{"k":"c"}},{"type":"Feature","geometry":{"type":"Point","coordinates":[-2.24232,53.51787]},"properties":{"k":"c"}},{"type":"Feature","geometry":{"type":"Point","coordinates":[-2.61107,53.55666]},"properties":{"k":"c"}},{"type":"Feature","geometry":{"type":"Point","coordinates":[-2.41629,53.50271]},"properties":{"k":"c"}},{"type":"Feature","geometry":{"type":"Point","coordinates":[-2.35186,53.38383]},"properties":{"k":"c"}},{"type":"Feature","geometry":{"type":"Point","coordinates":[-2.10152,53.42579]},"properties":{"k":"c"}},{"type":"Feature","geometry":{"type":"Point","coordinates":[-2.28371,53.55015]},"properties":{"k":"c"}},{"type":"Feature","geometry":{"type":"Point","coordinates":[-2.52263,53.54888]},"properties":{"k":"c"}},{"type":"Feature","geometry":{"type":"Point","coordinates":[-2.15796,53.41107]},"properties":{"k":"c"}},{"type":"Feature","geometry":{"type":"Point","coordinates":[-2.21894,53.44154]},"properties":{"k":"c"}},{"type":"Feature","geometry":{"type":"Point","coordinates":[-2.23501,53.48352]},"properties":{"k":"c"}},{"type":"Feature","geometry":{"type":"Point","coordinates":[-2.44437,53.57289]},"properties":{"k":"f"}},{"type":"Feature","geometry":{"type":"Point","coordinates":[-2.27531,53.44272]},"properties":{"k":"c"}},{"type":"Feature","geometry":{"type":"Point","coordinates":[-2.19919,53.51396]},"properties":{"k":"c"}},{"type":"Feature","geometry":{"type":"Point","coordinates":[-2.52124,53.49697]},"properties":{"k":"c"}},{"type":"Feature","geometry":{"type":"Point","coordinates":[-2.32032,53.39705]},"properties":{"k":"c"}},{"type":"Feature","geometry":{"type":"Point","coordinates":[-2.15868,53.41234]},"properties":{"k":"c"}},{"type":"Feature","geometry":{"type":"Point","coordinates":[-2.36585,53.44355]},"properties":{"k":"c"}},{"type":"Feature","geometry":{"type":"Point","coordinates":[-2.02385,53.45329]},"properties":{"k":"c"}},{"type":"Feature","geometry":{"type":"Point","coordinates":[-2.35764,53.45723]},"properties":{"k":"c"}},{"type":"Feature","geometry":{"type":"Point","coordinates":[-2.4173,53.61448]},"properties":{"k":"c"}},{"type":"Feature","geometry":{"type":"Point","coordinates":[-2.22534,53.45609]},"properties":{"k":"c"}},{"type":"Feature","geometry":{"type":"Point","coordinates":[-2.42737,53.57962]},"properties":{"k":"c"}},{"type":"Feature","geometry":{"type":"Point","coordinates":[-2.23569,53.46778]},"properties":{"k":"c"}},{"type":"Feature","geometry":{"type":"Point","coordinates":[-2.2349,53.39251]},"properties":{"k":"c"}},{"type":"Feature","geometry":{"type":"Point","coordinates":[-2.16976,53.4647]},"properties":{"k":"c"}},{"type":"Feature","geometry":{"type":"Point","coordinates":[-2.10179,53.63219]},"properties":{"k":"c"}},{"type":"Feature","geometry":{"type":"Point","coordinates":[-2.4262,53.57738]},"properties":{"k":"c"}},{"type":"Feature","geometry":{"type":"Point","coordinates":[-2.07516,53.36483]},"properties":{"k":"c"}},{"type":"Feature","geometry":{"type":"Point","coordinates":[-2.24582,53.47763]},"properties":{"k":"c"}},{"type":"Feature","geometry":{"type":"Point","coordinates":[-2.23226,53.48022]},"properties":{"k":"c"}},{"type":"Feature","geometry":{"type":"Point","coordinates":[-2.08378,53.41417]},"properties":{"k":"c"}},{"type":"Feature","geometry":{"type":"Point","coordinates":[-2.61946,53.49776]},"properties":{"k":"c"}},{"type":"Feature","geometry":{"type":"Point","coordinates":[-2.09324,53.48894]},"properties":{"k":"c"}},{"type":"Feature","geometry":{"type":"Point","coordinates":[-2.2348,53.37021]},"properties":{"k":"f"}},{"type":"Feature","geometry":{"type":"Point","coordinates":[-2.23623,53.48438]},"properties":{"k":"f"}},{"type":"Feature","geometry":{"type":"Point","coordinates":[-2.24291,53.48506]},"properties":{"k":"c"}},{"type":"Feature","geometry":{"type":"Point","coordinates":[-2.24121,53.47912]},"properties":{"k":"c"}},{"type":"Feature","geometry":{"type":"Point","coordinates":[-2.23176,53.41806]},"properties":{"k":"c"}},{"type":"Feature","geometry":{"type":"Point","coordinates":[-2.29092,53.59485]},"properties":{"k":"c"}},{"type":"Feature","geometry":{"type":"Point","coordinates":[-2.22729,53.37068]},"properties":{"k":"c"}},{"type":"Feature","geometry":{"type":"Point","coordinates":[-2.18857,53.41833]},"properties":{"k":"c"}},{"type":"Feature","geometry":{"type":"Point","coordinates":[-2.09587,53.64389]},"properties":{"k":"c"}},{"type":"Feature","geometry":{"type":"Point","coordinates":[-2.05711,53.48193]},"properties":{"k":"c"}},{"type":"Feature","geometry":{"type":"Point","coordinates":[-2.2381,53.39132]},"properties":{"k":"c"}},{"type":"Feature","geometry":{"type":"Point","coordinates":[-2.3792,53.57995]},"properties":{"k":"f"}},{"type":"Feature","geometry":{"type":"Point","coordinates":[-2.24116,53.47803]},"properties":{"k":"c"}},{"type":"Feature","geometry":{"type":"Point","coordinates":[-2.68454,53.59821]},"properties":{"k":"c"}},{"type":"Feature","geometry":{"type":"Point","coordinates":[-2.11441,53.45712]},"properties":{"k":"c"}},{"type":"Feature","geometry":{"type":"Point","coordinates":[-2.35259,53.39881]},"properties":{"k":"c"}},{"type":"Feature","geometry":{"type":"Point","coordinates":[-2.16102,53.43694]},"properties":{"k":"c"}},{"type":"Feature","geometry":{"type":"Point","coordinates":[-2.10674,53.39108]},"properties":{"k":"c"}},{"type":"Feature","geometry":{"type":"Point","coordinates":[-2.21508,53.55728]},"properties":{"k":"c"}},{"type":"Feature","geometry":{"type":"Point","coordinates":[-2.49645,53.49386]},"properties":{"k":"c"}},{"type":"Feature","geometry":{"type":"Point","coordinates":[-2.27671,53.44258]},"properties":{"k":"c"}},{"type":"Feature","geometry":{"type":"Point","coordinates":[-2.24284,53.42639]},"properties":{"k":"c"}},{"type":"Feature","geometry":{"type":"Point","coordinates":[-2.23804,53.48934]},"properties":{"k":"c"}},{"type":"Feature","geometry":{"type":"Point","coordinates":[-2.2004,53.45628]},"properties":{"k":"f"}},{"type":"Feature","geometry":{"type":"Point","coordinates":[-2.33659,53.4564]},"properties":{"k":"c"}},{"type":"Feature","geometry":{"type":"Point","coordinates":[-2.27597,53.52431]},"properties":{"k":"c"}},{"type":"Feature","geometry":{"type":"Point","coordinates":[-2.62955,53.54785]},"properties":{"k":"f"}},{"type":"Feature","geometry":{"type":"Point","coordinates":[-2.13702,53.38869]},"properties":{"k":"c"}},{"type":"Feature","geometry":{"type":"Point","coordinates":[-2.43021,53.56709]},"properties":{"k":"c"}},{"type":"Feature","geometry":{"type":"Point","coordinates":[-2.23286,53.482]},"properties":{"k":"c"}},{"type":"Feature","geometry":{"type":"Point","coordinates":[-2.40294,53.55068]},"properties":{"k":"c"}},{"type":"Feature","geometry":{"type":"Point","coordinates":[-2.33646,53.62458]},"properties":{"k":"c"}},{"type":"Feature","geometry":{"type":"Point","coordinates":[-2.66619,53.55197]},"properties":{"k":"c"}},{"type":"Feature","geometry":{"type":"Point","coordinates":[-2.22861,53.43348]},"properties":{"k":"c"}},{"type":"Feature","geometry":{"type":"Point","coordinates":[-2.22866,53.48458]},"properties":{"k":"c"}},{"type":"Feature","geometry":{"type":"Point","coordinates":[-2.1811,53.62629]},"properties":{"k":"c"}},{"type":"Feature","geometry":{"type":"Point","coordinates":[-2.69554,53.51769]},"properties":{"k":"c"}},{"type":"Feature","geometry":{"type":"Point","coordinates":[-2.1552,53.61797]},"properties":{"k":"c"}},{"type":"Feature","geometry":{"type":"Point","coordinates":[-2.18979,53.36627]},"properties":{"k":"c"}},{"type":"Feature","geometry":{"type":"Point","coordinates":[-2.63274,53.54468]},"properties":{"k":"c"}},{"type":"Feature","geometry":{"type":"Point","coordinates":[-2.23375,53.41824]},"properties":{"k":"c"}},{"type":"Feature","geometry":{"type":"Point","coordinates":[-2.27265,53.35884]},"properties":{"k":"c"}},{"type":"Feature","geometry":{"type":"Point","coordinates":[-2.31879,53.64784]},"properties":{"k":"c"}},{"type":"Feature","geometry":{"type":"Point","coordinates":[-2.11087,53.63272]},"properties":{"k":"c"}},{"type":"Feature","geometry":{"type":"Point","coordinates":[-2.14636,53.54621]},"properties":{"k":"c"}},{"type":"Feature","geometry":{"type":"Point","coordinates":[-2.34179,53.42917]},"properties":{"k":"c"}},{"type":"Feature","geometry":{"type":"Point","coordinates":[-2.29783,53.59331]},"properties":{"k":"c"}},{"type":"Feature","geometry":{"type":"Point","coordinates":[-2.23516,53.48171]},"properties":{"k":"c"}},{"type":"Feature","geometry":{"type":"Point","coordinates":[-2.29437,53.59273]},"properties":{"k":"c"}},{"type":"Feature","geometry":{"type":"Point","coordinates":[-2.29656,53.5937]},"properties":{"k":"c"}},{"type":"Feature","geometry":{"type":"Point","coordinates":[-2.24524,53.42618]},"properties":{"k":"c"}},{"type":"Feature","geometry":{"type":"Point","coordinates":[-2.08093,53.45227]},"properties":{"k":"c"}},{"type":"Feature","geometry":{"type":"Point","coordinates":[-2.41959,53.58553]},"properties":{"k":"c"}},{"type":"Feature","geometry":{"type":"Point","coordinates":[-2.24061,53.48059]},"properties":{"k":"c"}},{"type":"Feature","geometry":{"type":"Point","coordinates":[-2.10677,53.54225]},"properties":{"k":"f"}},{"type":"Feature","geometry":{"type":"Point","coordinates":[-2.39962,53.54577]},"properties":{"k":"f"}},{"type":"Feature","geometry":{"type":"Point","coordinates":[-2.18895,53.41781]},"properties":{"k":"c"}},{"type":"Feature","geometry":{"type":"Point","coordinates":[-2.16513,53.47344]},"properties":{"k":"c"}},{"type":"Feature","geometry":{"type":"Point","coordinates":[-2.23914,53.47268]},"properties":{"k":"c"}},{"type":"Feature","geometry":{"type":"Point","coordinates":[-2.54774,53.59887]},"properties":{"k":"c"}},{"type":"Feature","geometry":{"type":"Point","coordinates":[-2.35033,53.46533]},"properties":{"k":"c"}},{"type":"Feature","geometry":{"type":"Point","coordinates":[-2.1689,53.62701]},"properties":{"k":"c"}},{"type":"Feature","geometry":{"type":"Point","coordinates":[-2.2975,53.45572]},"properties":{"k":"c"}},{"type":"Feature","geometry":{"type":"Point","coordinates":[-2.29731,53.59252]},"properties":{"k":"f"}},{"type":"Feature","geometry":{"type":"Point","coordinates":[-2.23795,53.47703]},"properties":{"k":"f"}},{"type":"Feature","geometry":{"type":"Point","coordinates":[-2.10687,53.48125]},"properties":{"k":"f"}},{"type":"Feature","geometry":{"type":"Point","coordinates":[-2.2429,53.42656]},"properties":{"k":"c"}},{"type":"Feature","geometry":{"type":"Point","coordinates":[-2.11481,53.54107]},"properties":{"k":"c"}},{"type":"Feature","geometry":{"type":"Point","coordinates":[-2.46783,53.51368]},"properties":{"k":"c"}},{"type":"Feature","geometry":{"type":"Point","coordinates":[-2.39239,53.4524]},"properties":{"k":"c"}},{"type":"Feature","geometry":{"type":"Point","coordinates":[-2.27755,53.44676]},"properties":{"k":"c"}},{"type":"Feature","geometry":{"type":"Point","coordinates":[-2.20964,53.58386]},"properties":{"k":"c"}},{"type":"Feature","geometry":{"type":"Point","coordinates":[-2.28893,53.36745]},"properties":{"k":"c"}},{"type":"Feature","geometry":{"type":"Point","coordinates":[-2.23331,53.48416]},"properties":{"k":"c"}},{"type":"Feature","geometry":{"type":"Point","coordinates":[-2.23775,53.48484]},"properties":{"k":"c"}},{"type":"Feature","geometry":{"type":"Point","coordinates":[-2.00525,53.54884]},"properties":{"k":"c"}},{"type":"Feature","geometry":{"type":"Point","coordinates":[-2.27596,53.53755]},"properties":{"k":"c"}},{"type":"Feature","geometry":{"type":"Point","coordinates":[-2.18998,53.37729]},"properties":{"k":"c"}},{"type":"Feature","geometry":{"type":"Point","coordinates":[-2.23273,53.37017]},"properties":{"k":"c"}},{"type":"Feature","geometry":{"type":"Point","coordinates":[-2.23178,53.47854]},"properties":{"k":"c"}},{"type":"Feature","geometry":{"type":"Point","coordinates":[-2.23722,53.47037]},"properties":{"k":"f"}},{"type":"Feature","geometry":{"type":"Point","coordinates":[-2.63293,53.54452]},"properties":{"k":"c"}},{"type":"Feature","geometry":{"type":"Point","coordinates":[-2.62892,53.54705]},"properties":{"k":"c"}},{"type":"Feature","geometry":{"type":"Point","coordinates":[-2.35176,53.38571]},"properties":{"k":"c"}},{"type":"Feature","geometry":{"type":"Point","coordinates":[-2.15697,53.61899]},"properties":{"k":"f"}},{"type":"Feature","geometry":{"type":"Point","coordinates":[-2.11359,53.5417]},"properties":{"k":"c"}},{"type":"Feature","geometry":{"type":"Point","coordinates":[-2.15786,53.41179]},"properties":{"k":"c"}},{"type":"Feature","geometry":{"type":"Point","coordinates":[-2.22749,53.48327]},"properties":{"k":"c"}},{"type":"Feature","geometry":{"type":"Point","coordinates":[-2.28061,53.36748]},"properties":{"k":"c"}},{"type":"Feature","geometry":{"type":"Point","coordinates":[-2.63637,53.53981]},"properties":{"k":"c"}},{"type":"Feature","geometry":{"type":"Point","coordinates":[-2.05028,53.41394]},"properties":{"k":"c"}},{"type":"Feature","geometry":{"type":"Point","coordinates":[-2.21183,53.58981]},"properties":{"k":"c"}},{"type":"Feature","geometry":{"type":"Point","coordinates":[-2.35269,53.49161]},"properties":{"k":"c"}},{"type":"Feature","geometry":{"type":"Point","coordinates":[-2.1151,53.54191]},"properties":{"k":"c"}},{"type":"Feature","geometry":{"type":"Point","coordinates":[-2.09017,53.54678]},"properties":{"k":"c"}},{"type":"Feature","geometry":{"type":"Point","coordinates":[-2.63315,53.5584]},"properties":{"k":"c"}},{"type":"Feature","geometry":{"type":"Point","coordinates":[-2.15906,53.61584]},"properties":{"k":"c"}},{"type":"Feature","geometry":{"type":"Point","coordinates":[-2.23649,53.47654]},"properties":{"k":"c"}},{"type":"Feature","geometry":{"type":"Point","coordinates":[-2.23993,53.48314]},"properties":{"k":"c"}},{"type":"Feature","geometry":{"type":"Point","coordinates":[-2.15909,53.43975]},"properties":{"k":"c"}},{"type":"Feature","geometry":{"type":"Point","coordinates":[-2.63077,53.54791]},"properties":{"k":"c"}},{"type":"Feature","geometry":{"type":"Point","coordinates":[-2.23747,53.48536]},"properties":{"k":"f"}},{"type":"Feature","geometry":{"type":"Point","coordinates":[-2.45851,53.5822]},"properties":{"k":"c"}},{"type":"Feature","geometry":{"type":"Point","coordinates":[-2.28932,53.46441]},"properties":{"k":"c"}},{"type":"Feature","geometry":{"type":"Point","coordinates":[-2.23509,53.48347]},"properties":{"k":"c"}},{"type":"Feature","geometry":{"type":"Point","coordinates":[-2.07884,53.45049]},"properties":{"k":"c"}},{"type":"Feature","geometry":{"type":"Point","coordinates":[-2.13572,53.36898]},"properties":{"k":"c"}},{"type":"Feature","geometry":{"type":"Point","coordinates":[-2.30231,53.57037]},"properties":{"k":"c"}},{"type":"Feature","geometry":{"type":"Point","coordinates":[-2.15307,53.61455]},"properties":{"k":"f"}},{"type":"Feature","geometry":{"type":"Point","coordinates":[-2.32251,53.42428]},"properties":{"k":"c"}},{"type":"Feature","geometry":{"type":"Point","coordinates":[-2.23937,53.48293]},"properties":{"k":"c"}},{"type":"Feature","geometry":{"type":"Point","coordinates":[-2.23769,53.47108]},"properties":{"k":"c"}},{"type":"Feature","geometry":{"type":"Point","coordinates":[-2.09309,53.54591]},"properties":{"k":"f"}},{"type":"Feature","geometry":{"type":"Point","coordinates":[-2.19149,53.44404]},"properties":{"k":"c"}},{"type":"Feature","geometry":{"type":"Point","coordinates":[-2.0074,53.54641]},"properties":{"k":"c"}},{"type":"Feature","geometry":{"type":"Point","coordinates":[-2.32396,53.42551]},"properties":{"k":"c"}},{"type":"Feature","geometry":{"type":"Point","coordinates":[-2.46505,53.58546]},"properties":{"k":"c"}},{"type":"Feature","geometry":{"type":"Point","coordinates":[-2.24291,53.42138]},"properties":{"k":"c"}},{"type":"Feature","geometry":{"type":"Point","coordinates":[-2.09435,53.57578]},"properties":{"k":"c"}},{"type":"Feature","geometry":{"type":"Point","coordinates":[-2.03645,53.52057]},"properties":{"k":"c"}},{"type":"Feature","geometry":{"type":"Point","coordinates":[-2.15712,53.61171]},"properties":{"k":"f"}},{"type":"Feature","geometry":{"type":"Point","coordinates":[-2.43562,53.42808]},"properties":{"k":"c"}},{"type":"Feature","geometry":{"type":"Point","coordinates":[-2.23233,53.47878]},"properties":{"k":"c"}},{"type":"Feature","geometry":{"type":"Point","coordinates":[-2.60843,53.54065]},"properties":{"k":"c"}},{"type":"Feature","geometry":{"type":"Point","coordinates":[-2.00676,53.54732]},"properties":{"k":"c"}},{"type":"Feature","geometry":{"type":"Point","coordinates":[-2.62948,53.54657]},"properties":{"k":"c"}},{"type":"Feature","geometry":{"type":"Point","coordinates":[-2.27741,53.44718]},"properties":{"k":"c"}},{"type":"Feature","geometry":{"type":"Point","coordinates":[-2.35209,53.40109]},"properties":{"k":"f"}},{"type":"Feature","geometry":{"type":"Point","coordinates":[-2.11667,53.45622]},"properties":{"k":"c"}},{"type":"Feature","geometry":{"type":"Point","coordinates":[-2.44596,53.59482]},"properties":{"k":"c"}},{"type":"Feature","geometry":{"type":"Point","coordinates":[-2.6385,53.54439]},"properties":{"k":"c"}},{"type":"Feature","geometry":{"type":"Point","coordinates":[-2.24002,53.48342]},"properties":{"k":"c"}},{"type":"Feature","geometry":{"type":"Point","coordinates":[-2.27224,53.51736]},"properties":{"k":"c"}},{"type":"Feature","geometry":{"type":"Point","coordinates":[-2.34398,53.37612]},"properties":{"k":"c"}},{"type":"Feature","geometry":{"type":"Point","coordinates":[-2.63763,53.48638]},"properties":{"k":"c"}},{"type":"Feature","geometry":{"type":"Point","coordinates":[-2.4544,53.56133]},"properties":{"k":"c"}},{"type":"Feature","geometry":{"type":"Point","coordinates":[-2.23791,53.48201]},"properties":{"k":"c"}},{"type":"Feature","geometry":{"type":"Point","coordinates":[-2.24477,53.48284]},"properties":{"k":"c"}},{"type":"Feature","geometry":{"type":"Point","coordinates":[-1.99695,53.56483]},"properties":{"k":"c"}},{"type":"Feature","geometry":{"type":"Point","coordinates":[-2.28366,53.53125]},"properties":{"k":"c"}},{"type":"Feature","geometry":{"type":"Point","coordinates":[-2.12358,53.38173]},"properties":{"k":"c"}},{"type":"Feature","geometry":{"type":"Point","coordinates":[-2.07915,53.45236]},"properties":{"k":"c"}},{"type":"Feature","geometry":{"type":"Point","coordinates":[-2.59786,53.51719]},"properties":{"k":"c"}},{"type":"Feature","geometry":{"type":"Point","coordinates":[-2.27638,53.44183]},"properties":{"k":"c"}},{"type":"Feature","geometry":{"type":"Point","coordinates":[-2.13997,53.59918]},"properties":{"k":"c"}},{"type":"Feature","geometry":{"type":"Point","coordinates":[-2.09633,53.54447]},"properties":{"k":"c"}},{"type":"Feature","geometry":{"type":"Point","coordinates":[-2.15699,53.61075]},"properties":{"k":"f"}},{"type":"Feature","geometry":{"type":"Point","coordinates":[-2.13727,53.38871]},"properties":{"k":"f"}},{"type":"Feature","geometry":{"type":"Point","coordinates":[-2.21912,53.49222]},"properties":{"k":"f"}},{"type":"Feature","geometry":{"type":"Point","coordinates":[-2.63113,53.54826]},"properties":{"k":"c"}},{"type":"Feature","geometry":{"type":"Point","coordinates":[-2.11158,53.52692]},"properties":{"k":"c"}},{"type":"Feature","geometry":{"type":"Point","coordinates":[-2.43498,53.59969]},"properties":{"k":"c"}},{"type":"Feature","geometry":{"type":"Point","coordinates":[-2.17933,53.38811]},"properties":{"k":"c"}},{"type":"Feature","geometry":{"type":"Point","coordinates":[-2.33478,53.48485]},"properties":{"k":"c"}},{"type":"Feature","geometry":{"type":"Point","coordinates":[-2.15688,53.60987]},"properties":{"k":"c"}},{"type":"Feature","geometry":{"type":"Point","coordinates":[-2.63032,53.5481]},"properties":{"k":"f"}},{"type":"Feature","geometry":{"type":"Point","coordinates":[-2.2851,53.59251]},"properties":{"k":"c"}},{"type":"Feature","geometry":{"type":"Point","coordinates":[-2.23943,53.49439]},"properties":{"k":"c"}},{"type":"Feature","geometry":{"type":"Point","coordinates":[-2.41439,53.45101]},"properties":{"k":"f"}},{"type":"Feature","geometry":{"type":"Point","coordinates":[-2.11457,53.36792]},"properties":{"k":"c"}},{"type":"Feature","geometry":{"type":"Point","coordinates":[-2.22718,53.62519]},"properties":{"k":"c"}},{"type":"Feature","geometry":{"type":"Point","coordinates":[-2.24675,53.48047]},"properties":{"k":"c"}},{"type":"Feature","geometry":{"type":"Point","coordinates":[-2.1891,53.41803]},"properties":{"k":"c"}},{"type":"Feature","geometry":{"type":"Point","coordinates":[-2.2314,53.48143]},"properties":{"k":"c"}},{"type":"Feature","geometry":{"type":"Point","coordinates":[-2.34392,53.38332]},"properties":{"k":"c"}},{"type":"Feature","geometry":{"type":"Point","coordinates":[-2.42906,53.58025]},"properties":{"k":"c"}},{"type":"Feature","geometry":{"type":"Point","coordinates":[-2.24492,53.47756]},"properties":{"k":"c"}},{"type":"Feature","geometry":{"type":"Point","coordinates":[-2.19972,53.45618]},"properties":{"k":"f"}},{"type":"Feature","geometry":{"type":"Point","coordinates":[-2.1939,53.55135]},"properties":{"k":"f"}},{"type":"Feature","geometry":{"type":"Point","coordinates":[-2.23143,53.41808]},"properties":{"k":"c"}},{"type":"Feature","geometry":{"type":"Point","coordinates":[-2.15004,53.52499]},"properties":{"k":"c"}},{"type":"Feature","geometry":{"type":"Point","coordinates":[-2.15655,53.61674]},"properties":{"k":"f"}},{"type":"Feature","geometry":{"type":"Point","coordinates":[-2.11518,53.54344]},"properties":{"k":"c"}},{"type":"Feature","geometry":{"type":"Point","coordinates":[-2.29446,53.61776]},"properties":{"k":"c"}},{"type":"Feature","geometry":{"type":"Point","coordinates":[-2.15954,53.40905]},"properties":{"k":"c"}},{"type":"Feature","geometry":{"type":"Point","coordinates":[-2.23228,53.4789]},"properties":{"k":"c"}},{"type":"Feature","geometry":{"type":"Point","coordinates":[-2.0906,53.47011]},"properties":{"k":"c"}},{"type":"Feature","geometry":{"type":"Point","coordinates":[-2.17018,53.48149]},"properties":{"k":"f"}},{"type":"Feature","geometry":{"type":"Point","coordinates":[-2.11523,53.54298]},"properties":{"k":"c"}},{"type":"Feature","geometry":{"type":"Point","coordinates":[-2.07189,53.52946]},"properties":{"k":"c"}},{"type":"Feature","geometry":{"type":"Point","coordinates":[-2.24493,53.45458]},"properties":{"k":"c"}},{"type":"Feature","geometry":{"type":"Point","coordinates":[-2.15758,53.61006]},"properties":{"k":"c"}},{"type":"Feature","geometry":{"type":"Point","coordinates":[-2.24036,53.47307]},"properties":{"k":"c"}},{"type":"Feature","geometry":{"type":"Point","coordinates":[-2.24978,53.48153]},"properties":{"k":"c"}},{"type":"Feature","geometry":{"type":"Point","coordinates":[-2.1847,53.42294]},"properties":{"k":"c"}},{"type":"Feature","geometry":{"type":"Point","coordinates":[-2.16553,53.35773]},"properties":{"k":"c"}},{"type":"Feature","geometry":{"type":"Point","coordinates":[-2.04075,53.51414]},"properties":{"k":"f"}},{"type":"Feature","geometry":{"type":"Point","coordinates":[-2.2394,53.47338]},"properties":{"k":"f"}},{"type":"Feature","geometry":{"type":"Point","coordinates":[-2.23181,53.41648]},"properties":{"k":"c"}},{"type":"Feature","geometry":{"type":"Point","coordinates":[-2.32608,53.60105]},"properties":{"k":"c"}},{"type":"Feature","geometry":{"type":"Point","coordinates":[-2.16153,53.40917]},"properties":{"k":"c"}},{"type":"Feature","geometry":{"type":"Point","coordinates":[-2.21154,53.51249]},"properties":{"k":"c"}},{"type":"Feature","geometry":{"type":"Point","coordinates":[-2.11107,53.54109]},"properties":{"k":"c"}},{"type":"Feature","geometry":{"type":"Point","coordinates":[-2.18846,53.44076]},"properties":{"k":"c"}},{"type":"Feature","geometry":{"type":"Point","coordinates":[-2.57733,53.53615]},"properties":{"k":"c"}},{"type":"Feature","geometry":{"type":"Point","coordinates":[-2.03536,53.52031]},"properties":{"k":"c"}},{"type":"Feature","geometry":{"type":"Point","coordinates":[-2.21118,53.58282]},"properties":{"k":"c"}},{"type":"Feature","geometry":{"type":"Point","coordinates":[-2.23538,53.39229]},"properties":{"k":"f"}},{"type":"Feature","geometry":{"type":"Point","coordinates":[-2.16089,53.42991]},"properties":{"k":"c"}},{"type":"Feature","geometry":{"type":"Point","coordinates":[-2.44823,53.50257]},"properties":{"k":"c"}},{"type":"Feature","geometry":{"type":"Point","coordinates":[-2.59761,53.47649]},"properties":{"k":"c"}},{"type":"Feature","geometry":{"type":"Point","coordinates":[-2.172,53.46239]},"properties":{"k":"c"}},{"type":"Feature","geometry":{"type":"Point","coordinates":[-2.52398,53.55165]},"properties":{"k":"c"}},{"type":"Feature","geometry":{"type":"Point","coordinates":[-2.2514,53.47961]},"properties":{"k":"c"}},{"type":"Feature","geometry":{"type":"Point","coordinates":[-2.07823,53.50095]},"properties":{"k":"c"}},{"type":"Feature","geometry":{"type":"Point","coordinates":[-2.23379,53.48047]},"properties":{"k":"f"}},{"type":"Feature","geometry":{"type":"Point","coordinates":[-2.43166,53.57543]},"properties":{"k":"c"}},{"type":"Feature","geometry":{"type":"Point","coordinates":[-2.15963,53.43815]},"properties":{"k":"c"}},{"type":"Feature","geometry":{"type":"Point","coordinates":[-2.15423,53.40611]},"properties":{"k":"c"}},{"type":"Feature","geometry":{"type":"Point","coordinates":[-2.17802,53.42937]},"properties":{"k":"c"}},{"type":"Feature","geometry":{"type":"Point","coordinates":[-2.26248,53.48338]},"properties":{"k":"c"}},{"type":"Feature","geometry":{"type":"Point","coordinates":[-2.52042,53.49678]},"properties":{"k":"c"}},{"type":"Feature","geometry":{"type":"Point","coordinates":[-2.07578,53.44572]},"properties":{"k":"c"}},{"type":"Feature","geometry":{"type":"Point","coordinates":[-2.24236,53.42704]},"properties":{"k":"c"}},{"type":"Feature","geometry":{"type":"Point","coordinates":[-2.57684,53.47796]},"properties":{"k":"c"}},{"type":"Feature","geometry":{"type":"Point","coordinates":[-2.23983,53.48053]},"properties":{"k":"c"}},{"type":"Feature","geometry":{"type":"Point","coordinates":[-2.42539,53.57649]},"properties":{"k":"c"}},{"type":"Feature","geometry":{"type":"Point","coordinates":[-2.16454,53.40223]},"properties":{"k":"c"}},{"type":"Feature","geometry":{"type":"Point","coordinates":[-2.08006,53.50014]},"properties":{"k":"c"}},{"type":"Feature","geometry":{"type":"Point","coordinates":[-2.08974,53.54683]},"properties":{"k":"c"}},{"type":"Feature","geometry":{"type":"Point","coordinates":[-2.28044,53.36691]},"properties":{"k":"c"}},{"type":"Feature","geometry":{"type":"Point","coordinates":[-2.25789,53.60125]},"properties":{"k":"c"}},{"type":"Feature","geometry":{"type":"Point","coordinates":[-2.57681,53.53689]},"properties":{"k":"c"}},{"type":"Feature","geometry":{"type":"Point","coordinates":[-2.23847,53.47183]},"properties":{"k":"c"}},{"type":"Feature","geometry":{"type":"Point","coordinates":[-2.67972,53.53578]},"properties":{"k":"c"}},{"type":"Feature","geometry":{"type":"Point","coordinates":[-2.39398,53.51528]},"properties":{"k":"c"}},{"type":"Feature","geometry":{"type":"Point","coordinates":[-2.25039,53.47956]},"properties":{"k":"c"}},{"type":"Feature","geometry":{"type":"Point","coordinates":[-2.24625,53.47801]},"properties":{"k":"c"}},{"type":"Feature","geometry":{"type":"Point","coordinates":[-2.15966,53.41147]},"properties":{"k":"c"}},{"type":"Feature","geometry":{"type":"Point","coordinates":[-2.23534,53.48422]},"properties":{"k":"c"}},{"type":"Feature","geometry":{"type":"Point","coordinates":[-2.12193,53.56482]},"properties":{"k":"c"}},{"type":"Feature","geometry":{"type":"Point","coordinates":[-2.07127,53.53755]},"properties":{"k":"c"}},{"type":"Feature","geometry":{"type":"Point","coordinates":[-2.35487,53.4483]},"properties":{"k":"c"}},{"type":"Feature","geometry":{"type":"Point","coordinates":[-2.35151,53.49093]},"properties":{"k":"c"}},{"type":"Feature","geometry":{"type":"Point","coordinates":[-2.36465,53.57275]},"properties":{"k":"c"}},{"type":"Feature","geometry":{"type":"Point","coordinates":[-2.00831,53.55393]},"properties":{"k":"c"}},{"type":"Feature","geometry":{"type":"Point","coordinates":[-2.1804,53.36072]},"properties":{"k":"c"}},{"type":"Feature","geometry":{"type":"Point","coordinates":[-2.29831,53.58675]},"properties":{"k":"c"}},{"type":"Feature","geometry":{"type":"Point","coordinates":[-2.29856,53.47797]},"properties":{"k":"c"}},{"type":"Feature","geometry":{"type":"Point","coordinates":[-2.00569,53.54843]},"properties":{"k":"c"}},{"type":"Feature","geometry":{"type":"Point","coordinates":[-2.12309,53.54682]},"properties":{"k":"c"}},{"type":"Feature","geometry":{"type":"Point","coordinates":[-2.45638,53.50384]},"properties":{"k":"c"}},{"type":"Feature","geometry":{"type":"Point","coordinates":[-2.21896,53.44065]},"properties":{"k":"f"}},{"type":"Feature","geometry":{"type":"Point","coordinates":[-2.24121,53.48326]},"properties":{"k":"c"}},{"type":"Feature","geometry":{"type":"Point","coordinates":[-2.2905,53.45924]},"properties":{"k":"c"}},{"type":"Feature","geometry":{"type":"Point","coordinates":[-2.21119,53.41188]},"properties":{"k":"c"}},{"type":"Feature","geometry":{"type":"Point","coordinates":[-2.23127,53.41746]},"properties":{"k":"c"}},{"type":"Feature","geometry":{"type":"Point","coordinates":[-2.34845,53.38805]},"properties":{"k":"c"}},{"type":"Feature","geometry":{"type":"Point","coordinates":[-2.29086,53.35687]},"properties":{"k":"c"}},{"type":"Feature","geometry":{"type":"Point","coordinates":[-2.24234,53.48513]},"properties":{"k":"c"}},{"type":"Feature","geometry":{"type":"Point","coordinates":[-2.22899,53.43358]},"properties":{"k":"c"}},{"type":"Feature","geometry":{"type":"Point","coordinates":[-2.34897,53.38703]},"properties":{"k":"f"}},{"type":"Feature","geometry":{"type":"Point","coordinates":[-2.28934,53.53537]},"properties":{"k":"c"}},{"type":"Feature","geometry":{"type":"Point","coordinates":[-2.42695,53.58518]},"properties":{"k":"c"}},{"type":"Feature","geometry":{"type":"Point","coordinates":[-2.23847,53.47632]},"properties":{"k":"c"}},{"type":"Feature","geometry":{"type":"Point","coordinates":[-2.34957,53.46537]},"properties":{"k":"f"}},{"type":"Feature","geometry":{"type":"Point","coordinates":[-2.24035,53.48231]},"properties":{"k":"f"}},{"type":"Feature","geometry":{"type":"Point","coordinates":[-2.28695,53.48822]},"properties":{"k":"c"}},{"type":"Feature","geometry":{"type":"Point","coordinates":[-2.42269,53.52958]},"properties":{"k":"c"}},{"type":"Feature","geometry":{"type":"Point","coordinates":[-2.15807,53.61753]},"properties":{"k":"c"}},{"type":"Feature","geometry":{"type":"Point","coordinates":[-2.43059,53.57414]},"properties":{"k":"c"}},{"type":"Feature","geometry":{"type":"Point","coordinates":[-2.08275,53.45291]},"properties":{"k":"c"}},{"type":"Feature","geometry":{"type":"Point","coordinates":[-2.19308,53.48298]},"properties":{"k":"c"}},{"type":"Feature","geometry":{"type":"Point","coordinates":[-2.3469,53.46579]},"properties":{"k":"c"}},{"type":"Feature","geometry":{"type":"Point","coordinates":[-2.23822,53.48033]},"properties":{"k":"c"}},{"type":"Feature","geometry":{"type":"Point","coordinates":[-2.22394,53.59472]},"properties":{"k":"c"}},{"type":"Feature","geometry":{"type":"Point","coordinates":[-2.28329,53.47021]},"properties":{"k":"c"}},{"type":"Feature","geometry":{"type":"Point","coordinates":[-2.32333,53.42612]},"properties":{"k":"c"}},{"type":"Feature","geometry":{"type":"Point","coordinates":[-2.52952,53.49841]},"properties":{"k":"c"}},{"type":"Feature","geometry":{"type":"Point","coordinates":[-2.25463,53.47651]},"properties":{"k":"c"}},{"type":"Feature","geometry":{"type":"Point","coordinates":[-2.3438,53.4835]},"properties":{"k":"f"}},{"type":"Feature","geometry":{"type":"Point","coordinates":[-2.27022,53.4996]},"properties":{"k":"c"}},{"type":"Feature","geometry":{"type":"Point","coordinates":[-2.2294,53.41484]},"properties":{"k":"c"}},{"type":"Feature","geometry":{"type":"Point","coordinates":[-2.18972,53.44153]},"properties":{"k":"c"}},{"type":"Feature","geometry":{"type":"Point","coordinates":[-2.21244,53.42075]},"properties":{"k":"c"}},{"type":"Feature","geometry":{"type":"Point","coordinates":[-2.39516,53.55017]},"properties":{"k":"f"}},{"type":"Feature","geometry":{"type":"Point","coordinates":[-2.6388,53.48634]},"properties":{"k":"c"}},{"type":"Feature","geometry":{"type":"Point","coordinates":[-2.51734,53.49565]},"properties":{"k":"c"}},{"type":"Feature","geometry":{"type":"Point","coordinates":[-2.23833,53.48495]},"properties":{"k":"f"}},{"type":"Feature","geometry":{"type":"Point","coordinates":[-2.27436,53.43856]},"properties":{"k":"c"}},{"type":"Feature","geometry":{"type":"Point","coordinates":[-2.2165,53.39213]},"properties":{"k":"c"}},{"type":"Feature","geometry":{"type":"Point","coordinates":[-2.1034,53.5624]},"properties":{"k":"c"}},{"type":"Feature","geometry":{"type":"Point","coordinates":[-2.23,53.43405]},"properties":{"k":"c"}},{"type":"Feature","geometry":{"type":"Point","coordinates":[-2.2338,53.48139]},"properties":{"k":"c"}},{"type":"Feature","geometry":{"type":"Point","coordinates":[-2.17552,53.52548]},"properties":{"k":"c"}},{"type":"Feature","geometry":{"type":"Point","coordinates":[-2.2273,53.45773]},"properties":{"k":"c"}},{"type":"Feature","geometry":{"type":"Point","coordinates":[-2.19146,53.44438]},"properties":{"k":"f"}},{"type":"Feature","geometry":{"type":"Point","coordinates":[-2.36983,53.56163]},"properties":{"k":"c"}},{"type":"Feature","geometry":{"type":"Point","coordinates":[-2.39219,53.547]},"properties":{"k":"c"}},{"type":"Feature","geometry":{"type":"Point","coordinates":[-2.49425,53.52383]},"properties":{"k":"c"}},{"type":"Feature","geometry":{"type":"Point","coordinates":[-2.07755,53.44914]},"properties":{"k":"c"}},{"type":"Feature","geometry":{"type":"Point","coordinates":[-2.31848,53.42367]},"properties":{"k":"c"}},{"type":"Feature","geometry":{"type":"Point","coordinates":[-2.43106,53.57951]},"properties":{"k":"c"}},{"type":"Feature","geometry":{"type":"Point","coordinates":[-2.29428,53.59191]},"properties":{"k":"c"}},{"type":"Feature","geometry":{"type":"Point","coordinates":[-2.31784,53.64865]},"properties":{"k":"c"}},{"type":"Feature","geometry":{"type":"Point","coordinates":[-2.24603,53.50005]},"properties":{"k":"c"}},{"type":"Feature","geometry":{"type":"Point","coordinates":[-2.15912,53.6097]},"properties":{"k":"c"}},{"type":"Feature","geometry":{"type":"Point","coordinates":[-2.39511,53.60471]},"properties":{"k":"c"}},{"type":"Feature","geometry":{"type":"Point","coordinates":[-2.12721,53.41655]},"properties":{"k":"f"}},{"type":"Feature","geometry":{"type":"Point","coordinates":[-2.06444,53.39377]},"properties":{"k":"c"}},{"type":"Feature","geometry":{"type":"Point","coordinates":[-2.6994,53.58751]},"properties":{"k":"c"}},{"type":"Feature","geometry":{"type":"Point","coordinates":[-2.24629,53.47965]},"properties":{"k":"c"}},{"type":"Feature","geometry":{"type":"Point","coordinates":[-2.24138,53.47427]},"properties":{"k":"c"}},{"type":"Feature","geometry":{"type":"Point","coordinates":[-2.14702,53.60605]},"properties":{"k":"c"}},{"type":"Feature","geometry":{"type":"Point","coordinates":[-2.22975,53.46259]},"properties":{"k":"c"}},{"type":"Feature","geometry":{"type":"Point","coordinates":[-2.10726,53.54216]},"properties":{"k":"f"}},{"type":"Feature","geometry":{"type":"Point","coordinates":[-2.21637,53.39419]},"properties":{"k":"c"}},{"type":"Feature","geometry":{"type":"Point","coordinates":[-2.118,53.45612]},"properties":{"k":"c"}},{"type":"Feature","geometry":{"type":"Point","coordinates":[-2.25836,53.38848]},"properties":{"k":"c"}},{"type":"Feature","geometry":{"type":"Point","coordinates":[-2.26301,53.45935]},"properties":{"k":"f"}},{"type":"Feature","geometry":{"type":"Point","coordinates":[-2.17901,53.42504]},"properties":{"k":"c"}},{"type":"Feature","geometry":{"type":"Point","coordinates":[-2.00683,53.54699]},"properties":{"k":"c"}},{"type":"Feature","geometry":{"type":"Point","coordinates":[-2.10177,53.47221]},"properties":{"k":"c"}},{"type":"Feature","geometry":{"type":"Point","coordinates":[-2.11093,53.56215]},"properties":{"k":"c"}},{"type":"Feature","geometry":{"type":"Point","coordinates":[-2.28021,53.5391]},"properties":{"k":"c"}},{"type":"Feature","geometry":{"type":"Point","coordinates":[-2.2863,53.45283]},"properties":{"k":"c"}},{"type":"Feature","geometry":{"type":"Point","coordinates":[-2.20524,53.49772]},"properties":{"k":"c"}},{"type":"Feature","geometry":{"type":"Point","coordinates":[-2.38752,53.46988]},"properties":{"k":"c"}},{"type":"Feature","geometry":{"type":"Point","coordinates":[-2.30246,53.41983]},"properties":{"k":"c"}},{"type":"Feature","geometry":{"type":"Point","coordinates":[-2.45769,53.58839]},"properties":{"k":"c"}},{"type":"Feature","geometry":{"type":"Point","coordinates":[-2.21305,53.43496]},"properties":{"k":"c"}},{"type":"Feature","geometry":{"type":"Point","coordinates":[-2.4061,53.58046]},"properties":{"k":"c"}},{"type":"Feature","geometry":{"type":"Point","coordinates":[-2.35726,53.41842]},"properties":{"k":"c"}},{"type":"Feature","geometry":{"type":"Point","coordinates":[-2.63328,53.54663]},"properties":{"k":"c"}},{"type":"Feature","geometry":{"type":"Point","coordinates":[-2.65553,53.53734]},"properties":{"k":"c"}},{"type":"Feature","geometry":{"type":"Point","coordinates":[-2.42768,53.57449]},"properties":{"k":"c"}},{"type":"Feature","geometry":{"type":"Point","coordinates":[-2.44139,53.62992]},"properties":{"k":"c"}},{"type":"Feature","geometry":{"type":"Point","coordinates":[-2.21328,53.59343]},"properties":{"k":"c"}},{"type":"Feature","geometry":{"type":"Point","coordinates":[-2.22765,53.43489]},"properties":{"k":"c"}},{"type":"Feature","geometry":{"type":"Point","coordinates":[-2.51497,53.49598]},"properties":{"k":"c"}},{"type":"Feature","geometry":{"type":"Point","coordinates":[-2.23456,53.37023]},"properties":{"k":"c"}},{"type":"Feature","geometry":{"type":"Point","coordinates":[-2.17847,53.42919]},"properties":{"k":"c"}},{"type":"Feature","geometry":{"type":"Point","coordinates":[-2.1931,53.53715]},"properties":{"k":"c"}},{"type":"Feature","geometry":{"type":"Point","coordinates":[-2.32556,53.41729]},"properties":{"k":"c"}},{"type":"Feature","geometry":{"type":"Point","coordinates":[-2.16538,53.35604]},"properties":{"k":"c"}},{"type":"Feature","geometry":{"type":"Point","coordinates":[-2.48078,53.493]},"properties":{"k":"c"}},{"type":"Feature","geometry":{"type":"Point","coordinates":[-2.30619,53.49934]},"properties":{"k":"c"}},{"type":"Feature","geometry":{"type":"Point","coordinates":[-2.11282,53.36749]},"properties":{"k":"c"}},{"type":"Feature","geometry":{"type":"Point","coordinates":[-2.32604,53.55965]},"properties":{"k":"f"}},{"type":"Feature","geometry":{"type":"Point","coordinates":[-2.35054,53.3867]},"properties":{"k":"c"}},{"type":"Feature","geometry":{"type":"Point","coordinates":[-2.23253,53.41462]},"properties":{"k":"c"}},{"type":"Feature","geometry":{"type":"Point","coordinates":[-2.35121,53.38747]},"properties":{"k":"c"}},{"type":"Feature","geometry":{"type":"Point","coordinates":[-2.31689,53.64836]},"properties":{"k":"c"}},{"type":"Feature","geometry":{"type":"Point","coordinates":[-2.13334,53.64918]},"properties":{"k":"c"}},{"type":"Feature","geometry":{"type":"Point","coordinates":[-2.3515,53.51699]},"properties":{"k":"c"}},{"type":"Feature","geometry":{"type":"Point","coordinates":[-2.11277,53.52993]},"properties":{"k":"c"}},{"type":"Feature","geometry":{"type":"Point","coordinates":[-2.28874,53.59745]},"properties":{"k":"c"}},{"type":"Feature","geometry":{"type":"Point","coordinates":[-2.50256,53.52846]},"properties":{"k":"c"}},{"type":"Feature","geometry":{"type":"Point","coordinates":[-2.23131,53.5012]},"properties":{"k":"c"}},{"type":"Feature","geometry":{"type":"Point","coordinates":[-2.10205,53.49678]},"properties":{"k":"c"}},{"type":"Feature","geometry":{"type":"Point","coordinates":[-2.22129,53.59433]},"properties":{"k":"c"}},{"type":"Feature","geometry":{"type":"Point","coordinates":[-2.13513,53.52788]},"properties":{"k":"c"}},{"type":"Feature","geometry":{"type":"Point","coordinates":[-2.09067,53.48992]},"properties":{"k":"c"}},{"type":"Feature","geometry":{"type":"Point","coordinates":[-2.43768,53.59242]},"properties":{"k":"c"}},{"type":"Feature","geometry":{"type":"Point","coordinates":[-2.23904,53.48388]},"properties":{"k":"c"}},{"type":"Feature","geometry":{"type":"Point","coordinates":[-2.2244,53.48388]},"properties":{"k":"c"}},{"type":"Feature","geometry":{"type":"Point","coordinates":[-2.18799,53.44043]},"properties":{"k":"c"}},{"type":"Feature","geometry":{"type":"Point","coordinates":[-2.35309,53.44797]},"properties":{"k":"c"}},{"type":"Feature","geometry":{"type":"Point","coordinates":[-2.10907,53.53507]},"properties":{"k":"c"}},{"type":"Feature","geometry":{"type":"Point","coordinates":[-2.00606,53.54835]},"properties":{"k":"c"}},{"type":"Feature","geometry":{"type":"Point","coordinates":[-2.37313,53.56327]},"properties":{"k":"c"}},{"type":"Feature","geometry":{"type":"Point","coordinates":[-2.01983,53.55906]},"properties":{"k":"c"}},{"type":"Feature","geometry":{"type":"Point","coordinates":[-2.32986,53.62526]},"properties":{"k":"c"}},{"type":"Feature","geometry":{"type":"Point","coordinates":[-2.15174,53.61392]},"properties":{"k":"c"}},{"type":"Feature","geometry":{"type":"Point","coordinates":[-2.24524,53.51113]},"properties":{"k":"c"}},{"type":"Feature","geometry":{"type":"Point","coordinates":[-2.16553,53.40215]},"properties":{"k":"c"}},{"type":"Feature","geometry":{"type":"Point","coordinates":[-2.16769,53.47294]},"properties":{"k":"c"}},{"type":"Feature","geometry":{"type":"Point","coordinates":[-2.40058,53.62206]},"properties":{"k":"c"}},{"type":"Feature","geometry":{"type":"Point","coordinates":[-2.2238,53.4535]},"properties":{"k":"c"}},{"type":"Feature","geometry":{"type":"Point","coordinates":[-2.25376,53.37191]},"properties":{"k":"c"}},{"type":"Feature","geometry":{"type":"Point","coordinates":[-2.64761,53.50105]},"properties":{"k":"c"}},{"type":"Feature","geometry":{"type":"Point","coordinates":[-2.12054,53.53919]},"properties":{"k":"c"}},{"type":"Feature","geometry":{"type":"Point","coordinates":[-2.11303,53.37538]},"properties":{"k":"c"}},{"type":"Feature","geometry":{"type":"Point","coordinates":[-2.69479,53.57033]},"properties":{"k":"c"}},{"type":"Feature","geometry":{"type":"Point","coordinates":[-2.22534,53.38305]},"properties":{"k":"c"}},{"type":"Feature","geometry":{"type":"Point","coordinates":[-2.64239,53.54089]},"properties":{"k":"c"}},{"type":"Feature","geometry":{"type":"Point","coordinates":[-2.26795,53.52969]},"properties":{"k":"c"}},{"type":"Feature","geometry":{"type":"Point","coordinates":[-2.52482,53.48706]},"properties":{"k":"c"}},{"type":"Feature","geometry":{"type":"Point","coordinates":[-2.12866,53.54597]},"properties":{"k":"c"}},{"type":"Feature","geometry":{"type":"Point","coordinates":[-2.31906,53.42459]},"properties":{"k":"c"}},{"type":"Feature","geometry":{"type":"Point","coordinates":[-2.16503,53.6013]},"properties":{"k":"f"}},{"type":"Feature","geometry":{"type":"Point","coordinates":[-2.16152,53.47283]},"properties":{"k":"c"}},{"type":"Feature","geometry":{"type":"Point","coordinates":[-2.42641,53.57974]},"properties":{"k":"c"}},{"type":"Feature","geometry":{"type":"Point","coordinates":[-2.40752,53.54142]},"properties":{"k":"c"}},{"type":"Feature","geometry":{"type":"Point","coordinates":[-2.34851,53.38678]},"properties":{"k":"c"}},{"type":"Feature","geometry":{"type":"Point","coordinates":[-2.13134,53.52163]},"properties":{"k":"c"}},{"type":"Feature","geometry":{"type":"Point","coordinates":[-2.35237,53.38379]},"properties":{"k":"c"}},{"type":"Feature","geometry":{"type":"Point","coordinates":[-2.16495,53.3806]},"properties":{"k":"c"}},{"type":"Feature","geometry":{"type":"Point","coordinates":[-2.24656,53.48332]},"properties":{"k":"c"}},{"type":"Feature","geometry":{"type":"Point","coordinates":[-2.31022,53.44895]},"properties":{"k":"c"}},{"type":"Feature","geometry":{"type":"Point","coordinates":[-2.1001,53.58356]},"properties":{"k":"c"}},{"type":"Feature","geometry":{"type":"Point","coordinates":[-2.15281,53.39452]},"properties":{"k":"c"}},{"type":"Feature","geometry":{"type":"Point","coordinates":[-2.35219,53.39662]},"properties":{"k":"c"}},{"type":"Feature","geometry":{"type":"Point","coordinates":[-2.29778,53.59329]},"properties":{"k":"c"}},{"type":"Feature","geometry":{"type":"Point","coordinates":[-2.27949,53.36708]},"properties":{"k":"c"}},{"type":"Feature","geometry":{"type":"Point","coordinates":[-2.08279,53.41427]},"properties":{"k":"c"}},{"type":"Feature","geometry":{"type":"Point","coordinates":[-2.19394,53.55095]},"properties":{"k":"c"}},{"type":"Feature","geometry":{"type":"Point","coordinates":[-2.15816,53.45433]},"properties":{"k":"f"}},{"type":"Feature","geometry":{"type":"Point","coordinates":[-2.156,53.41022]},"properties":{"k":"c"}},{"type":"Feature","geometry":{"type":"Point","coordinates":[-2.2568,53.40896]},"properties":{"k":"f"}},{"type":"Feature","geometry":{"type":"Point","coordinates":[-2.30015,53.59403]},"properties":{"k":"c"}},{"type":"Feature","geometry":{"type":"Point","coordinates":[-2.07634,53.4514]},"properties":{"k":"c"}},{"type":"Feature","geometry":{"type":"Point","coordinates":[-2.69421,53.57143]},"properties":{"k":"c"}},{"type":"Feature","geometry":{"type":"Point","coordinates":[-2.4291,53.43711]},"properties":{"k":"c"}},{"type":"Feature","geometry":{"type":"Point","coordinates":[-2.29413,53.36421]},"properties":{"k":"c"}},{"type":"Feature","geometry":{"type":"Point","coordinates":[-2.1232,53.38123]},"properties":{"k":"c"}},{"type":"Feature","geometry":{"type":"Point","coordinates":[-2.33599,53.51636]},"properties":{"k":"c"}},{"type":"Feature","geometry":{"type":"Point","coordinates":[-2.61672,53.55305]},"properties":{"k":"c"}},{"type":"Feature","geometry":{"type":"Point","coordinates":[-2.35214,53.50226]},"properties":{"k":"c"}},{"type":"Feature","geometry":{"type":"Point","coordinates":[-2.1845,53.4432]},"properties":{"k":"c"}},{"type":"Feature","geometry":{"type":"Point","coordinates":[-2.39612,53.55132]},"properties":{"k":"c"}},{"type":"Feature","geometry":{"type":"Point","coordinates":[-2.55083,53.52465]},"properties":{"k":"c"}},{"type":"Feature","geometry":{"type":"Point","coordinates":[-2.43548,53.57243]},"properties":{"k":"c"}},{"type":"Feature","geometry":{"type":"Point","coordinates":[-2.2251,53.45481]},"properties":{"k":"c"}},{"type":"Feature","geometry":{"type":"Point","coordinates":[-2.16168,53.41142]},"properties":{"k":"c"}},{"type":"Feature","geometry":{"type":"Point","coordinates":[-2.21135,53.59327]},"properties":{"k":"c"}},{"type":"Feature","geometry":{"type":"Point","coordinates":[-2.28565,53.53313]},"properties":{"k":"c"}},{"type":"Feature","geometry":{"type":"Point","coordinates":[-2.12331,53.56731]},"properties":{"k":"c"}},{"type":"Feature","geometry":{"type":"Point","coordinates":[-2.49595,53.52365]},"properties":{"k":"c"}},{"type":"Feature","geometry":{"type":"Point","coordinates":[-2.70902,53.53072]},"properties":{"k":"c"}},{"type":"Feature","geometry":{"type":"Point","coordinates":[-2.29359,53.42868]},"properties":{"k":"c"}},{"type":"Feature","geometry":{"type":"Point","coordinates":[-2.15899,53.40539]},"properties":{"k":"c"}},{"type":"Feature","geometry":{"type":"Point","coordinates":[-2.1078,53.54103]},"properties":{"k":"c"}},{"type":"Feature","geometry":{"type":"Point","coordinates":[-2.3534,53.47787]},"properties":{"k":"c"}},{"type":"Feature","geometry":{"type":"Point","coordinates":[-2.24192,53.42745]},"properties":{"k":"c"}},{"type":"Feature","geometry":{"type":"Point","coordinates":[-2.10026,53.47078]},"properties":{"k":"c"}},{"type":"Feature","geometry":{"type":"Point","coordinates":[-2.23818,53.53386]},"properties":{"k":"c"}},{"type":"Feature","geometry":{"type":"Point","coordinates":[-2.16755,53.37368]},"properties":{"k":"c"}},{"type":"Feature","geometry":{"type":"Point","coordinates":[-2.34168,53.50893]},"properties":{"k":"c"}},{"type":"Feature","geometry":{"type":"Point","coordinates":[-2.45372,53.59183]},"properties":{"k":"c"}},{"type":"Feature","geometry":{"type":"Point","coordinates":[-2.33455,53.48521]},"properties":{"k":"c"}},{"type":"Feature","geometry":{"type":"Point","coordinates":[-2.21472,53.55724]},"properties":{"k":"c"}},{"type":"Feature","geometry":{"type":"Point","coordinates":[-2.15578,53.41321]},"properties":{"k":"c"}},{"type":"Feature","geometry":{"type":"Point","coordinates":[-2.24057,53.48229]},"properties":{"k":"c"}},{"type":"Feature","geometry":{"type":"Point","coordinates":[-2.61003,53.57327]},"properties":{"k":"c"}},{"type":"Feature","geometry":{"type":"Point","coordinates":[-2.63653,53.48758]},"properties":{"k":"c"}},{"type":"Feature","geometry":{"type":"Point","coordinates":[-2.24152,53.48476]},"properties":{"k":"c"}},{"type":"Feature","geometry":{"type":"Point","coordinates":[-2.15678,53.41081]},"properties":{"k":"c"}},{"type":"Feature","geometry":{"type":"Point","coordinates":[-2.23831,53.48191]},"properties":{"k":"c"}},{"type":"Feature","geometry":{"type":"Point","coordinates":[-2.06431,53.39306]},"properties":{"k":"c"}},{"type":"Feature","geometry":{"type":"Point","coordinates":[-2.6094,53.57328]},"properties":{"k":"c"}},{"type":"Feature","geometry":{"type":"Point","coordinates":[-2.35036,53.49039]},"properties":{"k":"c"}},{"type":"Feature","geometry":{"type":"Point","coordinates":[-2.33822,53.57296]},"properties":{"k":"c"}},{"type":"Feature","geometry":{"type":"Point","coordinates":[-2.18377,53.49759]},"properties":{"k":"c"}},{"type":"Feature","geometry":{"type":"Point","coordinates":[-2.14522,53.48006]},"properties":{"k":"c"}},{"type":"Feature","geometry":{"type":"Point","coordinates":[-2.25767,53.45214]},"properties":{"k":"c"}},{"type":"Feature","geometry":{"type":"Point","coordinates":[-2.15518,53.61719]},"properties":{"k":"c"}},{"type":"Feature","geometry":{"type":"Point","coordinates":[-2.13188,53.38695]},"properties":{"k":"c"}},{"type":"Feature","geometry":{"type":"Point","coordinates":[-2.11212,53.54198]},"properties":{"k":"c"}},{"type":"Feature","geometry":{"type":"Point","coordinates":[-2.22329,53.48009]},"properties":{"k":"c"}},{"type":"Feature","geometry":{"type":"Point","coordinates":[-2.52183,53.54876]},"properties":{"k":"c"}},{"type":"Feature","geometry":{"type":"Point","coordinates":[-2.11157,53.54114]},"properties":{"k":"c"}},{"type":"Feature","geometry":{"type":"Point","coordinates":[-2.51331,53.49593]},"properties":{"k":"c"}},{"type":"Feature","geometry":{"type":"Point","coordinates":[-2.22409,53.45403]},"properties":{"k":"c"}},{"type":"Feature","geometry":{"type":"Point","coordinates":[-2.16691,53.40173]},"properties":{"k":"c"}},{"type":"Feature","geometry":{"type":"Point","coordinates":[-2.11351,53.60829]},"properties":{"k":"c"}},{"type":"Feature","geometry":{"type":"Point","coordinates":[-2.09284,53.48838]},"properties":{"k":"c"}},{"type":"Feature","geometry":{"type":"Point","coordinates":[-2.3267,53.61341]},"properties":{"k":"c"}},{"type":"Feature","geometry":{"type":"Point","coordinates":[-2.19326,53.53711]},"properties":{"k":"c"}},{"type":"Feature","geometry":{"type":"Point","coordinates":[-2.09458,53.48215]},"properties":{"k":"c"}},{"type":"Feature","geometry":{"type":"Point","coordinates":[-2.19871,53.54987]},"properties":{"k":"c"}},{"type":"Feature","geometry":{"type":"Point","coordinates":[-2.42633,53.58022]},"properties":{"k":"c"}},{"type":"Feature","geometry":{"type":"Point","coordinates":[-2.22493,53.45533]},"properties":{"k":"c"}},{"type":"Feature","geometry":{"type":"Point","coordinates":[-2.23523,53.48339]},"properties":{"k":"c"}},{"type":"Feature","geometry":{"type":"Point","coordinates":[-2.23893,53.47844]},"properties":{"k":"f"}},{"type":"Feature","geometry":{"type":"Point","coordinates":[-2.29681,53.59193]},"properties":{"k":"c"}},{"type":"Feature","geometry":{"type":"Point","coordinates":[-2.14786,53.47881]},"properties":{"k":"c"}},{"type":"Feature","geometry":{"type":"Point","coordinates":[-2.20064,53.54062]},"properties":{"k":"c"}},{"type":"Feature","geometry":{"type":"Point","coordinates":[-2.39679,53.51926]},"properties":{"k":"c"}},{"type":"Feature","geometry":{"type":"Point","coordinates":[-2.4121,53.45374]},"properties":{"k":"c"}},{"type":"Feature","geometry":{"type":"Point","coordinates":[-2.68486,53.53663]},"properties":{"k":"c"}},{"type":"Feature","geometry":{"type":"Point","coordinates":[-2.61171,53.52795]},"properties":{"k":"c"}},{"type":"Feature","geometry":{"type":"Point","coordinates":[-2.27532,53.59735]},"properties":{"k":"c"}},{"type":"Feature","geometry":{"type":"Point","coordinates":[-2.42214,53.55474]},"properties":{"k":"c"}},{"type":"Feature","geometry":{"type":"Point","coordinates":[-2.53234,53.6138]},"properties":{"k":"c"}},{"type":"Feature","geometry":{"type":"Point","coordinates":[-2.21131,53.62685]},"properties":{"k":"c"}},{"type":"Feature","geometry":{"type":"Point","coordinates":[-2.22054,53.59386]},"properties":{"k":"c"}},{"type":"Feature","geometry":{"type":"Point","coordinates":[-2.07677,53.45114]},"properties":{"k":"c"}},{"type":"Feature","geometry":{"type":"Point","coordinates":[-2.14292,53.6264]},"properties":{"k":"c"}},{"type":"Feature","geometry":{"type":"Point","coordinates":[-2.36607,53.5907]},"properties":{"k":"c"}},{"type":"Feature","geometry":{"type":"Point","coordinates":[-2.00875,53.53664]},"properties":{"k":"c"}},{"type":"Feature","geometry":{"type":"Point","coordinates":[-2.54751,53.59915]},"properties":{"k":"c"}},{"type":"Feature","geometry":{"type":"Point","coordinates":[-2.29466,53.48681]},"properties":{"k":"f"}},{"type":"Feature","geometry":{"type":"Point","coordinates":[-2.17797,53.48253]},"properties":{"k":"c"}},{"type":"Feature","geometry":{"type":"Point","coordinates":[-2.09031,53.41376]},"properties":{"k":"c"}},{"type":"Feature","geometry":{"type":"Point","coordinates":[-2.15962,53.43871]},"properties":{"k":"c"}},{"type":"Feature","geometry":{"type":"Point","coordinates":[-2.31956,53.4304]},"properties":{"k":"c"}},{"type":"Feature","geometry":{"type":"Point","coordinates":[-2.34962,53.38629]},"properties":{"k":"c"}},{"type":"Feature","geometry":{"type":"Point","coordinates":[-2.09189,53.48959]},"properties":{"k":"c"}},{"type":"Feature","geometry":{"type":"Point","coordinates":[-2.29416,53.59473]},"properties":{"k":"c"}},{"type":"Feature","geometry":{"type":"Point","coordinates":[-2.27696,53.5516]},"properties":{"k":"c"}},{"type":"Feature","geometry":{"type":"Point","coordinates":[-2.42517,53.57639]},"properties":{"k":"c"}},{"type":"Feature","geometry":{"type":"Point","coordinates":[-2.06986,53.43791]},"properties":{"k":"c"}},{"type":"Feature","geometry":{"type":"Point","coordinates":[-2.15993,53.4195]},"properties":{"k":"c"}},{"type":"Feature","geometry":{"type":"Point","coordinates":[-2.15863,53.5103]},"properties":{"k":"c"}},{"type":"Feature","geometry":{"type":"Point","coordinates":[-2.29525,53.59396]},"properties":{"k":"c"}},{"type":"Feature","geometry":{"type":"Point","coordinates":[-2.23287,53.41796]},"properties":{"k":"c"}},{"type":"Feature","geometry":{"type":"Point","coordinates":[-2.4135,53.57919]},"properties":{"k":"c"}},{"type":"Feature","geometry":{"type":"Point","coordinates":[-2.25528,53.53624]},"properties":{"k":"c"}},{"type":"Feature","geometry":{"type":"Point","coordinates":[-2.06868,53.53716]},"properties":{"k":"c"}},{"type":"Feature","geometry":{"type":"Point","coordinates":[-2.28057,53.44273]},"properties":{"k":"c"}},{"type":"Feature","geometry":{"type":"Point","coordinates":[-2.34882,53.38931]},"properties":{"k":"c"}},{"type":"Feature","geometry":{"type":"Point","coordinates":[-2.21479,53.5934]},"properties":{"k":"c"}},{"type":"Feature","geometry":{"type":"Point","coordinates":[-2.48463,53.55914]},"properties":{"k":"c"}},{"type":"Feature","geometry":{"type":"Point","coordinates":[-2.07743,53.49641]},"properties":{"k":"c"}},{"type":"Feature","geometry":{"type":"Point","coordinates":[-2.00467,53.5356]},"properties":{"k":"c"}},{"type":"Feature","geometry":{"type":"Point","coordinates":[-2.27753,53.44691]},"properties":{"k":"c"}},{"type":"Feature","geometry":{"type":"Point","coordinates":[-2.09745,53.64367]},"properties":{"k":"c"}},{"type":"Feature","geometry":{"type":"Point","coordinates":[-2.44024,53.57358]},"properties":{"k":"c"}},{"type":"Feature","geometry":{"type":"Point","coordinates":[-2.19848,53.54951]},"properties":{"k":"c"}},{"type":"Feature","geometry":{"type":"Point","coordinates":[-2.21665,53.59354]},"properties":{"k":"c"}},{"type":"Feature","geometry":{"type":"Point","coordinates":[-2.15305,53.47979]},"properties":{"k":"c"}},{"type":"Feature","geometry":{"type":"Point","coordinates":[-2.08127,53.54911]},"properties":{"k":"c"}},{"type":"Feature","geometry":{"type":"Point","coordinates":[-2.24117,53.48322]},"properties":{"k":"c"}},{"type":"Feature","geometry":{"type":"Point","coordinates":[-2.16933,53.6204]},"properties":{"k":"f"}},{"type":"Feature","geometry":{"type":"Point","coordinates":[-2.16042,53.55325]},"properties":{"k":"c"}},{"type":"Feature","geometry":{"type":"Point","coordinates":[-2.31879,53.58893]},"properties":{"k":"c"}},{"type":"Feature","geometry":{"type":"Point","coordinates":[-2.24005,53.48657]},"properties":{"k":"c"}},{"type":"Feature","geometry":{"type":"Point","coordinates":[-2.1252,53.5486]},"properties":{"k":"f"}},{"type":"Feature","geometry":{"type":"Point","coordinates":[-2.35348,53.44648]},"properties":{"k":"c"}},{"type":"Feature","geometry":{"type":"Point","coordinates":[-2.42776,53.57453]},"properties":{"k":"c"}},{"type":"Feature","geometry":{"type":"Point","coordinates":[-2.63091,53.54801]},"properties":{"k":"c"}},{"type":"Feature","geometry":{"type":"Point","coordinates":[-2.12224,53.38041]},"properties":{"k":"c"}},{"type":"Feature","geometry":{"type":"Point","coordinates":[-2.53883,53.48722]},"properties":{"k":"c"}},{"type":"Feature","geometry":{"type":"Point","coordinates":[-2.09394,53.57639]},"properties":{"k":"c"}},{"type":"Feature","geometry":{"type":"Point","coordinates":[-2.28427,53.54027]},"properties":{"k":"c"}},{"type":"Feature","geometry":{"type":"Point","coordinates":[-2.63704,53.54452]},"properties":{"k":"c"}},{"type":"Feature","geometry":{"type":"Point","coordinates":[-2.28831,53.46136]},"properties":{"k":"c"}},{"type":"Feature","geometry":{"type":"Point","coordinates":[-2.30266,53.55462]},"properties":{"k":"c"}},{"type":"Feature","geometry":{"type":"Point","coordinates":[-2.32177,53.42467]},"properties":{"k":"c"}},{"type":"Feature","geometry":{"type":"Point","coordinates":[-2.23647,53.48446]},"properties":{"k":"c"}},{"type":"Feature","geometry":{"type":"Point","coordinates":[-2.37479,53.56345]},"properties":{"k":"c"}},{"type":"Feature","geometry":{"type":"Point","coordinates":[-2.42565,53.41856]},"properties":{"k":"c"}},{"type":"Feature","geometry":{"type":"Point","coordinates":[-2.29762,53.59311]},"properties":{"k":"c"}},{"type":"Feature","geometry":{"type":"Point","coordinates":[-2.25312,53.48213]},"properties":{"k":"c"}},{"type":"Feature","geometry":{"type":"Point","coordinates":[-2.29493,53.59335]},"properties":{"k":"c"}},{"type":"Feature","geometry":{"type":"Point","coordinates":[-2.1667,53.40775]},"properties":{"k":"c"}},{"type":"Feature","geometry":{"type":"Point","coordinates":[-2.28525,53.59603]},"properties":{"k":"c"}},{"type":"Feature","geometry":{"type":"Point","coordinates":[-2.29372,53.59188]},"properties":{"k":"c"}},{"type":"Feature","geometry":{"type":"Point","coordinates":[-2.31399,53.44496]},"properties":{"k":"c"}},{"type":"Feature","geometry":{"type":"Point","coordinates":[-2.31049,53.57643]},"properties":{"k":"c"}},{"type":"Feature","geometry":{"type":"Point","coordinates":[-2.19136,53.44371]},"properties":{"k":"f"}},{"type":"Feature","geometry":{"type":"Point","coordinates":[-2.31882,53.64879]},"properties":{"k":"c"}},{"type":"Feature","geometry":{"type":"Point","coordinates":[-2.21426,53.44107]},"properties":{"k":"c"}},{"type":"Feature","geometry":{"type":"Point","coordinates":[-2.27322,53.49689]},"properties":{"k":"c"}},{"type":"Feature","geometry":{"type":"Point","coordinates":[-2.39962,53.52375]},"properties":{"k":"c"}},{"type":"Feature","geometry":{"type":"Point","coordinates":[-2.40987,53.52663]},"properties":{"k":"c"}},{"type":"Feature","geometry":{"type":"Point","coordinates":[-2.29885,53.45433]},"properties":{"k":"f"}},{"type":"Feature","geometry":{"type":"Point","coordinates":[-2.10685,53.48176]},"properties":{"k":"c"}},{"type":"Feature","geometry":{"type":"Point","coordinates":[-2.63271,53.55035]},"properties":{"k":"c"}},{"type":"Feature","geometry":{"type":"Point","coordinates":[-2.29475,53.59096]},"properties":{"k":"c"}},{"type":"Feature","geometry":{"type":"Point","coordinates":[-2.22132,53.47978]},"properties":{"k":"c"}},{"type":"Feature","geometry":{"type":"Point","coordinates":[-2.23981,53.48319]},"properties":{"k":"c"}},{"type":"Feature","geometry":{"type":"Point","coordinates":[-2.23908,53.48394]},"properties":{"k":"c"}},{"type":"Feature","geometry":{"type":"Point","coordinates":[-2.16568,53.43434]},"properties":{"k":"c"}},{"type":"Feature","geometry":{"type":"Point","coordinates":[-2.1648,53.40228]},"properties":{"k":"c"}},{"type":"Feature","geometry":{"type":"Point","coordinates":[-2.16853,53.62922]},"properties":{"k":"c"}},{"type":"Feature","geometry":{"type":"Point","coordinates":[-2.22172,53.53402]},"properties":{"k":"c"}},{"type":"Feature","geometry":{"type":"Point","coordinates":[-2.13854,53.54199]},"properties":{"k":"c"}},{"type":"Feature","geometry":{"type":"Point","coordinates":[-2.28562,53.53299]},"properties":{"k":"c"}},{"type":"Feature","geometry":{"type":"Point","coordinates":[-2.21696,53.37034]},"properties":{"k":"c"}},{"type":"Feature","geometry":{"type":"Point","coordinates":[-2.09034,53.64845]},"properties":{"k":"c"}},{"type":"Feature","geometry":{"type":"Point","coordinates":[-2.4417,53.57322]},"properties":{"k":"c"}},{"type":"Feature","geometry":{"type":"Point","coordinates":[-2.36873,53.5612]},"properties":{"k":"c"}},{"type":"Feature","geometry":{"type":"Point","coordinates":[-2.30701,53.48214]},"properties":{"k":"c"}},{"type":"Feature","geometry":{"type":"Point","coordinates":[-2.15717,53.6108]},"properties":{"k":"f"}},{"type":"Feature","geometry":{"type":"Point","coordinates":[-2.63037,53.49938]},"properties":{"k":"c"}},{"type":"Feature","geometry":{"type":"Point","coordinates":[-2.28057,53.5277]},"properties":{"k":"c"}},{"type":"Feature","geometry":{"type":"Point","coordinates":[-2.15785,53.40559]},"properties":{"k":"c"}},{"type":"Feature","geometry":{"type":"Point","coordinates":[-2.17513,53.62087]},"properties":{"k":"c"}},{"type":"Feature","geometry":{"type":"Point","coordinates":[-2.23564,53.48348]},"properties":{"k":"c"}},{"type":"Feature","geometry":{"type":"Point","coordinates":[-2.49398,53.52404]},"properties":{"k":"c"}},{"type":"Feature","geometry":{"type":"Point","coordinates":[-2.54621,53.60001]},"properties":{"k":"c"}},{"type":"Feature","geometry":{"type":"Point","coordinates":[-2.23639,53.48256]},"properties":{"k":"c"}},{"type":"Feature","geometry":{"type":"Point","coordinates":[-2.10448,53.5553]},"properties":{"k":"c"}},{"type":"Feature","geometry":{"type":"Point","coordinates":[-2.35164,53.38427]},"properties":{"k":"c"}},{"type":"Feature","geometry":{"type":"Point","coordinates":[-2.11536,53.45658]},"properties":{"k":"c"}},{"type":"Feature","geometry":{"type":"Point","coordinates":[-2.33509,53.4847]},"properties":{"k":"c"}},{"type":"Feature","geometry":{"type":"Point","coordinates":[-2.21842,53.40138]},"properties":{"k":"c"}},{"type":"Feature","geometry":{"type":"Point","coordinates":[-2.32232,53.42519]},"properties":{"k":"c"}},{"type":"Feature","geometry":{"type":"Point","coordinates":[-2.08584,53.55115]},"properties":{"k":"c"}},{"type":"Feature","geometry":{"type":"Point","coordinates":[-2.63261,53.54667]},"properties":{"k":"c"}},{"type":"Feature","geometry":{"type":"Point","coordinates":[-2.06426,53.38584]},"properties":{"k":"c"}},{"type":"Feature","geometry":{"type":"Point","coordinates":[-2.59773,53.47377]},"properties":{"k":"c"}},{"type":"Feature","geometry":{"type":"Point","coordinates":[-2.41194,53.54919]},"properties":{"k":"c"}},{"type":"Feature","geometry":{"type":"Point","coordinates":[-2.67619,53.54058]},"properties":{"k":"c"}},{"type":"Feature","geometry":{"type":"Point","coordinates":[-2.10808,53.51667]},"properties":{"k":"c"}},{"type":"Feature","geometry":{"type":"Point","coordinates":[-2.3366,53.45628]},"properties":{"k":"f"}},{"type":"Feature","geometry":{"type":"Point","coordinates":[-2.07242,53.4691]},"properties":{"k":"c"}},{"type":"Feature","geometry":{"type":"Point","coordinates":[-2.25466,53.47434]},"properties":{"k":"c"}},{"type":"Feature","geometry":{"type":"Point","coordinates":[-2.5466,53.59938]},"properties":{"k":"c"}},{"type":"Feature","geometry":{"type":"Point","coordinates":[-2.2457,53.47781]},"properties":{"k":"c"}},{"type":"Feature","geometry":{"type":"Point","coordinates":[-2.5347,53.58977]},"properties":{"k":"c"}},{"type":"Feature","geometry":{"type":"Point","coordinates":[-2.51327,53.49602]},"properties":{"k":"c"}},{"type":"Feature","geometry":{"type":"Point","coordinates":[-2.24763,53.48181]},"properties":{"k":"c"}},{"type":"Feature","geometry":{"type":"Point","coordinates":[-2.2941,53.59224]},"properties":{"k":"c"}},{"type":"Feature","geometry":{"type":"Point","coordinates":[-2.11391,53.53159]},"properties":{"k":"c"}},{"type":"Feature","geometry":{"type":"Point","coordinates":[-2.22363,53.45338]},"properties":{"k":"c"}},{"type":"Feature","geometry":{"type":"Point","coordinates":[-2.14983,53.47777]},"properties":{"k":"c"}},{"type":"Feature","geometry":{"type":"Point","coordinates":[-2.30864,53.50078]},"properties":{"k":"c"}},{"type":"Feature","geometry":{"type":"Point","coordinates":[-2.39527,53.60522]},"properties":{"k":"c"}},{"type":"Feature","geometry":{"type":"Point","coordinates":[-2.23243,53.46574]},"properties":{"k":"c"}},{"type":"Feature","geometry":{"type":"Point","coordinates":[-2.58162,53.47461]},"properties":{"k":"c"}},{"type":"Feature","geometry":{"type":"Point","coordinates":[-2.21597,53.39397]},"properties":{"k":"c"}},{"type":"Feature","geometry":{"type":"Point","coordinates":[-2.32575,53.55842]},"properties":{"k":"c"}},{"type":"Feature","geometry":{"type":"Point","coordinates":[-2.09565,53.64391]},"properties":{"k":"c"}},{"type":"Feature","geometry":{"type":"Point","coordinates":[-2.21719,53.39269]},"properties":{"k":"f"}},{"type":"Feature","geometry":{"type":"Point","coordinates":[-2.39446,53.54968]},"properties":{"k":"f"}},{"type":"Feature","geometry":{"type":"Point","coordinates":[-2.34275,53.38513]},"properties":{"k":"c"}},{"type":"Feature","geometry":{"type":"Point","coordinates":[-2.24514,53.48487]},"properties":{"k":"c"}},{"type":"Feature","geometry":{"type":"Point","coordinates":[-2.12375,53.38156]},"properties":{"k":"c"}},{"type":"Feature","geometry":{"type":"Point","coordinates":[-2.11219,53.54164]},"properties":{"k":"c"}},{"type":"Feature","geometry":{"type":"Point","coordinates":[-2.62987,53.54842]},"properties":{"k":"f"}},{"type":"Feature","geometry":{"type":"Point","coordinates":[-2.29404,53.5915]},"properties":{"k":"c"}},{"type":"Feature","geometry":{"type":"Point","coordinates":[-2.16083,53.40849]},"properties":{"k":"c"}},{"type":"Feature","geometry":{"type":"Point","coordinates":[-1.99322,53.46239]},"properties":{"k":"c"}},{"type":"Feature","geometry":{"type":"Point","coordinates":[-2.23909,53.48675]},"properties":{"k":"c"}},{"type":"Feature","geometry":{"type":"Point","coordinates":[-2.62973,53.54394]},"properties":{"k":"c"}},{"type":"Feature","geometry":{"type":"Point","coordinates":[-2.32126,53.55629]},"properties":{"k":"c"}},{"type":"Feature","geometry":{"type":"Point","coordinates":[-2.00697,53.54695]},"properties":{"k":"c"}},{"type":"Feature","geometry":{"type":"Point","coordinates":[-2.23442,53.4839]},"properties":{"k":"c"}},{"type":"Feature","geometry":{"type":"Point","coordinates":[-2.24484,53.48157]},"properties":{"k":"c"}},{"type":"Feature","geometry":{"type":"Point","coordinates":[-2.20119,53.54042]},"properties":{"k":"c"}},{"type":"Feature","geometry":{"type":"Point","coordinates":[-2.15667,53.41173]},"properties":{"k":"c"}},{"type":"Feature","geometry":{"type":"Point","coordinates":[-2.23779,53.4748]},"properties":{"k":"c"}},{"type":"Feature","geometry":{"type":"Point","coordinates":[-2.20089,53.54786]},"properties":{"k":"c"}},{"type":"Feature","geometry":{"type":"Point","coordinates":[-2.09501,53.48692]},"properties":{"k":"c"}},{"type":"Feature","geometry":{"type":"Point","coordinates":[-2.32098,53.41747]},"properties":{"k":"c"}},{"type":"Feature","geometry":{"type":"Point","coordinates":[-2.29899,53.5108]},"properties":{"k":"c"}},{"type":"Feature","geometry":{"type":"Point","coordinates":[-2.05823,53.48367]},"properties":{"k":"c"}},{"type":"Feature","geometry":{"type":"Point","coordinates":[-2.23506,53.48548]},"properties":{"k":"c"}},{"type":"Feature","geometry":{"type":"Point","coordinates":[-2.21214,53.38065]},"properties":{"k":"c"}},{"type":"Feature","geometry":{"type":"Point","coordinates":[-2.63668,53.48796]},"properties":{"k":"c"}},{"type":"Feature","geometry":{"type":"Point","coordinates":[-2.4257,53.41865]},"properties":{"k":"c"}},{"type":"Feature","geometry":{"type":"Point","coordinates":[-2.45303,53.58699]},"properties":{"k":"c"}},{"type":"Feature","geometry":{"type":"Point","coordinates":[-2.48963,53.52405]},"properties":{"k":"c"}},{"type":"Feature","geometry":{"type":"Point","coordinates":[-2.2101,53.39796]},"properties":{"k":"c"}},{"type":"Feature","geometry":{"type":"Point","coordinates":[-2.4138,53.58743]},"properties":{"k":"c"}},{"type":"Feature","geometry":{"type":"Point","coordinates":[-2.11395,53.54037]},"properties":{"k":"c"}},{"type":"Feature","geometry":{"type":"Point","coordinates":[-2.30498,53.61014]},"properties":{"k":"c"}},{"type":"Feature","geometry":{"type":"Point","coordinates":[-2.27919,53.4902]},"properties":{"k":"c"}},{"type":"Feature","geometry":{"type":"Point","coordinates":[-2.23252,53.41611]},"properties":{"k":"c"}},{"type":"Feature","geometry":{"type":"Point","coordinates":[-2.2662,53.53052]},"properties":{"k":"c"}},{"type":"Feature","geometry":{"type":"Point","coordinates":[-2.22797,53.48305]},"properties":{"k":"c"}},{"type":"Feature","geometry":{"type":"Point","coordinates":[-2.33851,53.4039]},"properties":{"k":"c"}},{"type":"Feature","geometry":{"type":"Point","coordinates":[-2.16546,53.48082]},"properties":{"k":"f"}},{"type":"Feature","geometry":{"type":"Point","coordinates":[-2.24611,53.51323]},"properties":{"k":"c"}},{"type":"Feature","geometry":{"type":"Point","coordinates":[-2.30396,53.41982]},"properties":{"k":"c"}},{"type":"Feature","geometry":{"type":"Point","coordinates":[-2.28242,53.44157]},"properties":{"k":"c"}},{"type":"Feature","geometry":{"type":"Point","coordinates":[-2.28507,53.59252]},"properties":{"k":"f"}},{"type":"Feature","geometry":{"type":"Point","coordinates":[-2.35185,53.44801]},"properties":{"k":"c"}},{"type":"Feature","geometry":{"type":"Point","coordinates":[-2.34837,53.38812]},"properties":{"k":"c"}},{"type":"Feature","geometry":{"type":"Point","coordinates":[-2.10759,53.4805]},"properties":{"k":"c"}},{"type":"Feature","geometry":{"type":"Point","coordinates":[-2.25356,53.50833]},"properties":{"k":"c"}},{"type":"Feature","geometry":{"type":"Point","coordinates":[-2.36867,53.56113]},"properties":{"k":"c"}},{"type":"Feature","geometry":{"type":"Point","coordinates":[-2.15329,53.39955]},"properties":{"k":"c"}},{"type":"Feature","geometry":{"type":"Point","coordinates":[-2.46938,53.51395]},"properties":{"k":"f"}},{"type":"Feature","geometry":{"type":"Point","coordinates":[-2.16282,53.43587]},"properties":{"k":"c"}},{"type":"Feature","geometry":{"type":"Point","coordinates":[-2.31902,53.61366]},"properties":{"k":"c"}},{"type":"Feature","geometry":{"type":"Point","coordinates":[-2.28449,53.53256]},"properties":{"k":"c"}},{"type":"Feature","geometry":{"type":"Point","coordinates":[-2.1332,53.40127]},"properties":{"k":"c"}},{"type":"Feature","geometry":{"type":"Point","coordinates":[-2.52325,53.54917]},"properties":{"k":"c"}},{"type":"Feature","geometry":{"type":"Point","coordinates":[-2.31187,53.39232]},"properties":{"k":"c"}},{"type":"Feature","geometry":{"type":"Point","coordinates":[-2.31862,53.6474]},"properties":{"k":"c"}},{"type":"Feature","geometry":{"type":"Point","coordinates":[-2.2171,53.39262]},"properties":{"k":"c"}},{"type":"Feature","geometry":{"type":"Point","coordinates":[-2.41955,53.61514]},"properties":{"k":"c"}},{"type":"Feature","geometry":{"type":"Point","coordinates":[-2.32234,53.42411]},"properties":{"k":"c"}},{"type":"Feature","geometry":{"type":"Point","coordinates":[-2.04108,53.51534]},"properties":{"k":"c"}},{"type":"Feature","geometry":{"type":"Point","coordinates":[-2.33837,53.44651]},"properties":{"k":"c"}},{"type":"Feature","geometry":{"type":"Point","coordinates":[-2.31492,53.64796]},"properties":{"k":"c"}},{"type":"Feature","geometry":{"type":"Point","coordinates":[-2.08602,53.48768]},"properties":{"k":"c"}},{"type":"Feature","geometry":{"type":"Point","coordinates":[-2.32679,53.50767]},"properties":{"k":"c"}},{"type":"Feature","geometry":{"type":"Point","coordinates":[-2.39348,53.45269]},"properties":{"k":"c"}},{"type":"Feature","geometry":{"type":"Point","coordinates":[-2.49212,53.52375]},"properties":{"k":"c"}},{"type":"Feature","geometry":{"type":"Point","coordinates":[-2.28807,53.52278]},"properties":{"k":"c"}},{"type":"Feature","geometry":{"type":"Point","coordinates":[-2.34521,53.45503]},"properties":{"k":"c"}},{"type":"Feature","geometry":{"type":"Point","coordinates":[-2.43699,53.42648]},"properties":{"k":"c"}},{"type":"Feature","geometry":{"type":"Point","coordinates":[-2.33825,53.51213]},"properties":{"k":"c"}},{"type":"Feature","geometry":{"type":"Point","coordinates":[-2.70308,53.56156]},"properties":{"k":"c"}},{"type":"Feature","geometry":{"type":"Point","coordinates":[-2.24304,53.50943]},"properties":{"k":"f"}},{"type":"Feature","geometry":{"type":"Point","coordinates":[-2.07071,53.47407]},"properties":{"k":"c"}},{"type":"Feature","geometry":{"type":"Point","coordinates":[-2.08677,53.41406]},"properties":{"k":"c"}},{"type":"Feature","geometry":{"type":"Point","coordinates":[-2.09285,53.54173]},"properties":{"k":"f"}},{"type":"Feature","geometry":{"type":"Point","coordinates":[-2.20042,53.5488]},"properties":{"k":"c"}},{"type":"Feature","geometry":{"type":"Point","coordinates":[-2.17456,53.57433]},"properties":{"k":"c"}},{"type":"Feature","geometry":{"type":"Point","coordinates":[-2.15714,53.61855]},"properties":{"k":"c"}},{"type":"Feature","geometry":{"type":"Point","coordinates":[-2.15936,53.45596]},"properties":{"k":"c"}},{"type":"Feature","geometry":{"type":"Point","coordinates":[-2.23969,53.45323]},"properties":{"k":"c"}},{"type":"Feature","geometry":{"type":"Point","coordinates":[-2.51543,53.49539]},"properties":{"k":"c"}},{"type":"Feature","geometry":{"type":"Point","coordinates":[-2.37152,53.39302]},"properties":{"k":"c"}},{"type":"Feature","geometry":{"type":"Point","coordinates":[-2.11658,53.45625]},"properties":{"k":"c"}},{"type":"Feature","geometry":{"type":"Point","coordinates":[-2.24076,53.47445]},"properties":{"k":"c"}},{"type":"Feature","geometry":{"type":"Point","coordinates":[-2.09567,53.48936]},"properties":{"k":"c"}},{"type":"Feature","geometry":{"type":"Point","coordinates":[-2.17139,53.46079]},"properties":{"k":"f"}},{"type":"Feature","geometry":{"type":"Point","coordinates":[-2.19148,53.55227]},"properties":{"k":"c"}},{"type":"Feature","geometry":{"type":"Point","coordinates":[-2.11365,53.45637]},"properties":{"k":"c"}},{"type":"Feature","geometry":{"type":"Point","coordinates":[-2.20807,53.4316]},"properties":{"k":"f"}},{"type":"Feature","geometry":{"type":"Point","coordinates":[-2.02343,53.56744]},"properties":{"k":"c"}},{"type":"Feature","geometry":{"type":"Point","coordinates":[-2.63723,53.48719]},"properties":{"k":"c"}},{"type":"Feature","geometry":{"type":"Point","coordinates":[-2.07163,53.53794]},"properties":{"k":"c"}},{"type":"Feature","geometry":{"type":"Point","coordinates":[-2.15532,53.50678]},"properties":{"k":"c"}},{"type":"Feature","geometry":{"type":"Point","coordinates":[-2.14497,53.4804]},"properties":{"k":"c"}},{"type":"Feature","geometry":{"type":"Point","coordinates":[-2.24739,53.52784]},"properties":{"k":"c"}},{"type":"Feature","geometry":{"type":"Point","coordinates":[-2.21995,53.44057]},"properties":{"k":"c"}},{"type":"Feature","geometry":{"type":"Point","coordinates":[-2.23271,53.37024]},"properties":{"k":"c"}},{"type":"Feature","geometry":{"type":"Point","coordinates":[-2.41301,53.58792]},"properties":{"k":"f"}},{"type":"Feature","geometry":{"type":"Point","coordinates":[-2.66344,53.58684]},"properties":{"k":"c"}},{"type":"Feature","geometry":{"type":"Point","coordinates":[-2.24629,53.47647]},"properties":{"k":"c"}},{"type":"Feature","geometry":{"type":"Point","coordinates":[-2.52672,53.51179]},"properties":{"k":"c"}},{"type":"Feature","geometry":{"type":"Point","coordinates":[-2.31514,53.64801]},"properties":{"k":"c"}},{"type":"Feature","geometry":{"type":"Point","coordinates":[-2.32933,53.48354]},"properties":{"k":"c"}},{"type":"Feature","geometry":{"type":"Point","coordinates":[-2.14291,53.51394]},"properties":{"k":"c"}},{"type":"Feature","geometry":{"type":"Point","coordinates":[-2.07167,53.53774]},"properties":{"k":"c"}},{"type":"Feature","geometry":{"type":"Point","coordinates":[-2.45598,53.50365]},"properties":{"k":"c"}},{"type":"Feature","geometry":{"type":"Point","coordinates":[-2.09293,53.48951]},"properties":{"k":"c"}},{"type":"Feature","geometry":{"type":"Point","coordinates":[-2.46073,53.49876]},"properties":{"k":"c"}},{"type":"Feature","geometry":{"type":"Point","coordinates":[-2.52255,53.49731]},"properties":{"k":"f"}},{"type":"Feature","geometry":{"type":"Point","coordinates":[-2.12286,53.56618]},"properties":{"k":"c"}},{"type":"Feature","geometry":{"type":"Point","coordinates":[-2.11462,53.53995]},"properties":{"k":"f"}},{"type":"Feature","geometry":{"type":"Point","coordinates":[-2.21898,53.47159]},"properties":{"k":"c"}},{"type":"Feature","geometry":{"type":"Point","coordinates":[-2.29468,53.47084]},"properties":{"k":"c"}},{"type":"Feature","geometry":{"type":"Point","coordinates":[-2.14584,53.60188]},"properties":{"k":"c"}},{"type":"Feature","geometry":{"type":"Point","coordinates":[-2.212,53.45387]},"properties":{"k":"c"}},{"type":"Feature","geometry":{"type":"Point","coordinates":[-2.63073,53.54504]},"properties":{"k":"c"}},{"type":"Feature","geometry":{"type":"Point","coordinates":[-2.07923,53.4507]},"properties":{"k":"c"}},{"type":"Feature","geometry":{"type":"Point","coordinates":[-2.19131,53.44483]},"properties":{"k":"c"}},{"type":"Feature","geometry":{"type":"Point","coordinates":[-2.12566,53.37675]},"properties":{"k":"c"}},{"type":"Feature","geometry":{"type":"Point","coordinates":[-2.21909,53.4425]},"properties":{"k":"c"}},{"type":"Feature","geometry":{"type":"Point","coordinates":[-2.15318,53.61465]},"properties":{"k":"f"}},{"type":"Feature","geometry":{"type":"Point","coordinates":[-2.20054,53.45685]},"properties":{"k":"f"}},{"type":"Feature","geometry":{"type":"Point","coordinates":[-2.34832,53.3817]},"properties":{"k":"c"}},{"type":"Feature","geometry":{"type":"Point","coordinates":[-2.11136,53.54053]},"properties":{"k":"c"}},{"type":"Feature","geometry":{"type":"Point","coordinates":[-2.42873,53.58135]},"properties":{"k":"c"}},{"type":"Feature","geometry":{"type":"Point","coordinates":[-2.3396,53.41073]},"properties":{"k":"c"}},{"type":"Feature","geometry":{"type":"Point","coordinates":[-2.105,53.46806]},"properties":{"k":"c"}},{"type":"Feature","geometry":{"type":"Point","coordinates":[-2.23511,53.37003]},"properties":{"k":"c"}},{"type":"Feature","geometry":{"type":"Point","coordinates":[-2.185,53.42311]},"properties":{"k":"c"}},{"type":"Feature","geometry":{"type":"Point","coordinates":[-2.25926,53.4835]},"properties":{"k":"c"}},{"type":"Feature","geometry":{"type":"Point","coordinates":[-2.46393,53.51472]},"properties":{"k":"c"}},{"type":"Feature","geometry":{"type":"Point","coordinates":[-2.34234,53.50731]},"properties":{"k":"c"}},{"type":"Feature","geometry":{"type":"Point","coordinates":[-2.21201,53.42078]},"properties":{"k":"f"}},{"type":"Feature","geometry":{"type":"Point","coordinates":[-2.14501,53.62339]},"properties":{"k":"c"}},{"type":"Feature","geometry":{"type":"Point","coordinates":[-2.25929,53.42009]},"properties":{"k":"c"}},{"type":"Feature","geometry":{"type":"Point","coordinates":[-2.20682,53.37327]},"properties":{"k":"c"}},{"type":"Feature","geometry":{"type":"Point","coordinates":[-2.16377,53.40257]},"properties":{"k":"c"}},{"type":"Feature","geometry":{"type":"Point","coordinates":[-2.23942,53.51765]},"properties":{"k":"c"}},{"type":"Feature","geometry":{"type":"Point","coordinates":[-2.39192,53.54633]},"properties":{"k":"f"}},{"type":"Feature","geometry":{"type":"Point","coordinates":[-2.28888,53.46561]},"properties":{"k":"c"}},{"type":"Feature","geometry":{"type":"Point","coordinates":[-2.12504,53.50032]},"properties":{"k":"c"}},{"type":"Feature","geometry":{"type":"Point","coordinates":[-2.24679,53.48238]},"properties":{"k":"f"}},{"type":"Feature","geometry":{"type":"Point","coordinates":[-2.13276,53.40119]},"properties":{"k":"c"}},{"type":"Feature","geometry":{"type":"Point","coordinates":[-2.27837,53.50134]},"properties":{"k":"c"}},{"type":"Feature","geometry":{"type":"Point","coordinates":[-2.19035,53.36741]},"properties":{"k":"c"}},{"type":"Feature","geometry":{"type":"Point","coordinates":[-2.2418,53.48013]},"properties":{"k":"c"}},{"type":"Feature","geometry":{"type":"Point","coordinates":[-2.05787,53.48387]},"properties":{"k":"c"}},{"type":"Feature","geometry":{"type":"Point","coordinates":[-2.25717,53.53079]},"properties":{"k":"c"}},{"type":"Feature","geometry":{"type":"Point","coordinates":[-2.63241,53.54891]},"properties":{"k":"c"}},{"type":"Feature","geometry":{"type":"Point","coordinates":[-2.15508,53.61954]},"properties":{"k":"c"}},{"type":"Feature","geometry":{"type":"Point","coordinates":[-2.18985,53.36622]},"properties":{"k":"c"}},{"type":"Feature","geometry":{"type":"Point","coordinates":[-2.29892,53.41987]},"properties":{"k":"c"}},{"type":"Feature","geometry":{"type":"Point","coordinates":[-2.35773,53.48152]},"properties":{"k":"c"}},{"type":"Feature","geometry":{"type":"Point","coordinates":[-2.12146,53.52322]},"properties":{"k":"c"}},{"type":"Feature","geometry":{"type":"Point","coordinates":[-2.39305,53.54826]},"properties":{"k":"c"}},{"type":"Feature","geometry":{"type":"Point","coordinates":[-2.2264,53.45767]},"properties":{"k":"f"}},{"type":"Feature","geometry":{"type":"Point","coordinates":[-2.45179,53.56285]},"properties":{"k":"c"}},{"type":"Feature","geometry":{"type":"Point","coordinates":[-2.31525,53.50392]},"properties":{"k":"c"}},{"type":"Feature","geometry":{"type":"Point","coordinates":[-2.16556,53.40203]},"properties":{"k":"c"}},{"type":"Feature","geometry":{"type":"Point","coordinates":[-2.3996,53.52749]},"properties":{"k":"c"}},{"type":"Feature","geometry":{"type":"Point","coordinates":[-2.2988,53.59191]},"properties":{"k":"c"}},{"type":"Feature","geometry":{"type":"Point","coordinates":[-2.34858,53.39938]},"properties":{"k":"c"}},{"type":"Feature","geometry":{"type":"Point","coordinates":[-2.29767,53.45319]},"properties":{"k":"c"}},{"type":"Feature","geometry":{"type":"Point","coordinates":[-2.24465,53.48263]},"properties":{"k":"c"}},{"type":"Feature","geometry":{"type":"Point","coordinates":[-2.16797,53.48102]},"properties":{"k":"c"}},{"type":"Feature","geometry":{"type":"Point","coordinates":[-2.351,53.3994]},"properties":{"k":"c"}},{"type":"Feature","geometry":{"type":"Point","coordinates":[-2.09006,53.54702]},"properties":{"k":"c"}},{"type":"Feature","geometry":{"type":"Point","coordinates":[-2.13929,53.52339]},"properties":{"k":"c"}},{"type":"Feature","geometry":{"type":"Point","coordinates":[-2.34994,53.38708]},"properties":{"k":"c"}},{"type":"Feature","geometry":{"type":"Point","coordinates":[-2.10738,53.54226]},"properties":{"k":"f"}},{"type":"Feature","geometry":{"type":"Point","coordinates":[-2.0917,53.48957]},"properties":{"k":"f"}},{"type":"Feature","geometry":{"type":"Point","coordinates":[-2.22457,53.36346]},"properties":{"k":"c"}},{"type":"Feature","geometry":{"type":"Point","coordinates":[-2.23793,53.47708]},"properties":{"k":"c"}},{"type":"Feature","geometry":{"type":"Point","coordinates":[-2.25926,53.407]},"properties":{"k":"c"}},{"type":"Feature","geometry":{"type":"Point","coordinates":[-2.12376,53.42125]},"properties":{"k":"c"}},{"type":"Feature","geometry":{"type":"Point","coordinates":[-2.05653,53.48184]},"properties":{"k":"c"}},{"type":"Feature","geometry":{"type":"Point","coordinates":[-2.18287,53.42353]},"properties":{"k":"c"}},{"type":"Feature","geometry":{"type":"Point","coordinates":[-2.23842,53.48535]},"properties":{"k":"c"}},{"type":"Feature","geometry":{"type":"Point","coordinates":[-2.41088,53.45249]},"properties":{"k":"c"}},{"type":"Feature","geometry":{"type":"Point","coordinates":[-2.18146,53.47595]},"properties":{"k":"c"}},{"type":"Feature","geometry":{"type":"Point","coordinates":[-2.27093,53.53669]},"properties":{"k":"c"}},{"type":"Feature","geometry":{"type":"Point","coordinates":[-2.3914,53.54624]},"properties":{"k":"c"}},{"type":"Feature","geometry":{"type":"Point","coordinates":[-2.15783,53.44965]},"properties":{"k":"c"}},{"type":"Feature","geometry":{"type":"Point","coordinates":[-2.44636,53.58442]},"properties":{"k":"c"}},{"type":"Feature","geometry":{"type":"Point","coordinates":[-2.09612,53.64442]},"properties":{"k":"c"}},{"type":"Feature","geometry":{"type":"Point","coordinates":[-2.12864,53.55264]},"properties":{"k":"c"}},{"type":"Feature","geometry":{"type":"Point","coordinates":[-2.16033,53.41148]},"properties":{"k":"c"}},{"type":"Feature","geometry":{"type":"Point","coordinates":[-2.23629,53.48045]},"properties":{"k":"f"}},{"type":"Feature","geometry":{"type":"Point","coordinates":[-2.14209,53.523]},"properties":{"k":"c"}},{"type":"Feature","geometry":{"type":"Point","coordinates":[-2.31748,53.43317]},"properties":{"k":"c"}},{"type":"Feature","geometry":{"type":"Point","coordinates":[-2.1216,53.42524]},"properties":{"k":"c"}},{"type":"Feature","geometry":{"type":"Point","coordinates":[-2.24697,53.48239]},"properties":{"k":"c"}},{"type":"Feature","geometry":{"type":"Point","coordinates":[-2.24221,53.47403]},"properties":{"k":"c"}},{"type":"Feature","geometry":{"type":"Point","coordinates":[-2.08279,53.45298]},"properties":{"k":"c"}},{"type":"Feature","geometry":{"type":"Point","coordinates":[-2.3286,53.55727]},"properties":{"k":"c"}},{"type":"Feature","geometry":{"type":"Point","coordinates":[-2.51601,53.49406]},"properties":{"k":"c"}},{"type":"Feature","geometry":{"type":"Point","coordinates":[-2.27358,53.57779]},"properties":{"k":"c"}},{"type":"Feature","geometry":{"type":"Point","coordinates":[-2.12561,53.47819]},"properties":{"k":"c"}},{"type":"Feature","geometry":{"type":"Point","coordinates":[-2.24271,53.42653]},"properties":{"k":"c"}},{"type":"Feature","geometry":{"type":"Point","coordinates":[-2.43261,53.43184]},"properties":{"k":"c"}},{"type":"Feature","geometry":{"type":"Point","coordinates":[-2.65203,53.50862]},"properties":{"k":"c"}},{"type":"Feature","geometry":{"type":"Point","coordinates":[-2.20742,53.49721]},"properties":{"k":"c"}},{"type":"Feature","geometry":{"type":"Point","coordinates":[-2.16597,53.3575]},"properties":{"k":"c"}},{"type":"Feature","geometry":{"type":"Point","coordinates":[-2.31521,53.64673]},"properties":{"k":"c"}},{"type":"Feature","geometry":{"type":"Point","coordinates":[-2.11391,53.45613]},"properties":{"k":"c"}},{"type":"Feature","geometry":{"type":"Point","coordinates":[-2.30032,53.59375]},"properties":{"k":"c"}},{"type":"Feature","geometry":{"type":"Point","coordinates":[-2.34859,53.37872]},"properties":{"k":"c"}},{"type":"Feature","geometry":{"type":"Point","coordinates":[-2.11121,53.61036]},"properties":{"k":"c"}},{"type":"Feature","geometry":{"type":"Point","coordinates":[-2.067,53.39523]},"properties":{"k":"c"}},{"type":"Feature","geometry":{"type":"Point","coordinates":[-2.40991,53.58929]},"properties":{"k":"c"}},{"type":"Feature","geometry":{"type":"Point","coordinates":[-2.22378,53.4832]},"properties":{"k":"c"}},{"type":"Feature","geometry":{"type":"Point","coordinates":[-2.14711,53.60715]},"properties":{"k":"c"}},{"type":"Feature","geometry":{"type":"Point","coordinates":[-2.27319,53.48736]},"properties":{"k":"c"}},{"type":"Feature","geometry":{"type":"Point","coordinates":[-2.15671,53.41293]},"properties":{"k":"c"}},{"type":"Feature","geometry":{"type":"Point","coordinates":[-2.26211,53.4739]},"properties":{"k":"c"}},{"type":"Feature","geometry":{"type":"Point","coordinates":[-2.09684,53.64416]},"properties":{"k":"c"}},{"type":"Feature","geometry":{"type":"Point","coordinates":[-2.24251,53.47926]},"properties":{"k":"c"}},{"type":"Feature","geometry":{"type":"Point","coordinates":[-2.16414,53.46588]},"properties":{"k":"f"}},{"type":"Feature","geometry":{"type":"Point","coordinates":[-2.32027,53.51131]},"properties":{"k":"c"}},{"type":"Feature","geometry":{"type":"Point","coordinates":[-2.10935,53.6093]},"properties":{"k":"c"}},{"type":"Feature","geometry":{"type":"Point","coordinates":[-2.46914,53.52215]},"properties":{"k":"c"}},{"type":"Feature","geometry":{"type":"Point","coordinates":[-2.2864,53.474]},"properties":{"k":"c"}},{"type":"Feature","geometry":{"type":"Point","coordinates":[-2.3263,53.55965]},"properties":{"k":"c"}},{"type":"Feature","geometry":{"type":"Point","coordinates":[-2.21085,53.48483]},"properties":{"k":"c"}},{"type":"Feature","geometry":{"type":"Point","coordinates":[-2.2286,53.48628]},"properties":{"k":"c"}},{"type":"Feature","geometry":{"type":"Point","coordinates":[-2.21716,53.39333]},"properties":{"k":"c"}},{"type":"Feature","geometry":{"type":"Point","coordinates":[-2.44266,53.51412]},"properties":{"k":"c"}},{"type":"Feature","geometry":{"type":"Point","coordinates":[-2.18435,53.55561]},"properties":{"k":"c"}},{"type":"Feature","geometry":{"type":"Point","coordinates":[-2.15425,53.53119]},"properties":{"k":"c"}},{"type":"Feature","geometry":{"type":"Point","coordinates":[-2.2474,53.47848]},"properties":{"k":"c"}},{"type":"Feature","geometry":{"type":"Point","coordinates":[-2.18137,53.47361]},"properties":{"k":"c"}},{"type":"Feature","geometry":{"type":"Point","coordinates":[-2.29599,53.59237]},"properties":{"k":"c"}},{"type":"Feature","geometry":{"type":"Point","coordinates":[-2.2166,53.5093]},"properties":{"k":"f"}},{"type":"Feature","geometry":{"type":"Point","coordinates":[-2.03423,53.48837]},"properties":{"k":"c"}},{"type":"Feature","geometry":{"type":"Point","coordinates":[-2.1435,53.5458]},"properties":{"k":"c"}},{"type":"Feature","geometry":{"type":"Point","coordinates":[-2.08511,53.55294]},"properties":{"k":"c"}},{"type":"Feature","geometry":{"type":"Point","coordinates":[-2.1149,53.42235]},"properties":{"k":"c"}},{"type":"Feature","geometry":{"type":"Point","coordinates":[-2.10083,53.48715]},"properties":{"k":"c"}},{"type":"Feature","geometry":{"type":"Point","coordinates":[-2.23986,53.47778]},"properties":{"k":"c"}},{"type":"Feature","geometry":{"type":"Point","coordinates":[-2.23458,53.48053]},"properties":{"k":"c"}},{"type":"Feature","geometry":{"type":"Point","coordinates":[-2.29789,53.59251]},"properties":{"k":"c"}},{"type":"Feature","geometry":{"type":"Point","coordinates":[-2.29172,53.59521]},"properties":{"k":"c"}},{"type":"Feature","geometry":{"type":"Point","coordinates":[-2.43475,53.5913]},"properties":{"k":"c"}},{"type":"Feature","geometry":{"type":"Point","coordinates":[-2.34189,53.42939]},"properties":{"k":"c"}},{"type":"Feature","geometry":{"type":"Point","coordinates":[-2.35288,53.4827]},"properties":{"k":"f"}},{"type":"Feature","geometry":{"type":"Point","coordinates":[-2.23626,53.48212]},"properties":{"k":"c"}},{"type":"Feature","geometry":{"type":"Point","coordinates":[-2.16667,53.4811]},"properties":{"k":"c"}},{"type":"Feature","geometry":{"type":"Point","coordinates":[-2.32093,53.41763]},"properties":{"k":"c"}},{"type":"Feature","geometry":{"type":"Point","coordinates":[-2.15832,53.61754]},"properties":{"k":"c"}},{"type":"Feature","geometry":{"type":"Point","coordinates":[-2.2988,53.45432]},"properties":{"k":"c"}},{"type":"Feature","geometry":{"type":"Point","coordinates":[-2.34815,53.38919]},"properties":{"k":"c"}},{"type":"Feature","geometry":{"type":"Point","coordinates":[-2.15409,53.618]},"properties":{"k":"c"}},{"type":"Feature","geometry":{"type":"Point","coordinates":[-2.64302,53.55177]},"properties":{"k":"c"}},{"type":"Feature","geometry":{"type":"Point","coordinates":[-2.1922,53.4646]},"properties":{"k":"c"}},{"type":"Feature","geometry":{"type":"Point","coordinates":[-2.35133,53.46485]},"properties":{"k":"c"}},{"type":"Feature","geometry":{"type":"Point","coordinates":[-2.22228,53.53398]},"properties":{"k":"c"}},{"type":"Feature","geometry":{"type":"Point","coordinates":[-2.24785,53.48548]},"properties":{"k":"c"}},{"type":"Feature","geometry":{"type":"Point","coordinates":[-2.40842,53.58946]},"properties":{"k":"c"}},{"type":"Feature","geometry":{"type":"Point","coordinates":[-2.21957,53.44111]},"properties":{"k":"c"}},{"type":"Feature","geometry":{"type":"Point","coordinates":[-2.31948,53.3972]},"properties":{"k":"c"}},{"type":"Feature","geometry":{"type":"Point","coordinates":[-2.68346,53.53628]},"properties":{"k":"c"}},{"type":"Feature","geometry":{"type":"Point","coordinates":[-2.09136,53.4886]},"properties":{"k":"f"}},{"type":"Feature","geometry":{"type":"Point","coordinates":[-2.43338,53.59048]},"properties":{"k":"c"}},{"type":"Feature","geometry":{"type":"Point","coordinates":[-2.31426,53.36946]},"properties":{"k":"c"}},{"type":"Feature","geometry":{"type":"Point","coordinates":[-2.21904,53.44261]},"properties":{"k":"f"}},{"type":"Feature","geometry":{"type":"Point","coordinates":[-2.24289,53.48532]},"properties":{"k":"c"}},{"type":"Feature","geometry":{"type":"Point","coordinates":[-2.1144,53.45618]},"properties":{"k":"c"}},{"type":"Feature","geometry":{"type":"Point","coordinates":[-2.22185,53.53407]},"properties":{"k":"f"}},{"type":"Feature","geometry":{"type":"Point","coordinates":[-2.23157,53.41713]},"properties":{"k":"f"}},{"type":"Feature","geometry":{"type":"Point","coordinates":[-2.33528,53.4843]},"properties":{"k":"f"}},{"type":"Feature","geometry":{"type":"Point","coordinates":[-2.26807,53.47693]},"properties":{"k":"c"}},{"type":"Feature","geometry":{"type":"Point","coordinates":[-2.29047,53.59651]},"properties":{"k":"c"}},{"type":"Feature","geometry":{"type":"Point","coordinates":[-2.21647,53.39432]},"properties":{"k":"c"}},{"type":"Feature","geometry":{"type":"Point","coordinates":[-2.31367,53.40608]},"properties":{"k":"c"}},{"type":"Feature","geometry":{"type":"Point","coordinates":[-2.13586,53.54816]},"properties":{"k":"c"}},{"type":"Feature","geometry":{"type":"Point","coordinates":[-2.1999,53.45648]},"properties":{"k":"c"}},{"type":"Feature","geometry":{"type":"Point","coordinates":[-2.40569,53.58055]},"properties":{"k":"c"}},{"type":"Feature","geometry":{"type":"Point","coordinates":[-2.3233,53.42484]},"properties":{"k":"c"}},{"type":"Feature","geometry":{"type":"Point","coordinates":[-2.29477,53.48588]},"properties":{"k":"c"}},{"type":"Feature","geometry":{"type":"Point","coordinates":[-2.42864,53.5794]},"properties":{"k":"c"}},{"type":"Feature","geometry":{"type":"Point","coordinates":[-2.26615,53.53016]},"properties":{"k":"f"}},{"type":"Feature","geometry":{"type":"Point","coordinates":[-2.18865,53.62233]},"properties":{"k":"c"}},{"type":"Feature","geometry":{"type":"Point","coordinates":[-2.20061,53.5138]},"properties":{"k":"c"}},{"type":"Feature","geometry":{"type":"Point","coordinates":[-1.99429,53.46177]},"properties":{"k":"c"}},{"type":"Feature","geometry":{"type":"Point","coordinates":[-2.22835,53.4563]},"properties":{"k":"f"}},{"type":"Feature","geometry":{"type":"Point","coordinates":[-2.2921,53.54612]},"properties":{"k":"f"}},{"type":"Feature","geometry":{"type":"Point","coordinates":[-2.40201,53.55394]},"properties":{"k":"c"}},{"type":"Feature","geometry":{"type":"Point","coordinates":[-2.12951,53.47793]},"properties":{"k":"f"}},{"type":"Feature","geometry":{"type":"Point","coordinates":[-2.09454,53.57822]},"properties":{"k":"c"}},{"type":"Feature","geometry":{"type":"Point","coordinates":[-2.32296,53.42534]},"properties":{"k":"f"}},{"type":"Feature","geometry":{"type":"Point","coordinates":[-2.2264,53.45914]},"properties":{"k":"c"}},{"type":"Feature","geometry":{"type":"Point","coordinates":[-2.31161,53.48589]},"properties":{"k":"c"}},{"type":"Feature","geometry":{"type":"Point","coordinates":[-2.2776,53.41061]},"properties":{"k":"c"}},{"type":"Feature","geometry":{"type":"Point","coordinates":[-2.23858,53.49074]},"properties":{"k":"c"}},{"type":"Feature","geometry":{"type":"Point","coordinates":[-2.22917,53.47639]},"properties":{"k":"c"}},{"type":"Feature","geometry":{"type":"Point","coordinates":[-2.18102,53.50116]},"properties":{"k":"c"}},{"type":"Feature","geometry":{"type":"Point","coordinates":[-2.24933,53.47872]},"properties":{"k":"c"}},{"type":"Feature","geometry":{"type":"Point","coordinates":[-2.53533,53.58509]},"properties":{"k":"c"}},{"type":"Feature","geometry":{"type":"Point","coordinates":[-2.23642,53.48387]},"properties":{"k":"c"}},{"type":"Feature","geometry":{"type":"Point","coordinates":[-2.23594,53.48114]},"properties":{"k":"c"}},{"type":"Feature","geometry":{"type":"Point","coordinates":[-2.2972,53.59243]},"properties":{"k":"c"}},{"type":"Feature","geometry":{"type":"Point","coordinates":[-2.20143,53.45531]},"properties":{"k":"c"}},{"type":"Feature","geometry":{"type":"Point","coordinates":[-2.24083,53.47791]},"properties":{"k":"c"}},{"type":"Feature","geometry":{"type":"Point","coordinates":[-2.23934,53.47799]},"properties":{"k":"c"}},{"type":"Feature","geometry":{"type":"Point","coordinates":[-2.26769,53.4959]},"properties":{"k":"f"}},{"type":"Feature","geometry":{"type":"Point","coordinates":[-2.06084,53.39478]},"properties":{"k":"c"}},{"type":"Feature","geometry":{"type":"Point","coordinates":[-2.22338,53.46965]},"properties":{"k":"c"}},{"type":"Feature","geometry":{"type":"Point","coordinates":[-2.19308,53.40094]},"properties":{"k":"c"}},{"type":"Feature","geometry":{"type":"Point","coordinates":[-2.18876,53.41831]},"properties":{"k":"f"}},{"type":"Feature","geometry":{"type":"Point","coordinates":[-2.22364,53.45358]},"properties":{"k":"f"}},{"type":"Feature","geometry":{"type":"Point","coordinates":[-2.19576,53.48617]},"properties":{"k":"c"}},{"type":"Feature","geometry":{"type":"Point","coordinates":[-2.21929,53.47364]},"properties":{"k":"c"}},{"type":"Feature","geometry":{"type":"Point","coordinates":[-2.17936,53.5922]},"properties":{"k":"c"}},{"type":"Feature","geometry":{"type":"Point","coordinates":[-2.27312,53.36175]},"properties":{"k":"c"}},{"type":"Feature","geometry":{"type":"Point","coordinates":[-2.25491,53.47656]},"properties":{"k":"c"}},{"type":"Feature","geometry":{"type":"Point","coordinates":[-2.11283,53.54182]},"properties":{"k":"f"}},{"type":"Feature","geometry":{"type":"Point","coordinates":[-2.12508,53.54854]},"properties":{"k":"f"}},{"type":"Feature","geometry":{"type":"Point","coordinates":[-2.32236,53.38445]},"properties":{"k":"c"}},{"type":"Feature","geometry":{"type":"Point","coordinates":[-2.4268,53.57439]},"properties":{"k":"c"}},{"type":"Feature","geometry":{"type":"Point","coordinates":[-2.16696,53.48101]},"properties":{"k":"f"}},{"type":"Feature","geometry":{"type":"Point","coordinates":[-2.21799,53.44077]},"properties":{"k":"c"}},{"type":"Feature","geometry":{"type":"Point","coordinates":[-2.44838,53.58526]},"properties":{"k":"f"}},{"type":"Feature","geometry":{"type":"Point","coordinates":[-2.09058,53.48859]},"properties":{"k":"c"}},{"type":"Feature","geometry":{"type":"Point","coordinates":[-2.1871,53.44881]},"properties":{"k":"c"}},{"type":"Feature","geometry":{"type":"Point","coordinates":[-2.14584,53.60264]},"properties":{"k":"f"}},{"type":"Feature","geometry":{"type":"Point","coordinates":[-2.4233,53.59625]},"properties":{"k":"c"}},{"type":"Feature","geometry":{"type":"Point","coordinates":[-2.33769,53.51328]},"properties":{"k":"c"}},{"type":"Feature","geometry":{"type":"Point","coordinates":[-2.16102,53.45827]},"properties":{"k":"f"}},{"type":"Feature","geometry":{"type":"Point","coordinates":[-2.06531,53.39483]},"properties":{"k":"c"}},{"type":"Feature","geometry":{"type":"Point","coordinates":[-2.2371,53.44729]},"properties":{"k":"f"}},{"type":"Feature","geometry":{"type":"Point","coordinates":[-2.42884,53.578]},"properties":{"k":"c"}},{"type":"Feature","geometry":{"type":"Point","coordinates":[-2.23603,53.483]},"properties":{"k":"c"}},{"type":"Feature","geometry":{"type":"Point","coordinates":[-2.10971,53.48748]},"properties":{"k":"c"}},{"type":"Feature","geometry":{"type":"Point","coordinates":[-2.23786,53.44701]},"properties":{"k":"c"}},{"type":"Feature","geometry":{"type":"Point","coordinates":[-2.51989,53.49449]},"properties":{"k":"c"}},{"type":"Feature","geometry":{"type":"Point","coordinates":[-2.16571,53.47299]},"properties":{"k":"c"}},{"type":"Feature","geometry":{"type":"Point","coordinates":[-2.24219,53.47574]},"properties":{"k":"c"}},{"type":"Feature","geometry":{"type":"Point","coordinates":[-2.00635,53.54761]},"properties":{"k":"c"}},{"type":"Feature","geometry":{"type":"Point","coordinates":[-2.16398,53.61276]},"properties":{"k":"c"}},{"type":"Feature","geometry":{"type":"Point","coordinates":[-2.18075,53.50106]},"properties":{"k":"c"}},{"type":"Feature","geometry":{"type":"Point","coordinates":[-2.34842,53.38667]},"properties":{"k":"c"}},{"type":"Feature","geometry":{"type":"Point","coordinates":[-2.01407,53.53846]},"properties":{"k":"c"}},{"type":"Feature","geometry":{"type":"Point","coordinates":[-2.2796,53.3771]},"properties":{"k":"c"}},{"type":"Feature","geometry":{"type":"Point","coordinates":[-2.10906,53.54226]},"properties":{"k":"f"}},{"type":"Feature","geometry":{"type":"Point","coordinates":[-2.35146,53.38432]},"properties":{"k":"f"}},{"type":"Feature","geometry":{"type":"Point","coordinates":[-2.23841,53.47971]},"properties":{"k":"c"}},{"type":"Feature","geometry":{"type":"Point","coordinates":[-2.03803,53.51447]},"properties":{"k":"c"}},{"type":"Feature","geometry":{"type":"Point","coordinates":[-2.24786,53.48231]},"properties":{"k":"c"}},{"type":"Feature","geometry":{"type":"Point","coordinates":[-2.45696,53.51411]},"properties":{"k":"c"}},{"type":"Feature","geometry":{"type":"Point","coordinates":[-2.23013,53.47657]},"properties":{"k":"c"}},{"type":"Feature","geometry":{"type":"Point","coordinates":[-2.15203,53.51407]},"properties":{"k":"c"}},{"type":"Feature","geometry":{"type":"Point","coordinates":[-2.25693,53.37038]},"properties":{"k":"f"}},{"type":"Feature","geometry":{"type":"Point","coordinates":[-2.33007,53.51729]},"properties":{"k":"c"}},{"type":"Feature","geometry":{"type":"Point","coordinates":[-2.00752,53.5465]},"properties":{"k":"c"}},{"type":"Feature","geometry":{"type":"Point","coordinates":[-2.21617,53.4712]},"properties":{"k":"c"}},{"type":"Feature","geometry":{"type":"Point","coordinates":[-2.18714,53.61292]},"properties":{"k":"c"}},{"type":"Feature","geometry":{"type":"Point","coordinates":[-2.09163,53.48818]},"properties":{"k":"c"}},{"type":"Feature","geometry":{"type":"Point","coordinates":[-2.08787,53.57694]},"properties":{"k":"c"}},{"type":"Feature","geometry":{"type":"Point","coordinates":[-2.1637,53.60157]},"properties":{"k":"c"}},{"type":"Feature","geometry":{"type":"Point","coordinates":[-2.26489,53.50457]},"properties":{"k":"c"}},{"type":"Feature","geometry":{"type":"Point","coordinates":[-2.09369,53.57795]},"properties":{"k":"c"}},{"type":"Feature","geometry":{"type":"Point","coordinates":[-2.36342,53.5734]},"properties":{"k":"c"}},{"type":"Feature","geometry":{"type":"Point","coordinates":[-2.63864,53.4879]},"properties":{"k":"c"}},{"type":"Feature","geometry":{"type":"Point","coordinates":[-2.29491,53.47099]},"properties":{"k":"c"}},{"type":"Feature","geometry":{"type":"Point","coordinates":[-2.30615,53.44592]},"properties":{"k":"c"}},{"type":"Feature","geometry":{"type":"Point","coordinates":[-2.24568,53.51277]},"properties":{"k":"f"}},{"type":"Feature","geometry":{"type":"Point","coordinates":[-2.12219,53.38021]},"properties":{"k":"c"}},{"type":"Feature","geometry":{"type":"Point","coordinates":[-2.3355,53.48389]},"properties":{"k":"f"}},{"type":"Feature","geometry":{"type":"Point","coordinates":[-2.46958,53.514]},"properties":{"k":"c"}},{"type":"Feature","geometry":{"type":"Point","coordinates":[-2.26984,53.49846]},"properties":{"k":"c"}},{"type":"Feature","geometry":{"type":"Point","coordinates":[-2.21796,53.41064]},"properties":{"k":"c"}},{"type":"Feature","geometry":{"type":"Point","coordinates":[-2.20511,53.49997]},"properties":{"k":"c"}},{"type":"Feature","geometry":{"type":"Point","coordinates":[-2.25153,53.50597]},"properties":{"k":"c"}},{"type":"Feature","geometry":{"type":"Point","coordinates":[-2.15498,53.60891]},"properties":{"k":"c"}},{"type":"Feature","geometry":{"type":"Point","coordinates":[-2.17025,53.5235]},"properties":{"k":"c"}},{"type":"Feature","geometry":{"type":"Point","coordinates":[-2.25491,53.47656]},"properties":{"k":"c"}},{"type":"Feature","geometry":{"type":"Point","coordinates":[-2.28021,53.53905]},"properties":{"k":"c"}},{"type":"Feature","geometry":{"type":"Point","coordinates":[-2.43818,53.42491]},"properties":{"k":"f"}},{"type":"Feature","geometry":{"type":"Point","coordinates":[-2.151,53.6208]},"properties":{"k":"f"}},{"type":"Feature","geometry":{"type":"Point","coordinates":[-2.57659,53.53685]},"properties":{"k":"f"}},{"type":"Feature","geometry":{"type":"Point","coordinates":[-2.41611,53.50305]},"properties":{"k":"c"}},{"type":"Feature","geometry":{"type":"Point","coordinates":[-2.29395,53.47099]},"properties":{"k":"f"}},{"type":"Feature","geometry":{"type":"Point","coordinates":[-2.54008,53.49797]},"properties":{"k":"f"}},{"type":"Feature","geometry":{"type":"Point","coordinates":[-2.09852,53.48868]},"properties":{"k":"c"}},{"type":"Feature","geometry":{"type":"Point","coordinates":[-2.0766,53.44821]},"properties":{"k":"c"}},{"type":"Feature","geometry":{"type":"Point","coordinates":[-2.15483,53.61668]},"properties":{"k":"c"}},{"type":"Feature","geometry":{"type":"Point","coordinates":[-2.08273,53.55075]},"properties":{"k":"c"}},{"type":"Feature","geometry":{"type":"Point","coordinates":[-2.30615,53.44606]},"properties":{"k":"f"}},{"type":"Feature","geometry":{"type":"Point","coordinates":[-2.36962,53.45226]},"properties":{"k":"c"}},{"type":"Feature","geometry":{"type":"Point","coordinates":[-2.15312,53.53409]},"properties":{"k":"c"}},{"type":"Feature","geometry":{"type":"Point","coordinates":[-2.09857,53.44068]},"properties":{"k":"c"}},{"type":"Feature","geometry":{"type":"Point","coordinates":[-2.24506,53.48043]},"properties":{"k":"c"}},{"type":"Feature","geometry":{"type":"Point","coordinates":[-2.11509,53.45711]},"properties":{"k":"c"}},{"type":"Feature","geometry":{"type":"Point","coordinates":[-2.17828,53.39793]},"properties":{"k":"c"}},{"type":"Feature","geometry":{"type":"Point","coordinates":[-2.28316,53.47046]},"properties":{"k":"c"}},{"type":"Feature","geometry":{"type":"Point","coordinates":[-2.21527,53.511]},"properties":{"k":"f"}},{"type":"Feature","geometry":{"type":"Point","coordinates":[-2.39429,53.54961]},"properties":{"k":"f"}},{"type":"Feature","geometry":{"type":"Point","coordinates":[-2.24691,53.48057]},"properties":{"k":"c"}},{"type":"Feature","geometry":{"type":"Point","coordinates":[-2.27964,53.44258]},"properties":{"k":"c"}},{"type":"Feature","geometry":{"type":"Point","coordinates":[-2.20996,53.42786]},"properties":{"k":"c"}},{"type":"Feature","geometry":{"type":"Point","coordinates":[-2.42253,53.5552]},"properties":{"k":"c"}},{"type":"Feature","geometry":{"type":"Point","coordinates":[-2.23499,53.4749]},"properties":{"k":"c"}},{"type":"Feature","geometry":{"type":"Point","coordinates":[-2.35078,53.38532]},"properties":{"k":"c"}},{"type":"Feature","geometry":{"type":"Point","coordinates":[-2.27955,53.44258]},"properties":{"k":"c"}},{"type":"Feature","geometry":{"type":"Point","coordinates":[-2.09339,53.57759]},"properties":{"k":"c"}},{"type":"Feature","geometry":{"type":"Point","coordinates":[-2.2361,53.45302]},"properties":{"k":"c"}},{"type":"Feature","geometry":{"type":"Point","coordinates":[-2.09041,53.58349]},"properties":{"k":"f"}},{"type":"Feature","geometry":{"type":"Point","coordinates":[-2.21058,53.45419]},"properties":{"k":"c"}},{"type":"Feature","geometry":{"type":"Point","coordinates":[-2.24855,53.4676]},"properties":{"k":"c"}},{"type":"Feature","geometry":{"type":"Point","coordinates":[-2.62928,53.54684]},"properties":{"k":"c"}},{"type":"Feature","geometry":{"type":"Point","coordinates":[-2.21745,53.42129]},"properties":{"k":"c"}},{"type":"Feature","geometry":{"type":"Point","coordinates":[-2.30402,53.42015]},"properties":{"k":"c"}},{"type":"Feature","geometry":{"type":"Point","coordinates":[-2.63207,53.54917]},"properties":{"k":"c"}},{"type":"Feature","geometry":{"type":"Point","coordinates":[-2.5461,53.59476]},"properties":{"k":"c"}},{"type":"Feature","geometry":{"type":"Point","coordinates":[-2.44413,53.56685]},"properties":{"k":"f"}},{"type":"Feature","geometry":{"type":"Point","coordinates":[-2.2407,53.48309]},"properties":{"k":"c"}},{"type":"Feature","geometry":{"type":"Point","coordinates":[-2.65895,53.55605]},"properties":{"k":"c"}},{"type":"Feature","geometry":{"type":"Point","coordinates":[-2.36044,53.44831]},"properties":{"k":"c"}},{"type":"Feature","geometry":{"type":"Point","coordinates":[-2.28631,53.38461]},"properties":{"k":"f"}},{"type":"Feature","geometry":{"type":"Point","coordinates":[-2.17557,53.49723]},"properties":{"k":"c"}},{"type":"Feature","geometry":{"type":"Point","coordinates":[-2.15106,53.51695]},"properties":{"k":"c"}},{"type":"Feature","geometry":{"type":"Point","coordinates":[-2.39297,53.60487]},"properties":{"k":"c"}},{"type":"Feature","geometry":{"type":"Point","coordinates":[-2.1372,53.55853]},"properties":{"k":"c"}},{"type":"Feature","geometry":{"type":"Point","coordinates":[-2.10901,53.60936]},"properties":{"k":"c"}},{"type":"Feature","geometry":{"type":"Point","coordinates":[-2.27565,53.44255]},"properties":{"k":"f"}},{"type":"Feature","geometry":{"type":"Point","coordinates":[-2.40019,53.51726]},"properties":{"k":"c"}},{"type":"Feature","geometry":{"type":"Point","coordinates":[-2.57906,53.53429]},"properties":{"k":"c"}},{"type":"Feature","geometry":{"type":"Point","coordinates":[-2.09526,53.40186]},"properties":{"k":"c"}},{"type":"Feature","geometry":{"type":"Point","coordinates":[-2.00648,53.54724]},"properties":{"k":"c"}},{"type":"Feature","geometry":{"type":"Point","coordinates":[-2.14763,53.51678]},"properties":{"k":"c"}},{"type":"Feature","geometry":{"type":"Point","coordinates":[-2.20845,53.5321]},"properties":{"k":"c"}},{"type":"Feature","geometry":{"type":"Point","coordinates":[-2.29985,53.39968]},"properties":{"k":"f"}},{"type":"Feature","geometry":{"type":"Point","coordinates":[-2.5141,53.49634]},"properties":{"k":"c"}},{"type":"Feature","geometry":{"type":"Point","coordinates":[-2.24494,53.48047]},"properties":{"k":"c"}},{"type":"Feature","geometry":{"type":"Point","coordinates":[-2.25278,53.46905]},"properties":{"k":"c"}},{"type":"Feature","geometry":{"type":"Point","coordinates":[-2.04082,53.51383]},"properties":{"k":"c"}},{"type":"Feature","geometry":{"type":"Point","coordinates":[-2.26346,53.37986]},"properties":{"k":"c"}},{"type":"Feature","geometry":{"type":"Point","coordinates":[-2.18952,53.4173]},"properties":{"k":"c"}},{"type":"Feature","geometry":{"type":"Point","coordinates":[-2.21934,53.47359]},"properties":{"k":"c"}},{"type":"Feature","geometry":{"type":"Point","coordinates":[-2.07197,53.53778]},"properties":{"k":"c"}},{"type":"Feature","geometry":{"type":"Point","coordinates":[-2.21725,53.39379]},"properties":{"k":"c"}},{"type":"Feature","geometry":{"type":"Point","coordinates":[-2.0632,53.3954]},"properties":{"k":"c"}},{"type":"Feature","geometry":{"type":"Point","coordinates":[-2.11398,53.54159]},"properties":{"k":"c"}},{"type":"Feature","geometry":{"type":"Point","coordinates":[-2.62903,53.56034]},"properties":{"k":"c"}},{"type":"Feature","geometry":{"type":"Point","coordinates":[-2.24327,53.45323]},"properties":{"k":"f"}},{"type":"Feature","geometry":{"type":"Point","coordinates":[-2.34832,53.39942]},"properties":{"k":"c"}},{"type":"Feature","geometry":{"type":"Point","coordinates":[-2.44195,53.63049]},"properties":{"k":"c"}},{"type":"Feature","geometry":{"type":"Point","coordinates":[-2.23413,53.48375]},"properties":{"k":"f"}},{"type":"Feature","geometry":{"type":"Point","coordinates":[-2.16117,53.41136]},"properties":{"k":"c"}},{"type":"Feature","geometry":{"type":"Point","coordinates":[-2.29684,53.4838]},"properties":{"k":"c"}},{"type":"Feature","geometry":{"type":"Point","coordinates":[-2.29862,53.593]},"properties":{"k":"c"}},{"type":"Feature","geometry":{"type":"Point","coordinates":[-2.33831,53.40394]},"properties":{"k":"c"}},{"type":"Feature","geometry":{"type":"Point","coordinates":[-2.29457,53.59223]},"properties":{"k":"c"}},{"type":"Feature","geometry":{"type":"Point","coordinates":[-2.28986,53.59833]},"properties":{"k":"f"}},{"type":"Feature","geometry":{"type":"Point","coordinates":[-2.15584,53.6282]},"properties":{"k":"c"}},{"type":"Feature","geometry":{"type":"Point","coordinates":[-2.23955,53.48459]},"properties":{"k":"f"}},{"type":"Feature","geometry":{"type":"Point","coordinates":[-2.20875,53.50459]},"properties":{"k":"c"}},{"type":"Feature","geometry":{"type":"Point","coordinates":[-2.2851,53.5338]},"properties":{"k":"c"}},{"type":"Feature","geometry":{"type":"Point","coordinates":[-2.2186,53.44157]},"properties":{"k":"f"}},{"type":"Feature","geometry":{"type":"Point","coordinates":[-2.10401,53.41584]},"properties":{"k":"c"}},{"type":"Feature","geometry":{"type":"Point","coordinates":[-2.43272,53.59891]},"properties":{"k":"c"}},{"type":"Feature","geometry":{"type":"Point","coordinates":[-2.49182,53.5987]},"properties":{"k":"c"}},{"type":"Feature","geometry":{"type":"Point","coordinates":[-2.19851,53.54948]},"properties":{"k":"c"}},{"type":"Feature","geometry":{"type":"Point","coordinates":[-2.28743,53.45839]},"properties":{"k":"c"}},{"type":"Feature","geometry":{"type":"Point","coordinates":[-2.30257,53.4749]},"properties":{"k":"c"}},{"type":"Feature","geometry":{"type":"Point","coordinates":[-2.51463,53.49597]},"properties":{"k":"c"}},{"type":"Feature","geometry":{"type":"Point","coordinates":[-2.54605,53.59994]},"properties":{"k":"c"}},{"type":"Feature","geometry":{"type":"Point","coordinates":[-2.60421,53.54318]},"properties":{"k":"c"}},{"type":"Feature","geometry":{"type":"Point","coordinates":[-2.23792,53.48366]},"properties":{"k":"c"}},{"type":"Feature","geometry":{"type":"Point","coordinates":[-2.24513,53.48136]},"properties":{"k":"c"}},{"type":"Feature","geometry":{"type":"Point","coordinates":[-2.15124,53.62087]},"properties":{"k":"f"}},{"type":"Feature","geometry":{"type":"Point","coordinates":[-2.00547,53.54822]},"properties":{"k":"c"}},{"type":"Feature","geometry":{"type":"Point","coordinates":[-2.3572,53.56331]},"properties":{"k":"f"}},{"type":"Feature","geometry":{"type":"Point","coordinates":[-2.02647,53.46121]},"properties":{"k":"c"}},{"type":"Feature","geometry":{"type":"Point","coordinates":[-2.20114,53.54048]},"properties":{"k":"c"}},{"type":"Feature","geometry":{"type":"Point","coordinates":[-2.11543,53.53959]},"properties":{"k":"f"}},{"type":"Feature","geometry":{"type":"Point","coordinates":[-2.42284,53.53029]},"properties":{"k":"c"}},{"type":"Feature","geometry":{"type":"Point","coordinates":[-2.09731,53.54693]},"properties":{"k":"c"}},{"type":"Feature","geometry":{"type":"Point","coordinates":[-2.20112,53.45497]},"properties":{"k":"c"}},{"type":"Feature","geometry":{"type":"Point","coordinates":[-2.55204,53.60203]},"properties":{"k":"c"}},{"type":"Feature","geometry":{"type":"Point","coordinates":[-2.32058,53.426]},"properties":{"k":"c"}},{"type":"Feature","geometry":{"type":"Point","coordinates":[-2.42802,53.56883]},"properties":{"k":"c"}},{"type":"Feature","geometry":{"type":"Point","coordinates":[-2.52401,53.54902]},"properties":{"k":"c"}},{"type":"Feature","geometry":{"type":"Point","coordinates":[-2.09157,53.48839]},"properties":{"k":"c"}},{"type":"Feature","geometry":{"type":"Point","coordinates":[-2.29489,53.59499]},"properties":{"k":"c"}},{"type":"Feature","geometry":{"type":"Point","coordinates":[-2.24036,53.47789]},"properties":{"k":"c"}},{"type":"Feature","geometry":{"type":"Point","coordinates":[-2.31727,53.42419]},"properties":{"k":"c"}},{"type":"Feature","geometry":{"type":"Point","coordinates":[-2.25305,53.48018]},"properties":{"k":"c"}},{"type":"Feature","geometry":{"type":"Point","coordinates":[-2.14962,53.50145]},"properties":{"k":"c"}},{"type":"Feature","geometry":{"type":"Point","coordinates":[-2.12503,53.50049]},"properties":{"k":"c"}},{"type":"Feature","geometry":{"type":"Point","coordinates":[-2.18958,53.37776]},"properties":{"k":"c"}},{"type":"Feature","geometry":{"type":"Point","coordinates":[-2.42919,53.57002]},"properties":{"k":"f"}},{"type":"Feature","geometry":{"type":"Point","coordinates":[-2.15827,53.61716]},"properties":{"k":"c"}},{"type":"Feature","geometry":{"type":"Point","coordinates":[-2.18875,53.3751]},"properties":{"k":"c"}},{"type":"Feature","geometry":{"type":"Point","coordinates":[-2.2294,53.4089]},"properties":{"k":"c"}},{"type":"Feature","geometry":{"type":"Point","coordinates":[-2.00543,53.54929]},"properties":{"k":"c"}},{"type":"Feature","geometry":{"type":"Point","coordinates":[-2.67152,53.54298]},"properties":{"k":"c"}},{"type":"Feature","geometry":{"type":"Point","coordinates":[-2.35287,53.44913]},"properties":{"k":"c"}},{"type":"Feature","geometry":{"type":"Point","coordinates":[-2.30252,53.63621]},"properties":{"k":"c"}},{"type":"Feature","geometry":{"type":"Point","coordinates":[-2.30104,53.45256]},"properties":{"k":"c"}},{"type":"Feature","geometry":{"type":"Point","coordinates":[-2.10815,53.51673]},"properties":{"k":"c"}},{"type":"Feature","geometry":{"type":"Point","coordinates":[-2.19325,53.43772]},"properties":{"k":"c"}},{"type":"Feature","geometry":{"type":"Point","coordinates":[-2.42854,53.61906]},"properties":{"k":"c"}},{"type":"Feature","geometry":{"type":"Point","coordinates":[-2.29818,53.55387]},"properties":{"k":"c"}},{"type":"Feature","geometry":{"type":"Point","coordinates":[-2.07242,53.46222]},"properties":{"k":"c"}},{"type":"Feature","geometry":{"type":"Point","coordinates":[-2.12802,53.53739]},"properties":{"k":"f"}},{"type":"Feature","geometry":{"type":"Point","coordinates":[-2.40558,53.58047]},"properties":{"k":"c"}},{"type":"Feature","geometry":{"type":"Point","coordinates":[-2.24183,53.48341]},"properties":{"k":"c"}},{"type":"Feature","geometry":{"type":"Point","coordinates":[-2.13587,53.52742]},"properties":{"k":"c"}},{"type":"Feature","geometry":{"type":"Point","coordinates":[-2.2419,53.53649]},"properties":{"k":"f"}},{"type":"Feature","geometry":{"type":"Point","coordinates":[-2.13587,53.55691]},"properties":{"k":"c"}},{"type":"Feature","geometry":{"type":"Point","coordinates":[-2.09328,53.57754]},"properties":{"k":"c"}},{"type":"Feature","geometry":{"type":"Point","coordinates":[-2.44315,53.4]},"properties":{"k":"c"}},{"type":"Feature","geometry":{"type":"Point","coordinates":[-2.20372,53.396]},"properties":{"k":"c"}},{"type":"Feature","geometry":{"type":"Point","coordinates":[-2.14989,53.61572]},"properties":{"k":"c"}},{"type":"Feature","geometry":{"type":"Point","coordinates":[-2.2336,53.41812]},"properties":{"k":"c"}},{"type":"Feature","geometry":{"type":"Point","coordinates":[-2.2377,53.48423]},"properties":{"k":"c"}},{"type":"Feature","geometry":{"type":"Point","coordinates":[-2.057,53.48214]},"properties":{"k":"c"}},{"type":"Feature","geometry":{"type":"Point","coordinates":[-2.3509,53.48277]},"properties":{"k":"c"}},{"type":"Feature","geometry":{"type":"Point","coordinates":[-2.11435,53.45703]},"properties":{"k":"c"}},{"type":"Feature","geometry":{"type":"Point","coordinates":[-2.46111,53.49871]},"properties":{"k":"c"}},{"type":"Feature","geometry":{"type":"Point","coordinates":[-2.15732,53.41105]},"properties":{"k":"c"}},{"type":"Feature","geometry":{"type":"Point","coordinates":[-2.22844,53.42734]},"properties":{"k":"f"}},{"type":"Feature","geometry":{"type":"Point","coordinates":[-2.12175,53.38005]},"properties":{"k":"c"}},{"type":"Feature","geometry":{"type":"Point","coordinates":[-2.24836,53.46148]},"properties":{"k":"c"}},{"type":"Feature","geometry":{"type":"Point","coordinates":[-2.22908,53.43355]},"properties":{"k":"c"}},{"type":"Feature","geometry":{"type":"Point","coordinates":[-2.25534,53.53622]},"properties":{"k":"c"}},{"type":"Feature","geometry":{"type":"Point","coordinates":[-2.24044,53.47825]},"properties":{"k":"c"}},{"type":"Feature","geometry":{"type":"Point","coordinates":[-2.18821,53.41811]},"properties":{"k":"c"}},{"type":"Feature","geometry":{"type":"Point","coordinates":[-2.37544,53.53954]},"properties":{"k":"c"}},{"type":"Feature","geometry":{"type":"Point","coordinates":[-2.25754,53.37004]},"properties":{"k":"c"}},{"type":"Feature","geometry":{"type":"Point","coordinates":[-2.07278,53.54987]},"properties":{"k":"c"}},{"type":"Feature","geometry":{"type":"Point","coordinates":[-2.13821,53.61042]},"properties":{"k":"c"}},{"type":"Feature","geometry":{"type":"Point","coordinates":[-2.43385,53.58099]},"properties":{"k":"c"}},{"type":"Feature","geometry":{"type":"Point","coordinates":[-2.63225,53.54908]},"properties":{"k":"c"}},{"type":"Feature","geometry":{"type":"Point","coordinates":[-2.10891,53.54342]},"properties":{"k":"c"}},{"type":"Feature","geometry":{"type":"Point","coordinates":[-2.1567,53.61672]},"properties":{"k":"f"}},{"type":"Feature","geometry":{"type":"Point","coordinates":[-2.07961,53.48115]},"properties":{"k":"c"}},{"type":"Feature","geometry":{"type":"Point","coordinates":[-2.35038,53.38545]},"properties":{"k":"c"}},{"type":"Feature","geometry":{"type":"Point","coordinates":[-2.42993,53.57628]},"properties":{"k":"f"}},{"type":"Feature","geometry":{"type":"Point","coordinates":[-2.31512,53.60015]},"properties":{"k":"c"}},{"type":"Feature","geometry":{"type":"Point","coordinates":[-2.22725,53.45768]},"properties":{"k":"c"}},{"type":"Feature","geometry":{"type":"Point","coordinates":[-2.3428,53.42986]},"properties":{"k":"c"}},{"type":"Feature","geometry":{"type":"Point","coordinates":[-2.14055,53.61369]},"properties":{"k":"f"}},{"type":"Feature","geometry":{"type":"Point","coordinates":[-2.10683,53.54212]},"properties":{"k":"c"}},{"type":"Feature","geometry":{"type":"Point","coordinates":[-2.09393,53.57671]},"properties":{"k":"c"}},{"type":"Feature","geometry":{"type":"Point","coordinates":[-2.33508,53.48323]},"properties":{"k":"c"}},{"type":"Feature","geometry":{"type":"Point","coordinates":[-2.23523,53.48575]},"properties":{"k":"f"}},{"type":"Feature","geometry":{"type":"Point","coordinates":[-2.12734,53.53775]},"properties":{"k":"c"}},{"type":"Feature","geometry":{"type":"Point","coordinates":[-2.28407,53.53274]},"properties":{"k":"c"}},{"type":"Feature","geometry":{"type":"Point","coordinates":[-2.21151,53.51248]},"properties":{"k":"c"}},{"type":"Feature","geometry":{"type":"Point","coordinates":[-2.21167,53.51171]},"properties":{"k":"c"}},{"type":"Feature","geometry":{"type":"Point","coordinates":[-2.14488,53.4806]},"properties":{"k":"c"}},{"type":"Feature","geometry":{"type":"Point","coordinates":[-2.43021,53.5806]},"properties":{"k":"c"}},{"type":"Feature","geometry":{"type":"Point","coordinates":[-2.14475,53.5341]},"properties":{"k":"c"}},{"type":"Feature","geometry":{"type":"Point","coordinates":[-2.24571,53.4474]},"properties":{"k":"c"}},{"type":"Feature","geometry":{"type":"Point","coordinates":[-2.11792,53.53514]},"properties":{"k":"c"}},{"type":"Feature","geometry":{"type":"Point","coordinates":[-2.21923,53.45941]},"properties":{"k":"f"}},{"type":"Feature","geometry":{"type":"Point","coordinates":[-2.2852,53.39123]},"properties":{"k":"c"}},{"type":"Feature","geometry":{"type":"Point","coordinates":[-2.629,53.56036]},"properties":{"k":"c"}},{"type":"Feature","geometry":{"type":"Point","coordinates":[-2.32976,53.41393]},"properties":{"k":"c"}},{"type":"Feature","geometry":{"type":"Point","coordinates":[-2.28918,53.60099]},"properties":{"k":"c"}},{"type":"Feature","geometry":{"type":"Point","coordinates":[-2.60938,53.5732]},"properties":{"k":"c"}},{"type":"Feature","geometry":{"type":"Point","coordinates":[-2.23276,53.41792]},"properties":{"k":"c"}},{"type":"Feature","geometry":{"type":"Point","coordinates":[-2.07878,53.4513]},"properties":{"k":"c"}},{"type":"Feature","geometry":{"type":"Point","coordinates":[-2.21837,53.44441]},"properties":{"k":"f"}},{"type":"Feature","geometry":{"type":"Point","coordinates":[-2.35416,53.51007]},"properties":{"k":"c"}},{"type":"Feature","geometry":{"type":"Point","coordinates":[-2.3407,53.46758]},"properties":{"k":"c"}},{"type":"Feature","geometry":{"type":"Point","coordinates":[-2.29346,53.59128]},"properties":{"k":"c"}},{"type":"Feature","geometry":{"type":"Point","coordinates":[-2.24477,53.51324]},"properties":{"k":"c"}},{"type":"Feature","geometry":{"type":"Point","coordinates":[-2.4306,53.5803]},"properties":{"k":"c"}},{"type":"Feature","geometry":{"type":"Point","coordinates":[-2.15517,53.513]},"properties":{"k":"f"}},{"type":"Feature","geometry":{"type":"Point","coordinates":[-2.63869,53.48743]},"properties":{"k":"c"}},{"type":"Feature","geometry":{"type":"Point","coordinates":[-2.29177,53.46407]},"properties":{"k":"c"}},{"type":"Feature","geometry":{"type":"Point","coordinates":[-2.25301,53.48639]},"properties":{"k":"c"}},{"type":"Feature","geometry":{"type":"Point","coordinates":[-2.521,53.49295]},"properties":{"k":"c"}},{"type":"Feature","geometry":{"type":"Point","coordinates":[-2.52139,53.49699]},"properties":{"k":"c"}},{"type":"Feature","geometry":{"type":"Point","coordinates":[-2.33879,53.60241]},"properties":{"k":"c"}},{"type":"Feature","geometry":{"type":"Point","coordinates":[-2.04108,53.51466]},"properties":{"k":"c"}},{"type":"Feature","geometry":{"type":"Point","coordinates":[-2.61476,53.54483]},"properties":{"k":"c"}},{"type":"Feature","geometry":{"type":"Point","coordinates":[-2.22475,53.59403]},"properties":{"k":"f"}},{"type":"Feature","geometry":{"type":"Point","coordinates":[-2.52041,53.54871]},"properties":{"k":"c"}},{"type":"Feature","geometry":{"type":"Point","coordinates":[-2.16194,53.41039]},"properties":{"k":"c"}},{"type":"Feature","geometry":{"type":"Point","coordinates":[-2.41229,53.58976]},"properties":{"k":"c"}},{"type":"Feature","geometry":{"type":"Point","coordinates":[-2.22604,53.4812]},"properties":{"k":"c"}},{"type":"Feature","geometry":{"type":"Point","coordinates":[-2.23142,53.41714]},"properties":{"k":"c"}},{"type":"Feature","geometry":{"type":"Point","coordinates":[-2.30149,53.50787]},"properties":{"k":"c"}},{"type":"Feature","geometry":{"type":"Point","coordinates":[-2.11178,53.6105]},"properties":{"k":"c"}},{"type":"Feature","geometry":{"type":"Point","coordinates":[-2.10199,53.49657]},"properties":{"k":"c"}},{"type":"Feature","geometry":{"type":"Point","coordinates":[-2.33509,53.43586]},"properties":{"k":"c"}},{"type":"Feature","geometry":{"type":"Point","coordinates":[-2.22041,53.45216]},"properties":{"k":"c"}},{"type":"Feature","geometry":{"type":"Point","coordinates":[-2.22357,53.45314]},"properties":{"k":"c"}},{"type":"Feature","geometry":{"type":"Point","coordinates":[-2.06911,53.48573]},"properties":{"k":"c"}},{"type":"Feature","geometry":{"type":"Point","coordinates":[-2.00719,53.54654]},"properties":{"k":"c"}},{"type":"Feature","geometry":{"type":"Point","coordinates":[-2.2106,53.58756]},"properties":{"k":"c"}},{"type":"Feature","geometry":{"type":"Point","coordinates":[-2.42918,53.58238]},"properties":{"k":"c"}},{"type":"Feature","geometry":{"type":"Point","coordinates":[-2.19737,53.52028]},"properties":{"k":"c"}},{"type":"Feature","geometry":{"type":"Point","coordinates":[-2.24657,53.49726]},"properties":{"k":"c"}},{"type":"Feature","geometry":{"type":"Point","coordinates":[-2.24662,53.5142]},"properties":{"k":"f"}},{"type":"Feature","geometry":{"type":"Point","coordinates":[-2.32344,53.42532]},"properties":{"k":"c"}},{"type":"Feature","geometry":{"type":"Point","coordinates":[-2.15893,53.61825]},"properties":{"k":"c"}},{"type":"Feature","geometry":{"type":"Point","coordinates":[-2.29085,53.50352]},"properties":{"k":"c"}},{"type":"Feature","geometry":{"type":"Point","coordinates":[-2.26132,53.49636]},"properties":{"k":"c"}},{"type":"Feature","geometry":{"type":"Point","coordinates":[-2.11237,53.45366]},"properties":{"k":"c"}},{"type":"Feature","geometry":{"type":"Point","coordinates":[-2.33463,53.41665]},"properties":{"k":"c"}},{"type":"Feature","geometry":{"type":"Point","coordinates":[-2.17261,53.461]},"properties":{"k":"c"}},{"type":"Feature","geometry":{"type":"Point","coordinates":[-2.10634,53.54219]},"properties":{"k":"c"}},{"type":"Feature","geometry":{"type":"Point","coordinates":[-2.23034,53.41725]},"properties":{"k":"c"}},{"type":"Feature","geometry":{"type":"Point","coordinates":[-2.1537,53.50839]},"properties":{"k":"c"}},{"type":"Feature","geometry":{"type":"Point","coordinates":[-2.43745,53.57143]},"properties":{"k":"c"}},{"type":"Feature","geometry":{"type":"Point","coordinates":[-2.4021,53.55392]},"properties":{"k":"f"}},{"type":"Feature","geometry":{"type":"Point","coordinates":[-2.15986,53.41006]},"properties":{"k":"c"}},{"type":"Feature","geometry":{"type":"Point","coordinates":[-2.04604,53.49237]},"properties":{"k":"c"}},{"type":"Feature","geometry":{"type":"Point","coordinates":[-2.46633,53.56659]},"properties":{"k":"c"}},{"type":"Feature","geometry":{"type":"Point","coordinates":[-2.25479,53.50451]},"properties":{"k":"c"}},{"type":"Feature","geometry":{"type":"Point","coordinates":[-2.22636,53.45708]},"properties":{"k":"c"}},{"type":"Feature","geometry":{"type":"Point","coordinates":[-2.14129,53.41191]},"properties":{"k":"c"}},{"type":"Feature","geometry":{"type":"Point","coordinates":[-2.1001,53.48306]},"properties":{"k":"c"}},{"type":"Feature","geometry":{"type":"Point","coordinates":[-2.62266,53.54328]},"properties":{"k":"c"}},{"type":"Feature","geometry":{"type":"Point","coordinates":[-2.20169,53.54844]},"properties":{"k":"c"}},{"type":"Feature","geometry":{"type":"Point","coordinates":[-2.1585,53.4098]},"properties":{"k":"c"}},{"type":"Feature","geometry":{"type":"Point","coordinates":[-2.24632,53.48356]},"properties":{"k":"c"}},{"type":"Feature","geometry":{"type":"Point","coordinates":[-2.23654,53.48278]},"properties":{"k":"c"}},{"type":"Feature","geometry":{"type":"Point","coordinates":[-2.10307,53.52139]},"properties":{"k":"c"}},{"type":"Feature","geometry":{"type":"Point","coordinates":[-2.27535,53.44244]},"properties":{"k":"c"}},{"type":"Feature","geometry":{"type":"Point","coordinates":[-2.154,53.61091]},"properties":{"k":"f"}},{"type":"Feature","geometry":{"type":"Point","coordinates":[-2.24627,53.4996]},"properties":{"k":"c"}},{"type":"Feature","geometry":{"type":"Point","coordinates":[-2.44275,53.51405]},"properties":{"k":"c"}},{"type":"Feature","geometry":{"type":"Point","coordinates":[-2.1973,53.37894]},"properties":{"k":"c"}},{"type":"Feature","geometry":{"type":"Point","coordinates":[-2.29377,53.59234]},"properties":{"k":"c"}},{"type":"Feature","geometry":{"type":"Point","coordinates":[-2.07999,53.45038]},"properties":{"k":"c"}},{"type":"Feature","geometry":{"type":"Point","coordinates":[-2.18251,53.52196]},"properties":{"k":"c"}},{"type":"Feature","geometry":{"type":"Point","coordinates":[-2.19946,53.55024]},"properties":{"k":"c"}},{"type":"Feature","geometry":{"type":"Point","coordinates":[-2.29384,53.59211]},"properties":{"k":"c"}},{"type":"Feature","geometry":{"type":"Point","coordinates":[-2.32316,53.42762]},"properties":{"k":"c"}},{"type":"Feature","geometry":{"type":"Point","coordinates":[-2.0668,53.39524]},"properties":{"k":"c"}},{"type":"Feature","geometry":{"type":"Point","coordinates":[-2.08914,53.58841]},"properties":{"k":"c"}},{"type":"Feature","geometry":{"type":"Point","coordinates":[-2.32441,53.40113]},"properties":{"k":"c"}},{"type":"Feature","geometry":{"type":"Point","coordinates":[-2.4261,53.57724]},"properties":{"k":"f"}},{"type":"Feature","geometry":{"type":"Point","coordinates":[-2.11575,53.54333]},"properties":{"k":"c"}},{"type":"Feature","geometry":{"type":"Point","coordinates":[-2.43869,53.56719]},"properties":{"k":"c"}},{"type":"Feature","geometry":{"type":"Point","coordinates":[-2.19129,53.4437]},"properties":{"k":"c"}},{"type":"Feature","geometry":{"type":"Point","coordinates":[-2.44687,53.57711]},"properties":{"k":"f"}},{"type":"Feature","geometry":{"type":"Point","coordinates":[-2.23187,53.46293]},"properties":{"k":"c"}},{"type":"Feature","geometry":{"type":"Point","coordinates":[-2.15865,53.45492]},"properties":{"k":"c"}},{"type":"Feature","geometry":{"type":"Point","coordinates":[-2.23983,53.47288]},"properties":{"k":"c"}},{"type":"Feature","geometry":{"type":"Point","coordinates":[-2.49547,53.52366]},"properties":{"k":"c"}},{"type":"Feature","geometry":{"type":"Point","coordinates":[-2.24156,53.42859]},"properties":{"k":"c"}},{"type":"Feature","geometry":{"type":"Point","coordinates":[-2.23307,53.48118]},"properties":{"k":"c"}},{"type":"Feature","geometry":{"type":"Point","coordinates":[-2.23196,53.41607]},"properties":{"k":"c"}},{"type":"Feature","geometry":{"type":"Point","coordinates":[-2.24694,53.46763]},"properties":{"k":"c"}},{"type":"Feature","geometry":{"type":"Point","coordinates":[-2.14749,53.41322]},"properties":{"k":"c"}},{"type":"Feature","geometry":{"type":"Point","coordinates":[-2.21515,53.511]},"properties":{"k":"f"}},{"type":"Feature","geometry":{"type":"Point","coordinates":[-2.27881,53.44532]},"properties":{"k":"c"}},{"type":"Feature","geometry":{"type":"Point","coordinates":[-2.12388,53.56601]},"properties":{"k":"c"}},{"type":"Feature","geometry":{"type":"Point","coordinates":[-2.15551,53.62257]},"properties":{"k":"c"}},{"type":"Feature","geometry":{"type":"Point","coordinates":[-2.21598,53.47204]},"properties":{"k":"c"}},{"type":"Feature","geometry":{"type":"Point","coordinates":[-2.11527,53.53972]},"properties":{"k":"f"}},{"type":"Feature","geometry":{"type":"Point","coordinates":[-2.53739,53.59085]},"properties":{"k":"c"}},{"type":"Feature","geometry":{"type":"Point","coordinates":[-2.07708,53.45151]},"properties":{"k":"c"}},{"type":"Feature","geometry":{"type":"Point","coordinates":[-2.24358,53.4741]},"properties":{"k":"c"}},{"type":"Feature","geometry":{"type":"Point","coordinates":[-2.23019,53.48407]},"properties":{"k":"c"}},{"type":"Feature","geometry":{"type":"Point","coordinates":[-2.17471,53.42809]},"properties":{"k":"f"}},{"type":"Feature","geometry":{"type":"Point","coordinates":[-2.19535,53.55806]},"properties":{"k":"c"}},{"type":"Feature","geometry":{"type":"Point","coordinates":[-2.1869,53.48362]},"properties":{"k":"c"}},{"type":"Feature","geometry":{"type":"Point","coordinates":[-2.11947,53.52523]},"properties":{"k":"c"}},{"type":"Feature","geometry":{"type":"Point","coordinates":[-2.32294,53.55175]},"properties":{"k":"c"}},{"type":"Feature","geometry":{"type":"Point","coordinates":[-2.46596,53.51405]},"properties":{"k":"c"}},{"type":"Feature","geometry":{"type":"Point","coordinates":[-2.61999,53.54693]},"properties":{"k":"c"}},{"type":"Feature","geometry":{"type":"Point","coordinates":[-2.23481,53.48149]},"properties":{"k":"c"}},{"type":"Feature","geometry":{"type":"Point","coordinates":[-2.34704,53.37886]},"properties":{"k":"c"}},{"type":"Feature","geometry":{"type":"Point","coordinates":[-2.08947,53.48808]},"properties":{"k":"c"}},{"type":"Feature","geometry":{"type":"Point","coordinates":[-2.28704,53.48841]},"properties":{"k":"c"}},{"type":"Feature","geometry":{"type":"Point","coordinates":[-2.2321,53.47845]},"properties":{"k":"f"}},{"type":"Feature","geometry":{"type":"Point","coordinates":[-2.13687,53.37763]},"properties":{"k":"c"}},{"type":"Feature","geometry":{"type":"Point","coordinates":[-2.09467,53.48214]},"properties":{"k":"c"}},{"type":"Feature","geometry":{"type":"Point","coordinates":[-2.096,53.62931]},"properties":{"k":"c"}},{"type":"Feature","geometry":{"type":"Point","coordinates":[-2.11222,53.54173]},"properties":{"k":"c"}},{"type":"Feature","geometry":{"type":"Point","coordinates":[-2.24473,53.48486]},"properties":{"k":"c"}},{"type":"Feature","geometry":{"type":"Point","coordinates":[-2.1332,53.42669]},"properties":{"k":"c"}},{"type":"Feature","geometry":{"type":"Point","coordinates":[-2.64673,53.49753]},"properties":{"k":"f"}},{"type":"Feature","geometry":{"type":"Point","coordinates":[-2.11448,53.4555]},"properties":{"k":"c"}},{"type":"Feature","geometry":{"type":"Point","coordinates":[-2.3481,53.46607]},"properties":{"k":"c"}},{"type":"Feature","geometry":{"type":"Point","coordinates":[-2.2518,53.49482]},"properties":{"k":"c"}},{"type":"Feature","geometry":{"type":"Point","coordinates":[-2.26926,53.51464]},"properties":{"k":"c"}},{"type":"Feature","geometry":{"type":"Point","coordinates":[-2.43228,53.60331]},"properties":{"k":"c"}},{"type":"Feature","geometry":{"type":"Point","coordinates":[-2.31037,53.59346]},"properties":{"k":"f"}},{"type":"Feature","geometry":{"type":"Point","coordinates":[-2.15709,53.6172]},"properties":{"k":"c"}},{"type":"Feature","geometry":{"type":"Point","coordinates":[-2.33566,53.48405]},"properties":{"k":"c"}},{"type":"Feature","geometry":{"type":"Point","coordinates":[-2.44678,53.58452]},"properties":{"k":"c"}},{"type":"Feature","geometry":{"type":"Point","coordinates":[-2.31783,53.39774]},"properties":{"k":"c"}},{"type":"Feature","geometry":{"type":"Point","coordinates":[-2.05261,53.48199]},"properties":{"k":"c"}},{"type":"Feature","geometry":{"type":"Point","coordinates":[-2.24969,53.4778]},"properties":{"k":"c"}},{"type":"Feature","geometry":{"type":"Point","coordinates":[-2.1541,53.61]},"properties":{"k":"c"}},{"type":"Feature","geometry":{"type":"Point","coordinates":[-2.14347,53.62472]},"properties":{"k":"c"}},{"type":"Feature","geometry":{"type":"Point","coordinates":[-2.63056,53.54636]},"properties":{"k":"c"}},{"type":"Feature","geometry":{"type":"Point","coordinates":[-2.21881,53.48628]},"properties":{"k":"c"}},{"type":"Feature","geometry":{"type":"Point","coordinates":[-2.31884,53.51103]},"properties":{"k":"c"}},{"type":"Feature","geometry":{"type":"Point","coordinates":[-2.21912,53.40564]},"properties":{"k":"c"}},{"type":"Feature","geometry":{"type":"Point","coordinates":[-2.21201,53.45372]},"properties":{"k":"c"}},{"type":"Feature","geometry":{"type":"Point","coordinates":[-2.0195,53.56425]},"properties":{"k":"c"}},{"type":"Feature","geometry":{"type":"Point","coordinates":[-2.25577,53.47785]},"properties":{"k":"c"}},{"type":"Feature","geometry":{"type":"Point","coordinates":[-2.4324,53.57897]},"properties":{"k":"c"}},{"type":"Feature","geometry":{"type":"Point","coordinates":[-2.15261,53.6143]},"properties":{"k":"c"}},{"type":"Feature","geometry":{"type":"Point","coordinates":[-2.24559,53.51255]},"properties":{"k":"c"}},{"type":"Feature","geometry":{"type":"Point","coordinates":[-2.23781,53.48253]},"properties":{"k":"c"}},{"type":"Feature","geometry":{"type":"Point","coordinates":[-2.24567,53.4737]},"properties":{"k":"c"}},{"type":"Feature","geometry":{"type":"Point","coordinates":[-2.14263,53.62657]},"properties":{"k":"c"}},{"type":"Feature","geometry":{"type":"Point","coordinates":[-2.23978,53.4729]},"properties":{"k":"c"}},{"type":"Feature","geometry":{"type":"Point","coordinates":[-2.16889,53.40127]},"properties":{"k":"f"}},{"type":"Feature","geometry":{"type":"Point","coordinates":[-2.2413,53.48173]},"properties":{"k":"c"}},{"type":"Feature","geometry":{"type":"Point","coordinates":[-2.37083,53.49037]},"properties":{"k":"c"}},{"type":"Feature","geometry":{"type":"Point","coordinates":[-2.13691,53.48654]},"properties":{"k":"c"}},{"type":"Feature","geometry":{"type":"Point","coordinates":[-2.0599,53.49099]},"properties":{"k":"c"}},{"type":"Feature","geometry":{"type":"Point","coordinates":[-2.34657,53.37763]},"properties":{"k":"c"}},{"type":"Feature","geometry":{"type":"Point","coordinates":[-2.31504,53.47013]},"properties":{"k":"c"}},{"type":"Feature","geometry":{"type":"Point","coordinates":[-2.2095,53.55463]},"properties":{"k":"c"}},{"type":"Feature","geometry":{"type":"Point","coordinates":[-2.35085,53.38747]},"properties":{"k":"c"}},{"type":"Feature","geometry":{"type":"Point","coordinates":[-2.42847,53.43765]},"properties":{"k":"c"}},{"type":"Feature","geometry":{"type":"Point","coordinates":[-2.56543,53.58172]},"properties":{"k":"c"}},{"type":"Feature","geometry":{"type":"Point","coordinates":[-2.2466,53.48277]},"properties":{"k":"c"}},{"type":"Feature","geometry":{"type":"Point","coordinates":[-2.54487,53.49761]},"properties":{"k":"c"}},{"type":"Feature","geometry":{"type":"Point","coordinates":[-2.20489,53.56476]},"properties":{"k":"c"}},{"type":"Feature","geometry":{"type":"Point","coordinates":[-2.28929,53.51664]},"properties":{"k":"c"}},{"type":"Feature","geometry":{"type":"Point","coordinates":[-2.19491,53.44401]},"properties":{"k":"c"}},{"type":"Feature","geometry":{"type":"Point","coordinates":[-2.43301,53.60144]},"properties":{"k":"c"}},{"type":"Feature","geometry":{"type":"Point","coordinates":[-2.23142,53.48422]},"properties":{"k":"c"}},{"type":"Feature","geometry":{"type":"Point","coordinates":[-2.41912,53.61488]},"properties":{"k":"c"}},{"type":"Feature","geometry":{"type":"Point","coordinates":[-2.11667,53.45]},"properties":{"k":"c"}},{"type":"Feature","geometry":{"type":"Point","coordinates":[-2.19253,53.51473]},"properties":{"k":"c"}},{"type":"Feature","geometry":{"type":"Point","coordinates":[-2.29413,53.59459]},"properties":{"k":"c"}},{"type":"Feature","geometry":{"type":"Point","coordinates":[-2.23939,53.48894]},"properties":{"k":"c"}},{"type":"Feature","geometry":{"type":"Point","coordinates":[-2.14834,53.39441]},"properties":{"k":"c"}},{"type":"Feature","geometry":{"type":"Point","coordinates":[-2.40144,53.55531]},"properties":{"k":"c"}},{"type":"Feature","geometry":{"type":"Point","coordinates":[-2.24007,53.48316]},"properties":{"k":"c"}},{"type":"Feature","geometry":{"type":"Point","coordinates":[-2.23114,53.5196]},"properties":{"k":"c"}},{"type":"Feature","geometry":{"type":"Point","coordinates":[-2.23175,53.46484]},"properties":{"k":"c"}},{"type":"Feature","geometry":{"type":"Point","coordinates":[-2.07821,53.45114]},"properties":{"k":"f"}},{"type":"Feature","geometry":{"type":"Point","coordinates":[-2.12345,53.54965]},"properties":{"k":"f"}},{"type":"Feature","geometry":{"type":"Point","coordinates":[-2.29755,53.59229]},"properties":{"k":"f"}},{"type":"Feature","geometry":{"type":"Point","coordinates":[-2.30666,53.57909]},"properties":{"k":"c"}},{"type":"Feature","geometry":{"type":"Point","coordinates":[-2.09357,53.57785]},"properties":{"k":"c"}},{"type":"Feature","geometry":{"type":"Point","coordinates":[-2.40137,53.61619]},"properties":{"k":"c"}},{"type":"Feature","geometry":{"type":"Point","coordinates":[-2.23892,53.47832]},"properties":{"k":"f"}},{"type":"Feature","geometry":{"type":"Point","coordinates":[-2.31013,53.46581]},"properties":{"k":"c"}},{"type":"Feature","geometry":{"type":"Point","coordinates":[-2.41134,53.61404]},"properties":{"k":"c"}},{"type":"Feature","geometry":{"type":"Point","coordinates":[-2.15741,53.6176]},"properties":{"k":"c"}},{"type":"Feature","geometry":{"type":"Point","coordinates":[-2.24592,53.48351]},"properties":{"k":"c"}},{"type":"Feature","geometry":{"type":"Point","coordinates":[-2.18088,53.44572]},"properties":{"k":"c"}},{"type":"Feature","geometry":{"type":"Point","coordinates":[-2.1084,53.5422]},"properties":{"k":"c"}},{"type":"Feature","geometry":{"type":"Point","coordinates":[-2.27451,53.53054]},"properties":{"k":"c"}},{"type":"Feature","geometry":{"type":"Point","coordinates":[-2.2502,53.47727]},"properties":{"k":"c"}},{"type":"Feature","geometry":{"type":"Point","coordinates":[-2.42099,53.41898]},"properties":{"k":"c"}},{"type":"Feature","geometry":{"type":"Point","coordinates":[-2.14527,53.59849]},"properties":{"k":"c"}},{"type":"Feature","geometry":{"type":"Point","coordinates":[-2.32771,53.51263]},"properties":{"k":"c"}},{"type":"Feature","geometry":{"type":"Point","coordinates":[-2.15137,53.62085]},"properties":{"k":"c"}},{"type":"Feature","geometry":{"type":"Point","coordinates":[-2.27082,53.43271]},"properties":{"k":"c"}},{"type":"Feature","geometry":{"type":"Point","coordinates":[-2.38769,53.46995]},"properties":{"k":"c"}},{"type":"Feature","geometry":{"type":"Point","coordinates":[-2.26585,53.51953]},"properties":{"k":"c"}},{"type":"Feature","geometry":{"type":"Point","coordinates":[-2.23095,53.47761]},"properties":{"k":"c"}},{"type":"Feature","geometry":{"type":"Point","coordinates":[-2.14727,53.5251]},"properties":{"k":"c"}},{"type":"Feature","geometry":{"type":"Point","coordinates":[-2.1917,53.44527]},"properties":{"k":"f"}},{"type":"Feature","geometry":{"type":"Point","coordinates":[-2.33367,53.39987]},"properties":{"k":"c"}},{"type":"Feature","geometry":{"type":"Point","coordinates":[-2.22876,53.46218]},"properties":{"k":"c"}},{"type":"Feature","geometry":{"type":"Point","coordinates":[-2.2359,53.48448]},"properties":{"k":"c"}},{"type":"Feature","geometry":{"type":"Point","coordinates":[-2.20005,53.44472]},"properties":{"k":"f"}},{"type":"Feature","geometry":{"type":"Point","coordinates":[-2.14332,53.4546]},"properties":{"k":"c"}},{"type":"Feature","geometry":{"type":"Point","coordinates":[-2.21149,53.58947]},"properties":{"k":"c"}},{"type":"Feature","geometry":{"type":"Point","coordinates":[-2.07121,53.4703]},"properties":{"k":"c"}},{"type":"Feature","geometry":{"type":"Point","coordinates":[-2.12692,53.41656]},"properties":{"k":"c"}},{"type":"Feature","geometry":{"type":"Point","coordinates":[-2.17212,53.39333]},"properties":{"k":"c"}},{"type":"Feature","geometry":{"type":"Point","coordinates":[-2.1694,53.51673]},"properties":{"k":"f"}},{"type":"Feature","geometry":{"type":"Point","coordinates":[-2.2927,53.44732]},"properties":{"k":"c"}},{"type":"Feature","geometry":{"type":"Point","coordinates":[-2.09221,53.5006]},"properties":{"k":"c"}},{"type":"Feature","geometry":{"type":"Point","coordinates":[-2.29423,53.59083]},"properties":{"k":"c"}},{"type":"Feature","geometry":{"type":"Point","coordinates":[-2.22732,53.48683]},"properties":{"k":"c"}},{"type":"Feature","geometry":{"type":"Point","coordinates":[-2.70954,53.5221]},"properties":{"k":"c"}},{"type":"Feature","geometry":{"type":"Point","coordinates":[-2.57704,53.53619]},"properties":{"k":"f"}},{"type":"Feature","geometry":{"type":"Point","coordinates":[-2.55363,53.60223]},"properties":{"k":"c"}},{"type":"Feature","geometry":{"type":"Point","coordinates":[-2.16716,53.53348]},"properties":{"k":"c"}},{"type":"Feature","geometry":{"type":"Point","coordinates":[-2.6327,53.54928]},"properties":{"k":"c"}},{"type":"Feature","geometry":{"type":"Point","coordinates":[-2.2404,53.47023]},"properties":{"k":"c"}},{"type":"Feature","geometry":{"type":"Point","coordinates":[-2.08883,53.48987]},"properties":{"k":"f"}},{"type":"Feature","geometry":{"type":"Point","coordinates":[-2.15173,53.61392]},"properties":{"k":"c"}},{"type":"Feature","geometry":{"type":"Point","coordinates":[-2.19534,53.51377]},"properties":{"k":"c"}},{"type":"Feature","geometry":{"type":"Point","coordinates":[-2.51619,53.49581]},"properties":{"k":"c"}},{"type":"Feature","geometry":{"type":"Point","coordinates":[-2.27343,53.36316]},"properties":{"k":"c"}},{"type":"Feature","geometry":{"type":"Point","coordinates":[-2.25141,53.48342]},"properties":{"k":"c"}},{"type":"Feature","geometry":{"type":"Point","coordinates":[-2.29495,53.48598]},"properties":{"k":"c"}},{"type":"Feature","geometry":{"type":"Point","coordinates":[-2.64437,53.48573]},"properties":{"k":"c"}},{"type":"Feature","geometry":{"type":"Point","coordinates":[-2.31011,53.46614]},"properties":{"k":"c"}},{"type":"Feature","geometry":{"type":"Point","coordinates":[-2.15404,53.36634]},"properties":{"k":"c"}},{"type":"Feature","geometry":{"type":"Point","coordinates":[-2.23536,53.48535]},"properties":{"k":"c"}},{"type":"Feature","geometry":{"type":"Point","coordinates":[-2.27524,53.44257]},"properties":{"k":"f"}},{"type":"Feature","geometry":{"type":"Point","coordinates":[-2.3567,53.50346]},"properties":{"k":"c"}},{"type":"Feature","geometry":{"type":"Point","coordinates":[-2.33684,53.40339]},"properties":{"k":"c"}},{"type":"Feature","geometry":{"type":"Point","coordinates":[-2.09247,53.63409]},"properties":{"k":"c"}},{"type":"Feature","geometry":{"type":"Point","coordinates":[-2.2556,53.48792]},"properties":{"k":"c"}},{"type":"Feature","geometry":{"type":"Point","coordinates":[-2.14325,53.45428]},"properties":{"k":"c"}},{"type":"Feature","geometry":{"type":"Point","coordinates":[-2.41416,53.56518]},"properties":{"k":"c"}},{"type":"Feature","geometry":{"type":"Point","coordinates":[-2.08771,53.41374]},"properties":{"k":"c"}},{"type":"Feature","geometry":{"type":"Point","coordinates":[-2.22992,53.403]},"properties":{"k":"c"}},{"type":"Feature","geometry":{"type":"Point","coordinates":[-2.32371,53.42476]},"properties":{"k":"c"}},{"type":"Feature","geometry":{"type":"Point","coordinates":[-2.34922,53.38677]},"properties":{"k":"c"}},{"type":"Feature","geometry":{"type":"Point","coordinates":[-2.24153,53.58802]},"properties":{"k":"c"}},{"type":"Feature","geometry":{"type":"Point","coordinates":[-2.15638,53.61899]},"properties":{"k":"f"}},{"type":"Feature","geometry":{"type":"Point","coordinates":[-2.23021,53.46275]},"properties":{"k":"f"}},{"type":"Feature","geometry":{"type":"Point","coordinates":[-2.34049,53.60148]},"properties":{"k":"c"}},{"type":"Feature","geometry":{"type":"Point","coordinates":[-2.16971,53.50585]},"properties":{"k":"c"}},{"type":"Feature","geometry":{"type":"Point","coordinates":[-2.53575,53.5848]},"properties":{"k":"c"}},{"type":"Feature","geometry":{"type":"Point","coordinates":[-2.27687,53.59772]},"properties":{"k":"c"}},{"type":"Feature","geometry":{"type":"Point","coordinates":[-2.28116,53.43875]},"properties":{"k":"c"}},{"type":"Feature","geometry":{"type":"Point","coordinates":[-2.33598,53.6101]},"properties":{"k":"c"}},{"type":"Feature","geometry":{"type":"Point","coordinates":[-2.21464,53.37585]},"properties":{"k":"c"}},{"type":"Feature","geometry":{"type":"Point","coordinates":[-2.33676,53.61293]},"properties":{"k":"c"}},{"type":"Feature","geometry":{"type":"Point","coordinates":[-2.35181,53.38363]},"properties":{"k":"c"}},{"type":"Feature","geometry":{"type":"Point","coordinates":[-2.3063,53.44698]},"properties":{"k":"c"}},{"type":"Feature","geometry":{"type":"Point","coordinates":[-2.28003,53.36692]},"properties":{"k":"c"}},{"type":"Feature","geometry":{"type":"Point","coordinates":[-2.24416,53.46841]},"properties":{"k":"c"}},{"type":"Feature","geometry":{"type":"Point","coordinates":[-2.3468,53.379]},"properties":{"k":"c"}},{"type":"Feature","geometry":{"type":"Point","coordinates":[-2.02897,53.52812]},"properties":{"k":"f"}},{"type":"Feature","geometry":{"type":"Point","coordinates":[-2.25698,53.48118]},"properties":{"k":"c"}},{"type":"Feature","geometry":{"type":"Point","coordinates":[-2.21888,53.44187]},"properties":{"k":"c"}},{"type":"Feature","geometry":{"type":"Point","coordinates":[-2.23684,53.496]},"properties":{"k":"c"}},{"type":"Feature","geometry":{"type":"Point","coordinates":[-2.40099,53.60929]},"properties":{"k":"c"}},{"type":"Feature","geometry":{"type":"Point","coordinates":[-2.37804,53.49754]},"properties":{"k":"c"}},{"type":"Feature","geometry":{"type":"Point","coordinates":[-2.21728,53.39264]},"properties":{"k":"f"}},{"type":"Feature","geometry":{"type":"Point","coordinates":[-2.20968,53.4276]},"properties":{"k":"c"}},{"type":"Feature","geometry":{"type":"Point","coordinates":[-2.12475,53.54766]},"properties":{"k":"c"}},{"type":"Feature","geometry":{"type":"Point","coordinates":[-2.15816,53.45449]},"properties":{"k":"c"}},{"type":"Feature","geometry":{"type":"Point","coordinates":[-2.4679,53.51666]},"properties":{"k":"c"}},{"type":"Feature","geometry":{"type":"Point","coordinates":[-2.43952,53.56739]},"properties":{"k":"c"}},{"type":"Feature","geometry":{"type":"Point","coordinates":[-2.25032,53.47737]},"properties":{"k":"c"}},{"type":"Feature","geometry":{"type":"Point","coordinates":[-2.1139,53.54317]},"properties":{"k":"c"}},{"type":"Feature","geometry":{"type":"Point","coordinates":[-2.24529,53.51263]},"properties":{"k":"f"}},{"type":"Feature","geometry":{"type":"Point","coordinates":[-2.15058,53.39639]},"properties":{"k":"c"}},{"type":"Feature","geometry":{"type":"Point","coordinates":[-2.11219,53.47702]},"properties":{"k":"c"}},{"type":"Feature","geometry":{"type":"Point","coordinates":[-2.17232,53.46251]},"properties":{"k":"c"}},{"type":"Feature","geometry":{"type":"Point","coordinates":[-2.22836,53.43364]},"properties":{"k":"c"}},{"type":"Feature","geometry":{"type":"Point","coordinates":[-2.19313,53.5373]},"properties":{"k":"c"}},{"type":"Feature","geometry":{"type":"Point","coordinates":[-2.16216,53.41112]},"properties":{"k":"c"}},{"type":"Feature","geometry":{"type":"Point","coordinates":[-2.23693,53.48097]},"properties":{"k":"c"}},{"type":"Feature","geometry":{"type":"Point","coordinates":[-2.09382,53.6019]},"properties":{"k":"c"}},{"type":"Feature","geometry":{"type":"Point","coordinates":[-2.0685,53.39544]},"properties":{"k":"c"}},{"type":"Feature","geometry":{"type":"Point","coordinates":[-2.3256,53.4684]},"properties":{"k":"c"}},{"type":"Feature","geometry":{"type":"Point","coordinates":[-2.24496,53.45591]},"properties":{"k":"c"}},{"type":"Feature","geometry":{"type":"Point","coordinates":[-2.19951,53.54829]},"properties":{"k":"c"}},{"type":"Feature","geometry":{"type":"Point","coordinates":[-2.17269,53.59409]},"properties":{"k":"c"}},{"type":"Feature","geometry":{"type":"Point","coordinates":[-2.3514,53.38766]},"properties":{"k":"c"}},{"type":"Feature","geometry":{"type":"Point","coordinates":[-2.35046,53.38536]},"properties":{"k":"c"}},{"type":"Feature","geometry":{"type":"Point","coordinates":[-2.10768,53.54116]},"properties":{"k":"f"}},{"type":"Feature","geometry":{"type":"Point","coordinates":[-2.18988,53.44214]},"properties":{"k":"f"}},{"type":"Feature","geometry":{"type":"Point","coordinates":[-2.30003,53.47272]},"properties":{"k":"c"}},{"type":"Feature","geometry":{"type":"Point","coordinates":[-2.25707,53.40835]},"properties":{"k":"c"}},{"type":"Feature","geometry":{"type":"Point","coordinates":[-2.13598,53.38544]},"properties":{"k":"c"}},{"type":"Feature","geometry":{"type":"Point","coordinates":[-2.22138,53.46818]},"properties":{"k":"f"}},{"type":"Feature","geometry":{"type":"Point","coordinates":[-2.47428,53.59036]},"properties":{"k":"c"}},{"type":"Feature","geometry":{"type":"Point","coordinates":[-2.15034,53.62122]},"properties":{"k":"c"}},{"type":"Feature","geometry":{"type":"Point","coordinates":[-2.23791,53.48875]},"properties":{"k":"c"}},{"type":"Feature","geometry":{"type":"Point","coordinates":[-2.24709,53.48168]},"properties":{"k":"c"}},{"type":"Feature","geometry":{"type":"Point","coordinates":[-2.6553,53.59387]},"properties":{"k":"c"}},{"type":"Feature","geometry":{"type":"Point","coordinates":[-2.22856,53.43347]},"properties":{"k":"c"}},{"type":"Feature","geometry":{"type":"Point","coordinates":[-2.23492,53.48291]},"properties":{"k":"c"}},{"type":"Feature","geometry":{"type":"Point","coordinates":[-2.14006,53.61587]},"properties":{"k":"c"}},{"type":"Feature","geometry":{"type":"Point","coordinates":[-2.65364,53.59215]},"properties":{"k":"c"}},{"type":"Feature","geometry":{"type":"Point","coordinates":[-2.2165,53.4213]},"properties":{"k":"f"}},{"type":"Feature","geometry":{"type":"Point","coordinates":[-2.1725,53.46231]},"properties":{"k":"c"}},{"type":"Feature","geometry":{"type":"Point","coordinates":[-2.36582,53.44355]},"properties":{"k":"c"}},{"type":"Feature","geometry":{"type":"Point","coordinates":[-2.1555,53.61642]},"properties":{"k":"c"}},{"type":"Feature","geometry":{"type":"Point","coordinates":[-2.51796,53.50398]},"properties":{"k":"c"}},{"type":"Feature","geometry":{"type":"Point","coordinates":[-2.39576,53.5503]},"properties":{"k":"c"}},{"type":"Feature","geometry":{"type":"Point","coordinates":[-2.19517,53.55099]},"properties":{"k":"f"}},{"type":"Feature","geometry":{"type":"Point","coordinates":[-2.34853,53.38712]},"properties":{"k":"c"}},{"type":"Feature","geometry":{"type":"Point","coordinates":[-2.0504,53.48079]},"properties":{"k":"c"}},{"type":"Feature","geometry":{"type":"Point","coordinates":[-2.13727,53.38893]},"properties":{"k":"c"}},{"type":"Feature","geometry":{"type":"Point","coordinates":[-2.23933,53.48344]},"properties":{"k":"c"}},{"type":"Feature","geometry":{"type":"Point","coordinates":[-2.27595,53.45973]},"properties":{"k":"c"}},{"type":"Feature","geometry":{"type":"Point","coordinates":[-2.10029,53.49345]},"properties":{"k":"c"}},{"type":"Feature","geometry":{"type":"Point","coordinates":[-2.40105,53.557]},"properties":{"k":"c"}},{"type":"Feature","geometry":{"type":"Point","coordinates":[-2.34606,53.37732]},"properties":{"k":"c"}},{"type":"Feature","geometry":{"type":"Point","coordinates":[-2.32294,53.56063]},"properties":{"k":"c"}},{"type":"Feature","geometry":{"type":"Point","coordinates":[-2.20029,53.43319]},"properties":{"k":"f"}},{"type":"Feature","geometry":{"type":"Point","coordinates":[-2.55727,53.49269]},"properties":{"k":"c"}},{"type":"Feature","geometry":{"type":"Point","coordinates":[-2.22748,53.42929]},"properties":{"k":"c"}},{"type":"Feature","geometry":{"type":"Point","coordinates":[-2.23087,53.48367]},"properties":{"k":"c"}},{"type":"Feature","geometry":{"type":"Point","coordinates":[-2.30896,53.59422]},"properties":{"k":"c"}},{"type":"Feature","geometry":{"type":"Point","coordinates":[-2.19383,53.5513]},"properties":{"k":"f"}},{"type":"Feature","geometry":{"type":"Point","coordinates":[-2.35315,53.38408]},"properties":{"k":"c"}},{"type":"Feature","geometry":{"type":"Point","coordinates":[-2.27552,53.59704]},"properties":{"k":"c"}},{"type":"Feature","geometry":{"type":"Point","coordinates":[-2.41374,53.58739]},"properties":{"k":"c"}},{"type":"Feature","geometry":{"type":"Point","coordinates":[-2.24113,53.48165]},"properties":{"k":"c"}},{"type":"Feature","geometry":{"type":"Point","coordinates":[-2.63126,53.54857]},"properties":{"k":"c"}},{"type":"Feature","geometry":{"type":"Point","coordinates":[-2.4124,53.5933]},"properties":{"k":"c"}},{"type":"Feature","geometry":{"type":"Point","coordinates":[-2.15651,53.61682]},"properties":{"k":"f"}},{"type":"Feature","geometry":{"type":"Point","coordinates":[-2.19804,53.54955]},"properties":{"k":"c"}},{"type":"Feature","geometry":{"type":"Point","coordinates":[-2.22462,53.59397]},"properties":{"k":"f"}},{"type":"Feature","geometry":{"type":"Point","coordinates":[-2.51447,53.49607]},"properties":{"k":"c"}},{"type":"Feature","geometry":{"type":"Point","coordinates":[-2.63755,53.48822]},"properties":{"k":"c"}},{"type":"Feature","geometry":{"type":"Point","coordinates":[-2.2359,53.46862]},"properties":{"k":"c"}},{"type":"Feature","geometry":{"type":"Point","coordinates":[-2.2766,53.41144]},"properties":{"k":"c"}},{"type":"Feature","geometry":{"type":"Point","coordinates":[-2.52889,53.49949]},"properties":{"k":"c"}},{"type":"Feature","geometry":{"type":"Point","coordinates":[-2.24185,53.47897]},"properties":{"k":"c"}},{"type":"Feature","geometry":{"type":"Point","coordinates":[-2.33185,53.51831]},"properties":{"k":"f"}},{"type":"Feature","geometry":{"type":"Point","coordinates":[-2.39672,53.51868]},"properties":{"k":"c"}},{"type":"Feature","geometry":{"type":"Point","coordinates":[-2.27453,53.43823]},"properties":{"k":"c"}},{"type":"Feature","geometry":{"type":"Point","coordinates":[-2.08169,53.46081]},"properties":{"k":"c"}},{"type":"Feature","geometry":{"type":"Point","coordinates":[-2.31193,53.44507]},"properties":{"k":"c"}},{"type":"Feature","geometry":{"type":"Point","coordinates":[-2.2556,53.40725]},"properties":{"k":"f"}},{"type":"Feature","geometry":{"type":"Point","coordinates":[-2.34193,53.4298]},"properties":{"k":"c"}},{"type":"Feature","geometry":{"type":"Point","coordinates":[-2.51822,53.59859]},"properties":{"k":"c"}},{"type":"Feature","geometry":{"type":"Point","coordinates":[-2.27164,53.44253]},"properties":{"k":"f"}},{"type":"Feature","geometry":{"type":"Point","coordinates":[-2.16763,53.48109]},"properties":{"k":"c"}},{"type":"Feature","geometry":{"type":"Point","coordinates":[-2.13995,53.38962]},"properties":{"k":"c"}},{"type":"Feature","geometry":{"type":"Point","coordinates":[-2.25234,53.39954]},"properties":{"k":"c"}},{"type":"Feature","geometry":{"type":"Point","coordinates":[-2.2769,53.44215]},"properties":{"k":"c"}},{"type":"Feature","geometry":{"type":"Point","coordinates":[-2.06116,53.48441]},"properties":{"k":"c"}},{"type":"Feature","geometry":{"type":"Point","coordinates":[-2.23084,53.41754]},"properties":{"k":"c"}},{"type":"Feature","geometry":{"type":"Point","coordinates":[-2.43134,53.58264]},"properties":{"k":"c"}},{"type":"Feature","geometry":{"type":"Point","coordinates":[-2.249,53.48099]},"properties":{"k":"c"}},{"type":"Feature","geometry":{"type":"Point","coordinates":[-2.24531,53.48271]},"properties":{"k":"c"}},{"type":"Feature","geometry":{"type":"Point","coordinates":[-2.0945,53.49295]},"properties":{"k":"c"}},{"type":"Feature","geometry":{"type":"Point","coordinates":[-2.23354,53.48408]},"properties":{"k":"c"}},{"type":"Feature","geometry":{"type":"Point","coordinates":[-2.09922,53.48825]},"properties":{"k":"c"}},{"type":"Feature","geometry":{"type":"Point","coordinates":[-2.24052,53.50758]},"properties":{"k":"f"}},{"type":"Feature","geometry":{"type":"Point","coordinates":[-2.13242,53.45485]},"properties":{"k":"c"}},{"type":"Feature","geometry":{"type":"Point","coordinates":[-2.16051,53.40403]},"properties":{"k":"c"}},{"type":"Feature","geometry":{"type":"Point","coordinates":[-2.39671,53.51888]},"properties":{"k":"c"}},{"type":"Feature","geometry":{"type":"Point","coordinates":[-2.24526,53.48238]},"properties":{"k":"c"}},{"type":"Feature","geometry":{"type":"Point","coordinates":[-2.21669,53.37002]},"properties":{"k":"c"}},{"type":"Feature","geometry":{"type":"Point","coordinates":[-2.22215,53.59371]},"properties":{"k":"f"}},{"type":"Feature","geometry":{"type":"Point","coordinates":[-2.6309,53.54693]},"properties":{"k":"c"}},{"type":"Feature","geometry":{"type":"Point","coordinates":[-2.29748,53.5924]},"properties":{"k":"c"}},{"type":"Feature","geometry":{"type":"Point","coordinates":[-2.16287,53.47284]},"properties":{"k":"f"}},{"type":"Feature","geometry":{"type":"Point","coordinates":[-2.32103,53.60239]},"properties":{"k":"c"}},{"type":"Feature","geometry":{"type":"Point","coordinates":[-2.33474,53.6332]},"properties":{"k":"c"}},{"type":"Feature","geometry":{"type":"Point","coordinates":[-2.19135,53.44632]},"properties":{"k":"f"}},{"type":"Feature","geometry":{"type":"Point","coordinates":[-2.42887,53.58113]},"properties":{"k":"c"}},{"type":"Feature","geometry":{"type":"Point","coordinates":[-2.30396,53.4196]},"properties":{"k":"f"}},{"type":"Feature","geometry":{"type":"Point","coordinates":[-2.1678,53.6132]},"properties":{"k":"c"}},{"type":"Feature","geometry":{"type":"Point","coordinates":[-2.07655,53.45185]},"properties":{"k":"c"}},{"type":"Feature","geometry":{"type":"Point","coordinates":[-2.15862,53.45501]},"properties":{"k":"c"}},{"type":"Feature","geometry":{"type":"Point","coordinates":[-2.09289,53.57845]},"properties":{"k":"c"}},{"type":"Feature","geometry":{"type":"Point","coordinates":[-2.24551,53.48743]},"properties":{"k":"c"}},{"type":"Feature","geometry":{"type":"Point","coordinates":[-2.24976,53.47797]},"properties":{"k":"c"}},{"type":"Feature","geometry":{"type":"Point","coordinates":[-2.49109,53.52361]},"properties":{"k":"c"}},{"type":"Feature","geometry":{"type":"Point","coordinates":[-2.35403,53.44983]},"properties":{"k":"c"}},{"type":"Feature","geometry":{"type":"Point","coordinates":[-2.52743,53.51192]},"properties":{"k":"c"}},{"type":"Feature","geometry":{"type":"Point","coordinates":[-2.2339,53.44345]},"properties":{"k":"c"}},{"type":"Feature","geometry":{"type":"Point","coordinates":[-2.17024,53.52355]},"properties":{"k":"c"}},{"type":"Feature","geometry":{"type":"Point","coordinates":[-2.63147,53.54517]},"properties":{"k":"c"}},{"type":"Feature","geometry":{"type":"Point","coordinates":[-2.15972,53.42544]},"properties":{"k":"c"}},{"type":"Feature","geometry":{"type":"Point","coordinates":[-2.24903,53.46753]},"properties":{"k":"c"}},{"type":"Feature","geometry":{"type":"Point","coordinates":[-2.29687,53.59983]},"properties":{"k":"f"}},{"type":"Feature","geometry":{"type":"Point","coordinates":[-2.6281,53.55508]},"properties":{"k":"c"}},{"type":"Feature","geometry":{"type":"Point","coordinates":[-2.65501,53.52038]},"properties":{"k":"c"}},{"type":"Feature","geometry":{"type":"Point","coordinates":[-2.2766,53.46908]},"properties":{"k":"c"}},{"type":"Feature","geometry":{"type":"Point","coordinates":[-2.4698,53.52221]},"properties":{"k":"c"}},{"type":"Feature","geometry":{"type":"Point","coordinates":[-2.14709,53.52491]},"properties":{"k":"c"}},{"type":"Feature","geometry":{"type":"Point","coordinates":[-2.44279,53.56741]},"properties":{"k":"f"}},{"type":"Feature","geometry":{"type":"Point","coordinates":[-2.11055,53.53643]},"properties":{"k":"c"}},{"type":"Feature","geometry":{"type":"Point","coordinates":[-2.21805,53.4021]},"properties":{"k":"c"}},{"type":"Feature","geometry":{"type":"Point","coordinates":[-2.28326,53.40403]},"properties":{"k":"c"}},{"type":"Feature","geometry":{"type":"Point","coordinates":[-2.42944,53.57269]},"properties":{"k":"c"}},{"type":"Feature","geometry":{"type":"Point","coordinates":[-2.07691,53.44851]},"properties":{"k":"f"}},{"type":"Feature","geometry":{"type":"Point","coordinates":[-2.1667,53.48116]},"properties":{"k":"c"}},{"type":"Feature","geometry":{"type":"Point","coordinates":[-2.49544,53.52364]},"properties":{"k":"c"}},{"type":"Feature","geometry":{"type":"Point","coordinates":[-2.25757,53.45202]},"properties":{"k":"c"}},{"type":"Feature","geometry":{"type":"Point","coordinates":[-2.16692,53.5203]},"properties":{"k":"c"}},{"type":"Feature","geometry":{"type":"Point","coordinates":[-2.41102,53.61402]},"properties":{"k":"c"}},{"type":"Feature","geometry":{"type":"Point","coordinates":[-2.42396,53.59718]},"properties":{"k":"c"}},{"type":"Feature","geometry":{"type":"Point","coordinates":[-2.16362,53.60267]},"properties":{"k":"c"}},{"type":"Feature","geometry":{"type":"Point","coordinates":[-2.22634,53.59384]},"properties":{"k":"c"}},{"type":"Feature","geometry":{"type":"Point","coordinates":[-2.67063,53.53572]},"properties":{"k":"c"}},{"type":"Feature","geometry":{"type":"Point","coordinates":[-2.41813,53.59301]},"properties":{"k":"c"}},{"type":"Feature","geometry":{"type":"Point","coordinates":[-2.15559,53.41102]},"properties":{"k":"c"}},{"type":"Feature","geometry":{"type":"Point","coordinates":[-2.15813,53.61803]},"properties":{"k":"c"}},{"type":"Feature","geometry":{"type":"Point","coordinates":[-2.2157,53.40886]},"properties":{"k":"f"}},{"type":"Feature","geometry":{"type":"Point","coordinates":[-2.08649,53.41407]},"properties":{"k":"c"}},{"type":"Feature","geometry":{"type":"Point","coordinates":[-2.30048,53.58629]},"properties":{"k":"c"}},{"type":"Feature","geometry":{"type":"Point","coordinates":[-2.1685,53.40148]},"properties":{"k":"c"}},{"type":"Feature","geometry":{"type":"Point","coordinates":[-2.12508,53.54854]},"properties":{"k":"c"}},{"type":"Feature","geometry":{"type":"Point","coordinates":[-2.28213,53.5747]},"properties":{"k":"c"}},{"type":"Feature","geometry":{"type":"Point","coordinates":[-2.07898,53.45052]},"properties":{"k":"c"}},{"type":"Feature","geometry":{"type":"Point","coordinates":[-2.3347,53.48518]},"properties":{"k":"c"}},{"type":"Feature","geometry":{"type":"Point","coordinates":[-2.24341,53.48284]},"properties":{"k":"c"}},{"type":"Feature","geometry":{"type":"Point","coordinates":[-2.42656,53.57819]},"properties":{"k":"f"}},{"type":"Feature","geometry":{"type":"Point","coordinates":[-2.57795,53.53559]},"properties":{"k":"c"}},{"type":"Feature","geometry":{"type":"Point","coordinates":[-2.24183,53.47536]},"properties":{"k":"c"}},{"type":"Feature","geometry":{"type":"Point","coordinates":[-2.33023,53.42113]},"properties":{"k":"f"}},{"type":"Feature","geometry":{"type":"Point","coordinates":[-2.24152,53.48476]},"properties":{"k":"c"}},{"type":"Feature","geometry":{"type":"Point","coordinates":[-2.05929,53.48384]},"properties":{"k":"f"}},{"type":"Feature","geometry":{"type":"Point","coordinates":[-2.42601,53.57722]},"properties":{"k":"f"}},{"type":"Feature","geometry":{"type":"Point","coordinates":[-2.31988,53.55561]},"properties":{"k":"f"}},{"type":"Feature","geometry":{"type":"Point","coordinates":[-2.28373,53.47289]},"properties":{"k":"c"}},{"type":"Feature","geometry":{"type":"Point","coordinates":[-2.18753,53.43981]},"properties":{"k":"f"}},{"type":"Feature","geometry":{"type":"Point","coordinates":[-2.179,53.63185]},"properties":{"k":"c"}},{"type":"Feature","geometry":{"type":"Point","coordinates":[-2.23983,53.47772]},"properties":{"k":"f"}},{"type":"Feature","geometry":{"type":"Point","coordinates":[-2.27952,53.44258]},"properties":{"k":"c"}},{"type":"Feature","geometry":{"type":"Point","coordinates":[-2.44577,53.58404]},"properties":{"k":"c"}},{"type":"Feature","geometry":{"type":"Point","coordinates":[-2.30112,53.45269]},"properties":{"k":"c"}},{"type":"Feature","geometry":{"type":"Point","coordinates":[-2.24829,53.48042]},"properties":{"k":"f"}},{"type":"Feature","geometry":{"type":"Point","coordinates":[-2.26475,53.4699]},"properties":{"k":"c"}},{"type":"Feature","geometry":{"type":"Point","coordinates":[-2.07658,53.45141]},"properties":{"k":"f"}},{"type":"Feature","geometry":{"type":"Point","coordinates":[-2.09361,53.47942]},"properties":{"k":"c"}},{"type":"Feature","geometry":{"type":"Point","coordinates":[-2.21064,53.45404]},"properties":{"k":"f"}},{"type":"Feature","geometry":{"type":"Point","coordinates":[-2.26769,53.4959]},"properties":{"k":"f"}},{"type":"Feature","geometry":{"type":"Point","coordinates":[-2.23013,53.47657]},"properties":{"k":"c"}},{"type":"Feature","geometry":{"type":"Point","coordinates":[-2.28338,53.47022]},"properties":{"k":"c"}},{"type":"Feature","geometry":{"type":"Point","coordinates":[-2.19658,53.55079]},"properties":{"k":"c"}},{"type":"Feature","geometry":{"type":"Point","coordinates":[-2.63865,53.48782]},"properties":{"k":"c"}},{"type":"Feature","geometry":{"type":"Point","coordinates":[-2.09642,53.6443]},"properties":{"k":"c"}},{"type":"Feature","geometry":{"type":"Point","coordinates":[-2.12376,53.3815]},"properties":{"k":"c"}},{"type":"Feature","geometry":{"type":"Point","coordinates":[-2.21691,53.39268]},"properties":{"k":"c"}},{"type":"Feature","geometry":{"type":"Point","coordinates":[-2.11049,53.6098]},"properties":{"k":"c"}},{"type":"Feature","geometry":{"type":"Point","coordinates":[-2.0576,53.46458]},"properties":{"k":"c"}},{"type":"Feature","geometry":{"type":"Point","coordinates":[-2.39885,53.5235]},"properties":{"k":"c"}},{"type":"Feature","geometry":{"type":"Point","coordinates":[-2.07118,53.45216]},"properties":{"k":"c"}},{"type":"Feature","geometry":{"type":"Point","coordinates":[-2.08799,53.58728]},"properties":{"k":"c"}},{"type":"Feature","geometry":{"type":"Point","coordinates":[-2.3717,53.39312]},"properties":{"k":"c"}},{"type":"Feature","geometry":{"type":"Point","coordinates":[-2.23695,53.48154]},"properties":{"k":"c"}},{"type":"Feature","geometry":{"type":"Point","coordinates":[-2.43284,53.59872]},"properties":{"k":"c"}},{"type":"Feature","geometry":{"type":"Point","coordinates":[-2.29993,53.4739]},"properties":{"k":"c"}},{"type":"Feature","geometry":{"type":"Point","coordinates":[-2.21956,53.44052]},"properties":{"k":"f"}},{"type":"Feature","geometry":{"type":"Point","coordinates":[-2.15614,53.61248]},"properties":{"k":"c"}},{"type":"Feature","geometry":{"type":"Point","coordinates":[-2.2796,53.3771]},"properties":{"k":"f"}},{"type":"Feature","geometry":{"type":"Point","coordinates":[-2.51842,53.49733]},"properties":{"k":"c"}},{"type":"Feature","geometry":{"type":"Point","coordinates":[-2.29438,53.39243]},"properties":{"k":"c"}},{"type":"Feature","geometry":{"type":"Point","coordinates":[-2.25322,53.48061]},"properties":{"k":"c"}},{"type":"Feature","geometry":{"type":"Point","coordinates":[-2.16245,53.4058]},"properties":{"k":"c"}},{"type":"Feature","geometry":{"type":"Point","coordinates":[-2.66473,53.55154]},"properties":{"k":"c"}},{"type":"Feature","geometry":{"type":"Point","coordinates":[-2.22867,53.42733]},"properties":{"k":"c"}},{"type":"Feature","geometry":{"type":"Point","coordinates":[-2.09901,53.6471]},"properties":{"k":"c"}},{"type":"Feature","geometry":{"type":"Point","coordinates":[-2.24856,53.49306]},"properties":{"k":"c"}},{"type":"Feature","geometry":{"type":"Point","coordinates":[-2.10689,53.4818]},"properties":{"k":"c"}},{"type":"Feature","geometry":{"type":"Point","coordinates":[-2.24641,53.47373]},"properties":{"k":"c"}},{"type":"Feature","geometry":{"type":"Point","coordinates":[-2.43909,53.58882]},"properties":{"k":"c"}},{"type":"Feature","geometry":{"type":"Point","coordinates":[-2.46316,53.56759]},"properties":{"k":"f"}},{"type":"Feature","geometry":{"type":"Point","coordinates":[-2.42095,53.5714]},"properties":{"k":"c"}},{"type":"Feature","geometry":{"type":"Point","coordinates":[-2.25107,53.50644]},"properties":{"k":"c"}},{"type":"Feature","geometry":{"type":"Point","coordinates":[-2.17108,53.41844]},"properties":{"k":"f"}},{"type":"Feature","geometry":{"type":"Point","coordinates":[-2.23427,53.48116]},"properties":{"k":"c"}},{"type":"Feature","geometry":{"type":"Point","coordinates":[-2.2515,53.49487]},"properties":{"k":"c"}},{"type":"Feature","geometry":{"type":"Point","coordinates":[-2.21687,53.39404]},"properties":{"k":"c"}},{"type":"Feature","geometry":{"type":"Point","coordinates":[-2.18106,53.45775]},"properties":{"k":"c"}},{"type":"Feature","geometry":{"type":"Point","coordinates":[-2.43774,53.58991]},"properties":{"k":"c"}},{"type":"Feature","geometry":{"type":"Point","coordinates":[-2.1089,53.54236]},"properties":{"k":"c"}},{"type":"Feature","geometry":{"type":"Point","coordinates":[-2.54372,53.59351]},"properties":{"k":"f"}},{"type":"Feature","geometry":{"type":"Point","coordinates":[-2.24074,53.48422]},"properties":{"k":"c"}},{"type":"Feature","geometry":{"type":"Point","coordinates":[-2.26433,53.48244]},"properties":{"k":"c"}},{"type":"Feature","geometry":{"type":"Point","coordinates":[-2.11704,53.53978]},"properties":{"k":"c"}},{"type":"Feature","geometry":{"type":"Point","coordinates":[-2.17976,53.54124]},"properties":{"k":"c"}},{"type":"Feature","geometry":{"type":"Point","coordinates":[-2.23607,53.48302]},"properties":{"k":"c"}},{"type":"Feature","geometry":{"type":"Point","coordinates":[-2.33196,53.51829]},"properties":{"k":"f"}},{"type":"Feature","geometry":{"type":"Point","coordinates":[-2.65343,53.5394]},"properties":{"k":"f"}},{"type":"Feature","geometry":{"type":"Point","coordinates":[-2.47065,53.54533]},"properties":{"k":"c"}},{"type":"Feature","geometry":{"type":"Point","coordinates":[-2.1136,53.47602]},"properties":{"k":"f"}},{"type":"Feature","geometry":{"type":"Point","coordinates":[-2.27202,53.51837]},"properties":{"k":"c"}},{"type":"Feature","geometry":{"type":"Point","coordinates":[-2.29467,53.45457]},"properties":{"k":"c"}},{"type":"Feature","geometry":{"type":"Point","coordinates":[-2.2838,53.59304]},"properties":{"k":"f"}},{"type":"Feature","geometry":{"type":"Point","coordinates":[-2.32091,53.38863]},"properties":{"k":"c"}},{"type":"Feature","geometry":{"type":"Point","coordinates":[-2.09603,53.48949]},"properties":{"k":"c"}},{"type":"Feature","geometry":{"type":"Point","coordinates":[-2.10856,53.54236]},"properties":{"k":"c"}},{"type":"Feature","geometry":{"type":"Point","coordinates":[-2.16694,53.40405]},"properties":{"k":"c"}},{"type":"Feature","geometry":{"type":"Point","coordinates":[-2.71095,53.53281]},"properties":{"k":"c"}},{"type":"Feature","geometry":{"type":"Point","coordinates":[-2.63759,53.48673]},"properties":{"k":"c"}},{"type":"Feature","geometry":{"type":"Point","coordinates":[-2.15631,53.41139]},"properties":{"k":"c"}},{"type":"Feature","geometry":{"type":"Point","coordinates":[-2.18255,53.52201]},"properties":{"k":"c"}},{"type":"Feature","geometry":{"type":"Point","coordinates":[-2.18708,53.48337]},"properties":{"k":"f"}},{"type":"Feature","geometry":{"type":"Point","coordinates":[-2.16526,53.39359]},"properties":{"k":"c"}},{"type":"Feature","geometry":{"type":"Point","coordinates":[-2.37107,53.56192]},"properties":{"k":"c"}},{"type":"Feature","geometry":{"type":"Point","coordinates":[-2.42334,53.57281]},"properties":{"k":"c"}},{"type":"Feature","geometry":{"type":"Point","coordinates":[-2.33013,53.42092]},"properties":{"k":"f"}},{"type":"Feature","geometry":{"type":"Point","coordinates":[-2.08765,53.54488]},"properties":{"k":"c"}},{"type":"Feature","geometry":{"type":"Point","coordinates":[-2.26561,53.42346]},"properties":{"k":"c"}},{"type":"Feature","geometry":{"type":"Point","coordinates":[-2.15681,53.51317]},"properties":{"k":"c"}},{"type":"Feature","geometry":{"type":"Point","coordinates":[-2.15626,53.61759]},"properties":{"k":"c"}},{"type":"Feature","geometry":{"type":"Point","coordinates":[-2.23309,53.48365]},"properties":{"k":"c"}},{"type":"Feature","geometry":{"type":"Point","coordinates":[-2.63081,53.54495]},"properties":{"k":"c"}},{"type":"Feature","geometry":{"type":"Point","coordinates":[-2.31409,53.38176]},"properties":{"k":"c"}},{"type":"Feature","geometry":{"type":"Point","coordinates":[-2.15868,53.41112]},"properties":{"k":"c"}},{"type":"Feature","geometry":{"type":"Point","coordinates":[-2.44965,53.56416]},"properties":{"k":"c"}},{"type":"Feature","geometry":{"type":"Point","coordinates":[-2.42514,53.50801]},"properties":{"k":"c"}},{"type":"Feature","geometry":{"type":"Point","coordinates":[-2.23579,53.44735]},"properties":{"k":"c"}},{"type":"Feature","geometry":{"type":"Point","coordinates":[-2.23891,53.47186]},"properties":{"k":"c"}},{"type":"Feature","geometry":{"type":"Point","coordinates":[-2.22892,53.46032]},"properties":{"k":"c"}},{"type":"Feature","geometry":{"type":"Point","coordinates":[-2.60968,53.57319]},"properties":{"k":"c"}},{"type":"Feature","geometry":{"type":"Point","coordinates":[-2.15763,53.44853]},"properties":{"k":"c"}},{"type":"Feature","geometry":{"type":"Point","coordinates":[-2.24221,53.42118]},"properties":{"k":"c"}},{"type":"Feature","geometry":{"type":"Point","coordinates":[-2.22241,53.45227]},"properties":{"k":"c"}},{"type":"Feature","geometry":{"type":"Point","coordinates":[-2.50211,53.49292]},"properties":{"k":"c"}},{"type":"Feature","geometry":{"type":"Point","coordinates":[-2.23168,53.41582]},"properties":{"k":"c"}},{"type":"Feature","geometry":{"type":"Point","coordinates":[-2.19292,53.37274]},"properties":{"k":"c"}},{"type":"Feature","geometry":{"type":"Point","coordinates":[-2.17605,53.5426]},"properties":{"k":"c"}},{"type":"Feature","geometry":{"type":"Point","coordinates":[-2.19186,53.52807]},"properties":{"k":"c"}},{"type":"Feature","geometry":{"type":"Point","coordinates":[-2.32262,53.64256]},"properties":{"k":"c"}},{"type":"Feature","geometry":{"type":"Point","coordinates":[-2.63157,53.54604]},"properties":{"k":"c"}},{"type":"Feature","geometry":{"type":"Point","coordinates":[-2.12884,53.52981]},"properties":{"k":"c"}},{"type":"Feature","geometry":{"type":"Point","coordinates":[-2.19944,53.42292]},"properties":{"k":"c"}},{"type":"Feature","geometry":{"type":"Point","coordinates":[-2.44266,53.56768]},"properties":{"k":"c"}},{"type":"Feature","geometry":{"type":"Point","coordinates":[-2.24958,53.49323]},"properties":{"k":"f"}},{"type":"Feature","geometry":{"type":"Point","coordinates":[-2.32442,53.55921]},"properties":{"k":"c"}},{"type":"Feature","geometry":{"type":"Point","coordinates":[-2.24863,53.44952]},"properties":{"k":"c"}},{"type":"Feature","geometry":{"type":"Point","coordinates":[-2.48355,53.50364]},"properties":{"k":"c"}},{"type":"Feature","geometry":{"type":"Point","coordinates":[-2.16004,53.3574]},"properties":{"k":"c"}},{"type":"Feature","geometry":{"type":"Point","coordinates":[-2.18152,53.59365]},"properties":{"k":"c"}},{"type":"Feature","geometry":{"type":"Point","coordinates":[-2.4271,53.58781]},"properties":{"k":"c"}},{"type":"Feature","geometry":{"type":"Point","coordinates":[-2.2151,53.37597]},"properties":{"k":"c"}},{"type":"Feature","geometry":{"type":"Point","coordinates":[-2.42698,53.57915]},"properties":{"k":"c"}},{"type":"Feature","geometry":{"type":"Point","coordinates":[-2.27923,53.44242]},"properties":{"k":"c"}},{"type":"Feature","geometry":{"type":"Point","coordinates":[-2.23611,53.48411]},"properties":{"k":"c"}},{"type":"Feature","geometry":{"type":"Point","coordinates":[-2.29776,53.45314]},"properties":{"k":"c"}},{"type":"Feature","geometry":{"type":"Point","coordinates":[-2.41716,53.54893]},"properties":{"k":"c"}},{"type":"Feature","geometry":{"type":"Point","coordinates":[-2.24145,53.48943]},"properties":{"k":"c"}},{"type":"Feature","geometry":{"type":"Point","coordinates":[-2.23679,53.48595]},"properties":{"k":"c"}},{"type":"Feature","geometry":{"type":"Point","coordinates":[-2.42886,53.54665]},"properties":{"k":"c"}},{"type":"Feature","geometry":{"type":"Point","coordinates":[-2.33735,53.51092]},"properties":{"k":"c"}},{"type":"Feature","geometry":{"type":"Point","coordinates":[-2.32374,53.42533]},"properties":{"k":"c"}},{"type":"Feature","geometry":{"type":"Point","coordinates":[-2.23431,53.50169]},"properties":{"k":"c"}},{"type":"Feature","geometry":{"type":"Point","coordinates":[-2.2412,53.47218]},"properties":{"k":"c"}},{"type":"Feature","geometry":{"type":"Point","coordinates":[-2.29406,53.47087]},"properties":{"k":"c"}},{"type":"Feature","geometry":{"type":"Point","coordinates":[-2.42687,53.57978]},"properties":{"k":"c"}},{"type":"Feature","geometry":{"type":"Point","coordinates":[-2.15668,53.61657]},"properties":{"k":"c"}},{"type":"Feature","geometry":{"type":"Point","coordinates":[-2.16345,53.41931]},"properties":{"k":"c"}},{"type":"Feature","geometry":{"type":"Point","coordinates":[-2.19245,53.54509]},"properties":{"k":"c"}},{"type":"Feature","geometry":{"type":"Point","coordinates":[-2.26416,53.53581]},"properties":{"k":"c"}},{"type":"Feature","geometry":{"type":"Point","coordinates":[-2.27318,53.48881]},"properties":{"k":"c"}},{"type":"Feature","geometry":{"type":"Point","coordinates":[-2.15601,53.62362]},"properties":{"k":"c"}},{"type":"Feature","geometry":{"type":"Point","coordinates":[-2.07727,53.55098]},"properties":{"k":"c"}},{"type":"Feature","geometry":{"type":"Point","coordinates":[-2.18772,53.48345]},"properties":{"k":"c"}},{"type":"Feature","geometry":{"type":"Point","coordinates":[-2.30296,53.63634]},"properties":{"k":"c"}},{"type":"Feature","geometry":{"type":"Point","coordinates":[-2.27926,53.43804]},"properties":{"k":"c"}},{"type":"Feature","geometry":{"type":"Point","coordinates":[-2.28457,53.53265]},"properties":{"k":"c"}},{"type":"Feature","geometry":{"type":"Point","coordinates":[-2.15644,53.43277]},"properties":{"k":"f"}},{"type":"Feature","geometry":{"type":"Point","coordinates":[-2.52493,53.54883]},"properties":{"k":"c"}},{"type":"Feature","geometry":{"type":"Point","coordinates":[-2.15803,53.41037]},"properties":{"k":"c"}},{"type":"Feature","geometry":{"type":"Point","coordinates":[-2.46318,53.56783]},"properties":{"k":"c"}},{"type":"Feature","geometry":{"type":"Point","coordinates":[-2.2441,53.51085]},"properties":{"k":"c"}},{"type":"Feature","geometry":{"type":"Point","coordinates":[-2.11961,53.4561]},"properties":{"k":"c"}},{"type":"Feature","geometry":{"type":"Point","coordinates":[-2.09625,53.48937]},"properties":{"k":"c"}},{"type":"Feature","geometry":{"type":"Point","coordinates":[-2.38204,53.59519]},"properties":{"k":"c"}},{"type":"Feature","geometry":{"type":"Point","coordinates":[-2.20878,53.4667]},"properties":{"k":"c"}},{"type":"Feature","geometry":{"type":"Point","coordinates":[-2.12662,53.60995]},"properties":{"k":"c"}},{"type":"Feature","geometry":{"type":"Point","coordinates":[-2.29619,53.58746]},"properties":{"k":"c"}},{"type":"Feature","geometry":{"type":"Point","coordinates":[-2.3751,53.45131]},"properties":{"k":"c"}},{"type":"Feature","geometry":{"type":"Point","coordinates":[-2.52088,53.54865]},"properties":{"k":"c"}},{"type":"Feature","geometry":{"type":"Point","coordinates":[-2.15686,53.46697]},"properties":{"k":"c"}},{"type":"Feature","geometry":{"type":"Point","coordinates":[-2.23895,53.39086]},"properties":{"k":"c"}},{"type":"Feature","geometry":{"type":"Point","coordinates":[-2.15424,53.6115]},"properties":{"k":"c"}},{"type":"Feature","geometry":{"type":"Point","coordinates":[-2.32282,53.42541]},"properties":{"k":"c"}},{"type":"Feature","geometry":{"type":"Point","coordinates":[-2.43244,53.57652]},"properties":{"k":"c"}},{"type":"Feature","geometry":{"type":"Point","coordinates":[-2.23083,53.48553]},"properties":{"k":"c"}},{"type":"Feature","geometry":{"type":"Point","coordinates":[-2.18542,53.42319]},"properties":{"k":"c"}},{"type":"Feature","geometry":{"type":"Point","coordinates":[-2.58708,53.59483]},"properties":{"k":"c"}},{"type":"Feature","geometry":{"type":"Point","coordinates":[-2.24079,53.49231]},"properties":{"k":"c"}},{"type":"Feature","geometry":{"type":"Point","coordinates":[-2.13229,53.61279]},"properties":{"k":"c"}},{"type":"Feature","geometry":{"type":"Point","coordinates":[-2.24166,53.47542]},"properties":{"k":"c"}},{"type":"Feature","geometry":{"type":"Point","coordinates":[-2.29392,53.55193]},"properties":{"k":"c"}},{"type":"Feature","geometry":{"type":"Point","coordinates":[-2.1678,53.6132]},"properties":{"k":"c"}},{"type":"Feature","geometry":{"type":"Point","coordinates":[-2.23135,53.47767]},"properties":{"k":"c"}},{"type":"Feature","geometry":{"type":"Point","coordinates":[-2.1641,53.6023]},"properties":{"k":"c"}},{"type":"Feature","geometry":{"type":"Point","coordinates":[-2.53481,53.48137]},"properties":{"k":"c"}},{"type":"Feature","geometry":{"type":"Point","coordinates":[-2.43061,53.57422]},"properties":{"k":"c"}},{"type":"Feature","geometry":{"type":"Point","coordinates":[-2.62534,53.55125]},"properties":{"k":"c"}},{"type":"Feature","geometry":{"type":"Point","coordinates":[-2.12605,53.54682]},"properties":{"k":"c"}},{"type":"Feature","geometry":{"type":"Point","coordinates":[-2.19653,53.54931]},"properties":{"k":"c"}},{"type":"Feature","geometry":{"type":"Point","coordinates":[-2.44999,53.49257]},"properties":{"k":"c"}},{"type":"Feature","geometry":{"type":"Point","coordinates":[-2.33759,53.48211]},"properties":{"k":"c"}},{"type":"Feature","geometry":{"type":"Point","coordinates":[-2.25458,53.47714]},"properties":{"k":"c"}},{"type":"Feature","geometry":{"type":"Point","coordinates":[-2.27681,53.4425]},"properties":{"k":"c"}},{"type":"Feature","geometry":{"type":"Point","coordinates":[-2.16408,53.61572]},"properties":{"k":"c"}},{"type":"Feature","geometry":{"type":"Point","coordinates":[-2.15923,53.43673]},"properties":{"k":"c"}},{"type":"Feature","geometry":{"type":"Point","coordinates":[-2.16729,53.47296]},"properties":{"k":"c"}},{"type":"Feature","geometry":{"type":"Point","coordinates":[-2.13257,53.45474]},"properties":{"k":"c"}},{"type":"Feature","geometry":{"type":"Point","coordinates":[-2.35027,53.4656]},"properties":{"k":"c"}},{"type":"Feature","geometry":{"type":"Point","coordinates":[-2.19893,53.45589]},"properties":{"k":"f"}},{"type":"Feature","geometry":{"type":"Point","coordinates":[-2.23984,53.47347]},"properties":{"k":"c"}},{"type":"Feature","geometry":{"type":"Point","coordinates":[-2.18089,53.50301]},"properties":{"k":"c"}},{"type":"Feature","geometry":{"type":"Point","coordinates":[-2.18764,53.40004]},"properties":{"k":"c"}},{"type":"Feature","geometry":{"type":"Point","coordinates":[-2.10921,53.39576]},"properties":{"k":"c"}},{"type":"Feature","geometry":{"type":"Point","coordinates":[-2.24317,53.48322]},"properties":{"k":"c"}},{"type":"Feature","geometry":{"type":"Point","coordinates":[-2.13852,53.55821]},"properties":{"k":"c"}},{"type":"Feature","geometry":{"type":"Point","coordinates":[-2.27218,53.362]},"properties":{"k":"c"}},{"type":"Feature","geometry":{"type":"Point","coordinates":[-2.30786,53.44578]},"properties":{"k":"c"}},{"type":"Feature","geometry":{"type":"Point","coordinates":[-2.15995,53.54186]},"properties":{"k":"c"}},{"type":"Feature","geometry":{"type":"Point","coordinates":[-2.24587,53.48223]},"properties":{"k":"c"}},{"type":"Feature","geometry":{"type":"Point","coordinates":[-2.31186,53.50145]},"properties":{"k":"c"}},{"type":"Feature","geometry":{"type":"Point","coordinates":[-2.45104,53.57368]},"properties":{"k":"c"}},{"type":"Feature","geometry":{"type":"Point","coordinates":[-2.3877,53.46913]},"properties":{"k":"c"}},{"type":"Feature","geometry":{"type":"Point","coordinates":[-2.28173,53.40325]},"properties":{"k":"c"}},{"type":"Feature","geometry":{"type":"Point","coordinates":[-2.31706,53.47196]},"properties":{"k":"c"}},{"type":"Feature","geometry":{"type":"Point","coordinates":[-2.11251,53.47705]},"properties":{"k":"c"}},{"type":"Feature","geometry":{"type":"Point","coordinates":[-2.51069,53.49549]},"properties":{"k":"c"}},{"type":"Feature","geometry":{"type":"Point","coordinates":[-2.25306,53.48329]},"properties":{"k":"c"}},{"type":"Feature","geometry":{"type":"Point","coordinates":[-2.21422,53.48353]},"properties":{"k":"f"}},{"type":"Feature","geometry":{"type":"Point","coordinates":[-2.31705,53.42424]},"properties":{"k":"c"}},{"type":"Feature","geometry":{"type":"Point","coordinates":[-2.27721,53.41075]},"properties":{"k":"c"}},{"type":"Feature","geometry":{"type":"Point","coordinates":[-2.18779,53.55658]},"properties":{"k":"c"}},{"type":"Feature","geometry":{"type":"Point","coordinates":[-2.7152,53.54017]},"properties":{"k":"c"}},{"type":"Feature","geometry":{"type":"Point","coordinates":[-2.24389,53.44029]},"properties":{"k":"f"}},{"type":"Feature","geometry":{"type":"Point","coordinates":[-2.22748,53.37066]},"properties":{"k":"c"}},{"type":"Feature","geometry":{"type":"Point","coordinates":[-2.48717,53.52567]},"properties":{"k":"c"}},{"type":"Feature","geometry":{"type":"Point","coordinates":[-2.24544,53.48734]},"properties":{"k":"c"}},{"type":"Feature","geometry":{"type":"Point","coordinates":[-2.35181,53.38736]},"properties":{"k":"c"}},{"type":"Feature","geometry":{"type":"Point","coordinates":[-2.22563,53.45609]},"properties":{"k":"c"}},{"type":"Feature","geometry":{"type":"Point","coordinates":[-2.1943,53.48324]},"properties":{"k":"c"}},{"type":"Feature","geometry":{"type":"Point","coordinates":[-2.2487,53.48427]},"properties":{"k":"c"}},{"type":"Feature","geometry":{"type":"Point","coordinates":[-2.20053,53.54968]},"properties":{"k":"c"}},{"type":"Feature","geometry":{"type":"Point","coordinates":[-2.34922,53.38677]},"properties":{"k":"c"}},{"type":"Feature","geometry":{"type":"Point","coordinates":[-2.44274,53.5952]},"properties":{"k":"c"}},{"type":"Feature","geometry":{"type":"Point","coordinates":[-2.07869,53.54947]},"properties":{"k":"c"}},{"type":"Feature","geometry":{"type":"Point","coordinates":[-2.12319,53.51911]},"properties":{"k":"c"}},{"type":"Feature","geometry":{"type":"Point","coordinates":[-2.18307,53.6233]},"properties":{"k":"c"}},{"type":"Feature","geometry":{"type":"Point","coordinates":[-2.29273,53.60453]},"properties":{"k":"c"}},{"type":"Feature","geometry":{"type":"Point","coordinates":[-2.28335,53.47092]},"properties":{"k":"c"}},{"type":"Feature","geometry":{"type":"Point","coordinates":[-2.42612,53.57957]},"properties":{"k":"c"}},{"type":"Feature","geometry":{"type":"Point","coordinates":[-2.04641,53.51882]},"properties":{"k":"c"}},{"type":"Feature","geometry":{"type":"Point","coordinates":[-2.19985,53.62277]},"properties":{"k":"c"}},{"type":"Feature","geometry":{"type":"Point","coordinates":[-2.2887,53.40022]},"properties":{"k":"c"}},{"type":"Feature","geometry":{"type":"Point","coordinates":[-2.28723,53.59705]},"properties":{"k":"c"}},{"type":"Feature","geometry":{"type":"Point","coordinates":[-2.01224,53.55333]},"properties":{"k":"c"}},{"type":"Feature","geometry":{"type":"Point","coordinates":[-2.23879,53.48362]},"properties":{"k":"c"}},{"type":"Feature","geometry":{"type":"Point","coordinates":[-2.22632,53.4727]},"properties":{"k":"c"}},{"type":"Feature","geometry":{"type":"Point","coordinates":[-2.39131,53.54626]},"properties":{"k":"c"}},{"type":"Feature","geometry":{"type":"Point","coordinates":[-2.09026,53.41375]},"properties":{"k":"c"}},{"type":"Feature","geometry":{"type":"Point","coordinates":[-2.6315,53.54749]},"properties":{"k":"c"}},{"type":"Feature","geometry":{"type":"Point","coordinates":[-2.21232,53.63245]},"properties":{"k":"c"}},{"type":"Feature","geometry":{"type":"Point","coordinates":[-2.21964,53.44073]},"properties":{"k":"c"}},{"type":"Feature","geometry":{"type":"Point","coordinates":[-2.50262,53.48032]},"properties":{"k":"c"}},{"type":"Feature","geometry":{"type":"Point","coordinates":[-2.17534,53.42824]},"properties":{"k":"c"}},{"type":"Feature","geometry":{"type":"Point","coordinates":[-2.24186,53.48704]},"properties":{"k":"c"}},{"type":"Feature","geometry":{"type":"Point","coordinates":[-2.23216,53.46737]},"properties":{"k":"c"}},{"type":"Feature","geometry":{"type":"Point","coordinates":[-2.6332,53.54751]},"properties":{"k":"c"}},{"type":"Feature","geometry":{"type":"Point","coordinates":[-2.36015,53.39848]},"properties":{"k":"c"}},{"type":"Feature","geometry":{"type":"Point","coordinates":[-2.41711,53.56763]},"properties":{"k":"c"}},{"type":"Feature","geometry":{"type":"Point","coordinates":[-2.18093,53.59305]},"properties":{"k":"f"}},{"type":"Feature","geometry":{"type":"Point","coordinates":[-2.23325,53.47946]},"properties":{"k":"c"}},{"type":"Feature","geometry":{"type":"Point","coordinates":[-2.33789,53.48432]},"properties":{"k":"c"}},{"type":"Feature","geometry":{"type":"Point","coordinates":[-2.58724,53.52986]},"properties":{"k":"f"}},{"type":"Feature","geometry":{"type":"Point","coordinates":[-2.41921,53.53468]},"properties":{"k":"c"}},{"type":"Feature","geometry":{"type":"Point","coordinates":[-2.25368,53.5247]},"properties":{"k":"c"}},{"type":"Feature","geometry":{"type":"Point","coordinates":[-2.15731,53.41076]},"properties":{"k":"c"}},{"type":"Feature","geometry":{"type":"Point","coordinates":[-2.67647,53.53526]},"properties":{"k":"c"}},{"type":"Feature","geometry":{"type":"Point","coordinates":[-2.70911,53.53068]},"properties":{"k":"c"}},{"type":"Feature","geometry":{"type":"Point","coordinates":[-2.1222,53.55305]},"properties":{"k":"c"}},{"type":"Feature","geometry":{"type":"Point","coordinates":[-2.50978,53.49985]},"properties":{"k":"c"}},{"type":"Feature","geometry":{"type":"Point","coordinates":[-2.65314,53.5386]},"properties":{"k":"c"}},{"type":"Feature","geometry":{"type":"Point","coordinates":[-2.37217,53.50082]},"properties":{"k":"c"}},{"type":"Feature","geometry":{"type":"Point","coordinates":[-2.28348,53.36766]},"properties":{"k":"c"}},{"type":"Feature","geometry":{"type":"Point","coordinates":[-2.11001,53.54234]},"properties":{"k":"f"}},{"type":"Feature","geometry":{"type":"Point","coordinates":[-2.11414,53.54282]},"properties":{"k":"c"}},{"type":"Feature","geometry":{"type":"Point","coordinates":[-2.24205,53.47534]},"properties":{"k":"c"}},{"type":"Feature","geometry":{"type":"Point","coordinates":[-2.09075,53.54606]},"properties":{"k":"c"}},{"type":"Feature","geometry":{"type":"Point","coordinates":[-2.42988,53.58079]},"properties":{"k":"c"}},{"type":"Feature","geometry":{"type":"Point","coordinates":[-2.23843,53.46727]},"properties":{"k":"f"}},{"type":"Feature","geometry":{"type":"Point","coordinates":[-2.24715,53.4776]},"properties":{"k":"c"}},{"type":"Feature","geometry":{"type":"Point","coordinates":[-2.26878,53.47739]},"properties":{"k":"c"}},{"type":"Feature","geometry":{"type":"Point","coordinates":[-2.23764,53.48133]},"properties":{"k":"c"}},{"type":"Feature","geometry":{"type":"Point","coordinates":[-2.31865,53.64873]},"properties":{"k":"c"}},{"type":"Feature","geometry":{"type":"Point","coordinates":[-2.157,53.44562]},"properties":{"k":"f"}},{"type":"Feature","geometry":{"type":"Point","coordinates":[-2.43018,53.59]},"properties":{"k":"f"}},{"type":"Feature","geometry":{"type":"Point","coordinates":[-2.21564,53.49449]},"properties":{"k":"c"}},{"type":"Feature","geometry":{"type":"Point","coordinates":[-2.11556,53.53953]},"properties":{"k":"f"}},{"type":"Feature","geometry":{"type":"Point","coordinates":[-2.27864,53.48836]},"properties":{"k":"c"}},{"type":"Feature","geometry":{"type":"Point","coordinates":[-2.24128,53.47819]},"properties":{"k":"c"}},{"type":"Feature","geometry":{"type":"Point","coordinates":[-2.43255,53.60229]},"properties":{"k":"c"}},{"type":"Feature","geometry":{"type":"Point","coordinates":[-2.29265,53.44727]},"properties":{"k":"c"}},{"type":"Feature","geometry":{"type":"Point","coordinates":[-2.15707,53.61867]},"properties":{"k":"f"}},{"type":"Feature","geometry":{"type":"Point","coordinates":[-2.35546,53.46852]},"properties":{"k":"c"}},{"type":"Feature","geometry":{"type":"Point","coordinates":[-2.25761,53.42028]},"properties":{"k":"c"}},{"type":"Feature","geometry":{"type":"Point","coordinates":[-2.46916,53.5521]},"properties":{"k":"c"}},{"type":"Feature","geometry":{"type":"Point","coordinates":[-2.33837,53.44674]},"properties":{"k":"c"}},{"type":"Feature","geometry":{"type":"Point","coordinates":[-2.18907,53.44141]},"properties":{"k":"c"}},{"type":"Feature","geometry":{"type":"Point","coordinates":[-2.28018,53.4386]},"properties":{"k":"c"}},{"type":"Feature","geometry":{"type":"Point","coordinates":[-2.33404,53.51968]},"properties":{"k":"c"}},{"type":"Feature","geometry":{"type":"Point","coordinates":[-2.07472,53.53928]},"properties":{"k":"c"}},{"type":"Feature","geometry":{"type":"Point","coordinates":[-2.23383,53.46531]},"properties":{"k":"c"}},{"type":"Feature","geometry":{"type":"Point","coordinates":[-2.63682,53.48715]},"properties":{"k":"c"}},{"type":"Feature","geometry":{"type":"Point","coordinates":[-2.22729,53.45878]},"properties":{"k":"c"}},{"type":"Feature","geometry":{"type":"Point","coordinates":[-2.52576,53.54869]},"properties":{"k":"c"}},{"type":"Feature","geometry":{"type":"Point","coordinates":[-2.01949,53.56452]},"properties":{"k":"c"}},{"type":"Feature","geometry":{"type":"Point","coordinates":[-2.24182,53.47871]},"properties":{"k":"c"}},{"type":"Feature","geometry":{"type":"Point","coordinates":[-2.06662,53.39516]},"properties":{"k":"c"}},{"type":"Feature","geometry":{"type":"Point","coordinates":[-2.2388,53.4871]},"properties":{"k":"c"}},{"type":"Feature","geometry":{"type":"Point","coordinates":[-2.23948,53.51757]},"properties":{"k":"c"}},{"type":"Feature","geometry":{"type":"Point","coordinates":[-2.31569,53.63154]},"properties":{"k":"f"}},{"type":"Feature","geometry":{"type":"Point","coordinates":[-2.23721,53.45325]},"properties":{"k":"f"}},{"type":"Feature","geometry":{"type":"Point","coordinates":[-2.2458,53.4797]},"properties":{"k":"c"}},{"type":"Feature","geometry":{"type":"Point","coordinates":[-2.12195,53.56582]},"properties":{"k":"c"}},{"type":"Feature","geometry":{"type":"Point","coordinates":[-2.23596,53.48407]},"properties":{"k":"c"}},{"type":"Feature","geometry":{"type":"Point","coordinates":[-2.11957,53.45632]},"properties":{"k":"f"}},{"type":"Feature","geometry":{"type":"Point","coordinates":[-2.15495,53.40735]},"properties":{"k":"f"}},{"type":"Feature","geometry":{"type":"Point","coordinates":[-2.21859,53.44156]},"properties":{"k":"f"}},{"type":"Feature","geometry":{"type":"Point","coordinates":[-2.27764,53.44694]},"properties":{"k":"c"}},{"type":"Feature","geometry":{"type":"Point","coordinates":[-2.23162,53.4157]},"properties":{"k":"c"}},{"type":"Feature","geometry":{"type":"Point","coordinates":[-2.04665,53.51808]},"properties":{"k":"c"}},{"type":"Feature","geometry":{"type":"Point","coordinates":[-2.2947,53.48584]},"properties":{"k":"c"}},{"type":"Feature","geometry":{"type":"Point","coordinates":[-2.14558,53.60042]},"properties":{"k":"c"}},{"type":"Feature","geometry":{"type":"Point","coordinates":[-2.23333,53.47966]},"properties":{"k":"c"}},{"type":"Feature","geometry":{"type":"Point","coordinates":[-2.58162,53.47461]},"properties":{"k":"c"}},{"type":"Feature","geometry":{"type":"Point","coordinates":[-2.28421,53.35095]},"properties":{"k":"f"}},{"type":"Feature","geometry":{"type":"Point","coordinates":[-2.15449,53.61768]},"properties":{"k":"c"}},{"type":"Feature","geometry":{"type":"Point","coordinates":[-2.24968,53.47207]},"properties":{"k":"c"}},{"type":"Feature","geometry":{"type":"Point","coordinates":[-2.63387,53.54883]},"properties":{"k":"c"}},{"type":"Feature","geometry":{"type":"Point","coordinates":[-2.24343,53.48344]},"properties":{"k":"c"}},{"type":"Feature","geometry":{"type":"Point","coordinates":[-2.22955,53.40901]},"properties":{"k":"c"}},{"type":"Feature","geometry":{"type":"Point","coordinates":[-2.14653,53.47984]},"properties":{"k":"c"}},{"type":"Feature","geometry":{"type":"Point","coordinates":[-2.21552,53.50023]},"properties":{"k":"f"}},{"type":"Feature","geometry":{"type":"Point","coordinates":[-2.00636,53.54732]},"properties":{"k":"c"}},{"type":"Feature","geometry":{"type":"Point","coordinates":[-2.43271,53.5764]},"properties":{"k":"c"}},{"type":"Feature","geometry":{"type":"Point","coordinates":[-2.28947,53.54085]},"properties":{"k":"c"}},{"type":"Feature","geometry":{"type":"Point","coordinates":[-2.63295,53.55567]},"properties":{"k":"c"}},{"type":"Feature","geometry":{"type":"Point","coordinates":[-2.32682,53.55737]},"properties":{"k":"c"}},{"type":"Feature","geometry":{"type":"Point","coordinates":[-2.13426,53.52105]},"properties":{"k":"c"}},{"type":"Feature","geometry":{"type":"Point","coordinates":[-2.54649,53.60039]},"properties":{"k":"c"}},{"type":"Feature","geometry":{"type":"Point","coordinates":[-2.15842,53.40971]},"properties":{"k":"c"}},{"type":"Feature","geometry":{"type":"Point","coordinates":[-2.42673,53.57817]},"properties":{"k":"f"}},{"type":"Feature","geometry":{"type":"Point","coordinates":[-2.44655,53.50054]},"properties":{"k":"c"}},{"type":"Feature","geometry":{"type":"Point","coordinates":[-2.15449,53.61768]},"properties":{"k":"c"}},{"type":"Feature","geometry":{"type":"Point","coordinates":[-2.23268,53.47932]},"properties":{"k":"c"}},{"type":"Feature","geometry":{"type":"Point","coordinates":[-2.23962,53.4818]},"properties":{"k":"c"}},{"type":"Feature","geometry":{"type":"Point","coordinates":[-2.12313,53.52312]},"properties":{"k":"f"}},{"type":"Feature","geometry":{"type":"Point","coordinates":[-2.24636,53.48317]},"properties":{"k":"c"}},{"type":"Feature","geometry":{"type":"Point","coordinates":[-2.15626,53.40189]},"properties":{"k":"c"}},{"type":"Feature","geometry":{"type":"Point","coordinates":[-2.23021,53.46278]},"properties":{"k":"f"}},{"type":"Feature","geometry":{"type":"Point","coordinates":[-2.2247,53.46052]},"properties":{"k":"c"}},{"type":"Feature","geometry":{"type":"Point","coordinates":[-2.51807,53.4972]},"properties":{"k":"f"}},{"type":"Feature","geometry":{"type":"Point","coordinates":[-2.3224,53.42532]},"properties":{"k":"c"}},{"type":"Feature","geometry":{"type":"Point","coordinates":[-2.21552,53.41635]},"properties":{"k":"c"}},{"type":"Feature","geometry":{"type":"Point","coordinates":[-2.31938,53.43145]},"properties":{"k":"c"}},{"type":"Feature","geometry":{"type":"Point","coordinates":[-2.1688,53.6163]},"properties":{"k":"c"}},{"type":"Feature","geometry":{"type":"Point","coordinates":[-2.27064,53.48476]},"properties":{"k":"c"}},{"type":"Feature","geometry":{"type":"Point","coordinates":[-2.27389,53.43617]},"properties":{"k":"f"}},{"type":"Feature","geometry":{"type":"Point","coordinates":[-2.39506,53.59194]},"properties":{"k":"c"}},{"type":"Feature","geometry":{"type":"Point","coordinates":[-2.14021,53.61381]},"properties":{"k":"f"}},{"type":"Feature","geometry":{"type":"Point","coordinates":[-2.2707,53.36197]},"properties":{"k":"c"}},{"type":"Feature","geometry":{"type":"Point","coordinates":[-2.0065,53.54726]},"properties":{"k":"c"}},{"type":"Feature","geometry":{"type":"Point","coordinates":[-2.2886,53.5967]},"properties":{"k":"f"}},{"type":"Feature","geometry":{"type":"Point","coordinates":[-2.23253,53.48113]},"properties":{"k":"c"}},{"type":"Feature","geometry":{"type":"Point","coordinates":[-2.37149,53.562]},"properties":{"k":"c"}},{"type":"Feature","geometry":{"type":"Point","coordinates":[-2.66881,53.5898]},"properties":{"k":"c"}},{"type":"Feature","geometry":{"type":"Point","coordinates":[-2.25932,53.41138]},"properties":{"k":"c"}},{"type":"Feature","geometry":{"type":"Point","coordinates":[-2.34178,53.46668]},"properties":{"k":"c"}},{"type":"Feature","geometry":{"type":"Point","coordinates":[-2.22637,53.45762]},"properties":{"k":"f"}},{"type":"Feature","geometry":{"type":"Point","coordinates":[-2.63293,53.54334]},"properties":{"k":"c"}},{"type":"Feature","geometry":{"type":"Point","coordinates":[-2.23751,53.48069]},"properties":{"k":"c"}},{"type":"Feature","geometry":{"type":"Point","coordinates":[-2.28946,53.53652]},"properties":{"k":"c"}},{"type":"Feature","geometry":{"type":"Point","coordinates":[-2.3358,53.51262]},"properties":{"k":"c"}},{"type":"Feature","geometry":{"type":"Point","coordinates":[-2.24864,53.48084]},"properties":{"k":"c"}},{"type":"Feature","geometry":{"type":"Point","coordinates":[-2.59134,53.54264]},"properties":{"k":"c"}},{"type":"Feature","geometry":{"type":"Point","coordinates":[-2.34896,53.46624]},"properties":{"k":"c"}},{"type":"Feature","geometry":{"type":"Point","coordinates":[-2.34992,53.38592]},"properties":{"k":"c"}},{"type":"Feature","geometry":{"type":"Point","coordinates":[-2.23749,53.48073]},"properties":{"k":"c"}},{"type":"Feature","geometry":{"type":"Point","coordinates":[-2.22748,53.48459]},"properties":{"k":"c"}},{"type":"Feature","geometry":{"type":"Point","coordinates":[-2.31397,53.59118]},"properties":{"k":"c"}},{"type":"Feature","geometry":{"type":"Point","coordinates":[-2.22532,53.45612]},"properties":{"k":"f"}},{"type":"Feature","geometry":{"type":"Point","coordinates":[-2.14948,53.48826]},"properties":{"k":"c"}},{"type":"Feature","geometry":{"type":"Point","coordinates":[-2.2744,53.51856]},"properties":{"k":"f"}},{"type":"Feature","geometry":{"type":"Point","coordinates":[-2.11326,53.39701]},"properties":{"k":"c"}},{"type":"Feature","geometry":{"type":"Point","coordinates":[-2.23506,53.49727]},"properties":{"k":"c"}},{"type":"Feature","geometry":{"type":"Point","coordinates":[-2.24114,53.48313]},"properties":{"k":"f"}},{"type":"Feature","geometry":{"type":"Point","coordinates":[-2.18949,53.41716]},"properties":{"k":"c"}},{"type":"Feature","geometry":{"type":"Point","coordinates":[-2.30042,53.47258]},"properties":{"k":"c"}},{"type":"Feature","geometry":{"type":"Point","coordinates":[-2.20965,53.4275]},"properties":{"k":"f"}},{"type":"Feature","geometry":{"type":"Point","coordinates":[-2.05755,53.48392]},"properties":{"k":"c"}},{"type":"Feature","geometry":{"type":"Point","coordinates":[-2.24497,53.48106]},"properties":{"k":"c"}},{"type":"Feature","geometry":{"type":"Point","coordinates":[-2.13282,53.62169]},"properties":{"k":"c"}},{"type":"Feature","geometry":{"type":"Point","coordinates":[-2.3549,53.40187]},"properties":{"k":"c"}},{"type":"Feature","geometry":{"type":"Point","coordinates":[-2.27448,53.43808]},"properties":{"k":"c"}},{"type":"Feature","geometry":{"type":"Point","coordinates":[-2.30991,53.35995]},"properties":{"k":"c"}},{"type":"Feature","geometry":{"type":"Point","coordinates":[-2.11941,53.638]},"properties":{"k":"c"}},{"type":"Feature","geometry":{"type":"Point","coordinates":[-2.07823,53.52068]},"properties":{"k":"c"}},{"type":"Feature","geometry":{"type":"Point","coordinates":[-2.24005,53.48426]},"properties":{"k":"c"}},{"type":"Feature","geometry":{"type":"Point","coordinates":[-2.27656,53.36686]},"properties":{"k":"c"}},{"type":"Feature","geometry":{"type":"Point","coordinates":[-2.24721,53.48194]},"properties":{"k":"c"}},{"type":"Feature","geometry":{"type":"Point","coordinates":[-2.18897,53.44141]},"properties":{"k":"c"}},{"type":"Feature","geometry":{"type":"Point","coordinates":[-2.23569,53.4974]},"properties":{"k":"f"}},{"type":"Feature","geometry":{"type":"Point","coordinates":[-2.32846,53.62443]},"properties":{"k":"c"}},{"type":"Feature","geometry":{"type":"Point","coordinates":[-2.23769,53.48008]},"properties":{"k":"c"}},{"type":"Feature","geometry":{"type":"Point","coordinates":[-2.1464,53.6197]},"properties":{"k":"c"}},{"type":"Feature","geometry":{"type":"Point","coordinates":[-2.35226,53.50201]},"properties":{"k":"c"}},{"type":"Feature","geometry":{"type":"Point","coordinates":[-2.32484,53.42573]},"properties":{"k":"c"}},{"type":"Feature","geometry":{"type":"Point","coordinates":[-2.35422,53.4908]},"properties":{"k":"c"}},{"type":"Feature","geometry":{"type":"Point","coordinates":[-2.26269,53.48347]},"properties":{"k":"c"}},{"type":"Feature","geometry":{"type":"Point","coordinates":[-2.2816,53.36714]},"properties":{"k":"c"}},{"type":"Feature","geometry":{"type":"Point","coordinates":[-2.226,53.4542]},"properties":{"k":"c"}},{"type":"Feature","geometry":{"type":"Point","coordinates":[-2.16624,53.40184]},"properties":{"k":"c"}},{"type":"Feature","geometry":{"type":"Point","coordinates":[-2.29968,53.45365]},"properties":{"k":"f"}},{"type":"Feature","geometry":{"type":"Point","coordinates":[-2.05339,53.47203]},"properties":{"k":"c"}},{"type":"Feature","geometry":{"type":"Point","coordinates":[-2.21258,53.42058]},"properties":{"k":"f"}},{"type":"Feature","geometry":{"type":"Point","coordinates":[-2.164,53.40904]},"properties":{"k":"f"}},{"type":"Feature","geometry":{"type":"Point","coordinates":[-2.40384,53.58056]},"properties":{"k":"c"}},{"type":"Feature","geometry":{"type":"Point","coordinates":[-2.21766,53.54123]},"properties":{"k":"c"}},{"type":"Feature","geometry":{"type":"Point","coordinates":[-2.23574,53.4841]},"properties":{"k":"c"}},{"type":"Feature","geometry":{"type":"Point","coordinates":[-2.32307,53.42492]},"properties":{"k":"c"}},{"type":"Feature","geometry":{"type":"Point","coordinates":[-2.12825,53.5452]},"properties":{"k":"c"}},{"type":"Feature","geometry":{"type":"Point","coordinates":[-2.41659,53.5489]},"properties":{"k":"c"}},{"type":"Feature","geometry":{"type":"Point","coordinates":[-2.23624,53.47978]},"properties":{"k":"c"}},{"type":"Feature","geometry":{"type":"Point","coordinates":[-2.43274,53.57651]},"properties":{"k":"c"}},{"type":"Feature","geometry":{"type":"Point","coordinates":[-2.22464,53.45486]},"properties":{"k":"f"}},{"type":"Feature","geometry":{"type":"Point","coordinates":[-2.23666,53.47794]},"properties":{"k":"f"}},{"type":"Feature","geometry":{"type":"Point","coordinates":[-2.23102,53.48365]},"properties":{"k":"c"}},{"type":"Feature","geometry":{"type":"Point","coordinates":[-2.16874,53.62936]},"properties":{"k":"c"}},{"type":"Feature","geometry":{"type":"Point","coordinates":[-2.28197,53.43866]},"properties":{"k":"c"}},{"type":"Feature","geometry":{"type":"Point","coordinates":[-2.43,53.50378]},"properties":{"k":"c"}},{"type":"Feature","geometry":{"type":"Point","coordinates":[-2.21985,53.44058]},"properties":{"k":"f"}},{"type":"Feature","geometry":{"type":"Point","coordinates":[-2.23226,53.4816]},"properties":{"k":"c"}},{"type":"Feature","geometry":{"type":"Point","coordinates":[-2.24406,53.47916]},"properties":{"k":"c"}},{"type":"Feature","geometry":{"type":"Point","coordinates":[-2.33559,53.51358]},"properties":{"k":"c"}},{"type":"Feature","geometry":{"type":"Point","coordinates":[-2.09927,53.64288]},"properties":{"k":"c"}},{"type":"Feature","geometry":{"type":"Point","coordinates":[-2.23421,53.48107]},"properties":{"k":"c"}},{"type":"Feature","geometry":{"type":"Point","coordinates":[-2.15922,53.40887]},"properties":{"k":"c"}},{"type":"Feature","geometry":{"type":"Point","coordinates":[-2.30685,53.54176]},"properties":{"k":"c"}},{"type":"Feature","geometry":{"type":"Point","coordinates":[-2.32581,53.55887]},"properties":{"k":"c"}},{"type":"Feature","geometry":{"type":"Point","coordinates":[-2.30881,53.50085]},"properties":{"k":"c"}},{"type":"Feature","geometry":{"type":"Point","coordinates":[-2.42892,53.57854]},"properties":{"k":"f"}},{"type":"Feature","geometry":{"type":"Point","coordinates":[-2.2343,53.4823]},"properties":{"k":"c"}},{"type":"Feature","geometry":{"type":"Point","coordinates":[-2.27883,53.36748]},"properties":{"k":"c"}},{"type":"Feature","geometry":{"type":"Point","coordinates":[-2.33008,53.42099]},"properties":{"k":"f"}},{"type":"Feature","geometry":{"type":"Point","coordinates":[-2.23165,53.41581]},"properties":{"k":"c"}},{"type":"Feature","geometry":{"type":"Point","coordinates":[-2.64725,53.55075]},"properties":{"k":"c"}},{"type":"Feature","geometry":{"type":"Point","coordinates":[-2.42534,53.57601]},"properties":{"k":"f"}},{"type":"Feature","geometry":{"type":"Point","coordinates":[-2.29815,53.47224]},"properties":{"k":"c"}},{"type":"Feature","geometry":{"type":"Point","coordinates":[-2.36084,53.37206]},"properties":{"k":"c"}},{"type":"Feature","geometry":{"type":"Point","coordinates":[-2.16409,53.461]},"properties":{"k":"c"}},{"type":"Feature","geometry":{"type":"Point","coordinates":[-2.42978,53.57774]},"properties":{"k":"c"}},{"type":"Feature","geometry":{"type":"Point","coordinates":[-2.22745,53.48448]},"properties":{"k":"c"}},{"type":"Feature","geometry":{"type":"Point","coordinates":[-2.36971,53.56162]},"properties":{"k":"c"}},{"type":"Feature","geometry":{"type":"Point","coordinates":[-2.35097,53.3873]},"properties":{"k":"c"}},{"type":"Feature","geometry":{"type":"Point","coordinates":[-2.24425,53.47992]},"properties":{"k":"c"}},{"type":"Feature","geometry":{"type":"Point","coordinates":[-2.51497,53.49598]},"properties":{"k":"c"}},{"type":"Feature","geometry":{"type":"Point","coordinates":[-2.27426,53.36242]},"properties":{"k":"c"}},{"type":"Feature","geometry":{"type":"Point","coordinates":[-2.09499,53.48855]},"properties":{"k":"c"}},{"type":"Feature","geometry":{"type":"Point","coordinates":[-2.29811,53.36398]},"properties":{"k":"c"}},{"type":"Feature","geometry":{"type":"Point","coordinates":[-2.23921,53.48263]},"properties":{"k":"c"}},{"type":"Feature","geometry":{"type":"Point","coordinates":[-2.13463,53.57212]},"properties":{"k":"c"}},{"type":"Feature","geometry":{"type":"Point","coordinates":[-2.19096,53.44318]},"properties":{"k":"c"}},{"type":"Feature","geometry":{"type":"Point","coordinates":[-2.14694,53.4078]},"properties":{"k":"c"}},{"type":"Feature","geometry":{"type":"Point","coordinates":[-2.23882,53.47553]},"properties":{"k":"c"}},{"type":"Feature","geometry":{"type":"Point","coordinates":[-2.23583,53.46747]},"properties":{"k":"c"}},{"type":"Feature","geometry":{"type":"Point","coordinates":[-2.14936,53.44859]},"properties":{"k":"f"}},{"type":"Feature","geometry":{"type":"Point","coordinates":[-2.42831,53.575]},"properties":{"k":"f"}},{"type":"Feature","geometry":{"type":"Point","coordinates":[-2.29213,53.38907]},"properties":{"k":"c"}},{"type":"Feature","geometry":{"type":"Point","coordinates":[-2.27889,53.37548]},"properties":{"k":"c"}},{"type":"Feature","geometry":{"type":"Point","coordinates":[-2.63174,53.54565]},"properties":{"k":"c"}},{"type":"Feature","geometry":{"type":"Point","coordinates":[-2.25674,53.40851]},"properties":{"k":"f"}},{"type":"Feature","geometry":{"type":"Point","coordinates":[-2.15606,53.61669]},"properties":{"k":"c"}},{"type":"Feature","geometry":{"type":"Point","coordinates":[-2.28051,53.44784]},"properties":{"k":"c"}},{"type":"Feature","geometry":{"type":"Point","coordinates":[-2.22205,53.59356]},"properties":{"k":"f"}},{"type":"Feature","geometry":{"type":"Point","coordinates":[-2.25787,53.40803]},"properties":{"k":"c"}},{"type":"Feature","geometry":{"type":"Point","coordinates":[-2.2493,53.48086]},"properties":{"k":"c"}},{"type":"Feature","geometry":{"type":"Point","coordinates":[-2.21808,53.47145]},"properties":{"k":"f"}},{"type":"Feature","geometry":{"type":"Point","coordinates":[-2.24332,53.47742]},"properties":{"k":"c"}},{"type":"Feature","geometry":{"type":"Point","coordinates":[-2.16453,53.43541]},"properties":{"k":"c"}},{"type":"Feature","geometry":{"type":"Point","coordinates":[-2.23684,53.39149]},"properties":{"k":"c"}},{"type":"Feature","geometry":{"type":"Point","coordinates":[-2.28518,53.56854]},"properties":{"k":"c"}},{"type":"Feature","geometry":{"type":"Point","coordinates":[-2.29475,53.4708]},"properties":{"k":"c"}},{"type":"Feature","geometry":{"type":"Point","coordinates":[-2.2707,53.36626]},"properties":{"k":"c"}},{"type":"Feature","geometry":{"type":"Point","coordinates":[-2.15672,53.41157]},"properties":{"k":"c"}},{"type":"Feature","geometry":{"type":"Point","coordinates":[-2.00716,53.54664]},"properties":{"k":"c"}},{"type":"Feature","geometry":{"type":"Point","coordinates":[-2.29624,53.59298]},"properties":{"k":"c"}},{"type":"Feature","geometry":{"type":"Point","coordinates":[-2.22283,53.46183]},"properties":{"k":"f"}},{"type":"Feature","geometry":{"type":"Point","coordinates":[-2.28669,53.48932]},"properties":{"k":"f"}},{"type":"Feature","geometry":{"type":"Point","coordinates":[-2.21906,53.4433]},"properties":{"k":"c"}},{"type":"Feature","geometry":{"type":"Point","coordinates":[-2.22934,53.46003]},"properties":{"k":"c"}},{"type":"Feature","geometry":{"type":"Point","coordinates":[-2.1255,53.38264]},"properties":{"k":"f"}},{"type":"Feature","geometry":{"type":"Point","coordinates":[-2.35145,53.49127]},"properties":{"k":"c"}},{"type":"Feature","geometry":{"type":"Point","coordinates":[-2.29441,53.48575]},"properties":{"k":"c"}},{"type":"Feature","geometry":{"type":"Point","coordinates":[-2.00832,53.55386]},"properties":{"k":"c"}},{"type":"Feature","geometry":{"type":"Point","coordinates":[-2.17568,53.42806]},"properties":{"k":"c"}},{"type":"Feature","geometry":{"type":"Point","coordinates":[-2.36136,53.3723]},"properties":{"k":"c"}},{"type":"Feature","geometry":{"type":"Point","coordinates":[-2.37853,53.37626]},"properties":{"k":"c"}},{"type":"Feature","geometry":{"type":"Point","coordinates":[-2.49139,53.52374]},"properties":{"k":"f"}},{"type":"Feature","geometry":{"type":"Point","coordinates":[-2.208,53.58502]},"properties":{"k":"c"}},{"type":"Feature","geometry":{"type":"Point","coordinates":[-2.70646,53.52711]},"properties":{"k":"c"}},{"type":"Feature","geometry":{"type":"Point","coordinates":[-2.63376,53.54645]},"properties":{"k":"c"}},{"type":"Feature","geometry":{"type":"Point","coordinates":[-2.27815,53.44515]},"properties":{"k":"c"}},{"type":"Feature","geometry":{"type":"Point","coordinates":[-2.24739,53.48178]},"properties":{"k":"c"}},{"type":"Feature","geometry":{"type":"Point","coordinates":[-2.24136,53.48009]},"properties":{"k":"c"}},{"type":"Feature","geometry":{"type":"Point","coordinates":[-2.2765,53.44153]},"properties":{"k":"c"}},{"type":"Feature","geometry":{"type":"Point","coordinates":[-2.25097,53.47962]},"properties":{"k":"c"}},{"type":"Feature","geometry":{"type":"Point","coordinates":[-2.24552,53.48279]},"properties":{"k":"c"}},{"type":"Feature","geometry":{"type":"Point","coordinates":[-2.15032,53.62129]},"properties":{"k":"c"}},{"type":"Feature","geometry":{"type":"Point","coordinates":[-2.34927,53.38705]},"properties":{"k":"c"}},{"type":"Feature","geometry":{"type":"Point","coordinates":[-2.22471,53.45475]},"properties":{"k":"c"}},{"type":"Feature","geometry":{"type":"Point","coordinates":[-2.22696,53.435]},"properties":{"k":"f"}},{"type":"Feature","geometry":{"type":"Point","coordinates":[-2.33355,53.54913]},"properties":{"k":"c"}},{"type":"Feature","geometry":{"type":"Point","coordinates":[-2.24794,53.47985]},"properties":{"k":"c"}},{"type":"Feature","geometry":{"type":"Point","coordinates":[-2.58249,53.57072]},"properties":{"k":"c"}},{"type":"Feature","geometry":{"type":"Point","coordinates":[-2.3491,53.46553]},"properties":{"k":"c"}},{"type":"Feature","geometry":{"type":"Point","coordinates":[-2.0961,53.62949]},"properties":{"k":"c"}},{"type":"Feature","geometry":{"type":"Point","coordinates":[-2.18295,53.47369]},"properties":{"k":"c"}},{"type":"Feature","geometry":{"type":"Point","coordinates":[-2.23015,53.56847]},"properties":{"k":"c"}},{"type":"Feature","geometry":{"type":"Point","coordinates":[-2.32995,53.42105]},"properties":{"k":"c"}},{"type":"Feature","geometry":{"type":"Point","coordinates":[-2.22527,53.48443]},"properties":{"k":"c"}},{"type":"Feature","geometry":{"type":"Point","coordinates":[-2.25745,53.52202]},"properties":{"k":"c"}},{"type":"Feature","geometry":{"type":"Point","coordinates":[-2.23553,53.46765]},"properties":{"k":"c"}},{"type":"Feature","geometry":{"type":"Point","coordinates":[-2.2437,53.48399]},"properties":{"k":"c"}},{"type":"Feature","geometry":{"type":"Point","coordinates":[-2.41093,53.45203]},"properties":{"k":"c"}},{"type":"Feature","geometry":{"type":"Point","coordinates":[-2.39419,53.46328]},"properties":{"k":"c"}},{"type":"Feature","geometry":{"type":"Point","coordinates":[-2.3481,53.38704]},"properties":{"k":"c"}},{"type":"Feature","geometry":{"type":"Point","coordinates":[-2.30085,53.47301]},"properties":{"k":"c"}},{"type":"Feature","geometry":{"type":"Point","coordinates":[-2.2378,53.48291]},"properties":{"k":"c"}},{"type":"Feature","geometry":{"type":"Point","coordinates":[-2.21657,53.59925]},"properties":{"k":"c"}},{"type":"Feature","geometry":{"type":"Point","coordinates":[-2.15027,53.50767]},"properties":{"k":"c"}},{"type":"Feature","geometry":{"type":"Point","coordinates":[-2.41947,53.57969]},"properties":{"k":"c"}},{"type":"Feature","geometry":{"type":"Point","coordinates":[-2.39515,53.54992]},"properties":{"k":"f"}},{"type":"Feature","geometry":{"type":"Point","coordinates":[-2.24964,53.47355]},"properties":{"k":"c"}},{"type":"Feature","geometry":{"type":"Point","coordinates":[-2.39229,53.4524]},"properties":{"k":"c"}},{"type":"Feature","geometry":{"type":"Point","coordinates":[-2.29412,53.36425]},"properties":{"k":"c"}},{"type":"Feature","geometry":{"type":"Point","coordinates":[-2.10479,53.60568]},"properties":{"k":"c"}},{"type":"Feature","geometry":{"type":"Point","coordinates":[-2.25216,53.47915]},"properties":{"k":"c"}},{"type":"Feature","geometry":{"type":"Point","coordinates":[-2.5782,53.53554]},"properties":{"k":"c"}},{"type":"Feature","geometry":{"type":"Point","coordinates":[-2.42923,53.58031]},"properties":{"k":"c"}},{"type":"Feature","geometry":{"type":"Point","coordinates":[-2.53331,53.52272]},"properties":{"k":"c"}},{"type":"Feature","geometry":{"type":"Point","coordinates":[-2.2516,53.40004]},"properties":{"k":"c"}},{"type":"Feature","geometry":{"type":"Point","coordinates":[-2.23469,53.46773]},"properties":{"k":"c"}},{"type":"Feature","geometry":{"type":"Point","coordinates":[-2.22955,53.39199]},"properties":{"k":"c"}},{"type":"Feature","geometry":{"type":"Point","coordinates":[-2.4362,53.41111]},"properties":{"k":"c"}},{"type":"Feature","geometry":{"type":"Point","coordinates":[-2.29196,53.59513]},"properties":{"k":"c"}},{"type":"Feature","geometry":{"type":"Point","coordinates":[-2.16127,53.41062]},"properties":{"k":"c"}},{"type":"Feature","geometry":{"type":"Point","coordinates":[-2.12194,53.56556]},"properties":{"k":"c"}},{"type":"Feature","geometry":{"type":"Point","coordinates":[-2.16441,53.3808]},"properties":{"k":"c"}},{"type":"Feature","geometry":{"type":"Point","coordinates":[-2.23124,53.48471]},"properties":{"k":"c"}},{"type":"Feature","geometry":{"type":"Point","coordinates":[-2.16538,53.35606]},"properties":{"k":"c"}},{"type":"Feature","geometry":{"type":"Point","coordinates":[-2.12236,53.55349]},"properties":{"k":"c"}},{"type":"Feature","geometry":{"type":"Point","coordinates":[-2.25676,53.47797]},"properties":{"k":"c"}},{"type":"Feature","geometry":{"type":"Point","coordinates":[-2.60461,53.54327]},"properties":{"k":"c"}},{"type":"Feature","geometry":{"type":"Point","coordinates":[-2.22603,53.46868]},"properties":{"k":"c"}},{"type":"Feature","geometry":{"type":"Point","coordinates":[-2.0915,53.42659]},"properties":{"k":"c"}},{"type":"Feature","geometry":{"type":"Point","coordinates":[-2.23769,53.4766]},"properties":{"k":"f"}},{"type":"Feature","geometry":{"type":"Point","coordinates":[-2.34524,53.46337]},"properties":{"k":"c"}},{"type":"Feature","geometry":{"type":"Point","coordinates":[-2.01412,53.53844]},"properties":{"k":"c"}},{"type":"Feature","geometry":{"type":"Point","coordinates":[-2.42657,53.57848]},"properties":{"k":"c"}},{"type":"Feature","geometry":{"type":"Point","coordinates":[-2.28298,53.40793]},"properties":{"k":"c"}},{"type":"Feature","geometry":{"type":"Point","coordinates":[-2.70562,53.53871]},"properties":{"k":"c"}},{"type":"Feature","geometry":{"type":"Point","coordinates":[-2.19206,53.44848]},"properties":{"k":"c"}},{"type":"Feature","geometry":{"type":"Point","coordinates":[-2.43099,53.59093]},"properties":{"k":"f"}},{"type":"Feature","geometry":{"type":"Point","coordinates":[-2.24942,53.43282]},"properties":{"k":"c"}},{"type":"Feature","geometry":{"type":"Point","coordinates":[-2.15664,53.41208]},"properties":{"k":"c"}},{"type":"Feature","geometry":{"type":"Point","coordinates":[-2.33088,53.51634]},"properties":{"k":"c"}},{"type":"Feature","geometry":{"type":"Point","coordinates":[-2.07974,53.4577]},"properties":{"k":"c"}},{"type":"Feature","geometry":{"type":"Point","coordinates":[-2.22348,53.48031]},"properties":{"k":"c"}},{"type":"Feature","geometry":{"type":"Point","coordinates":[-2.10077,53.54685]},"properties":{"k":"c"}},{"type":"Feature","geometry":{"type":"Point","coordinates":[-2.2809,53.46523]},"properties":{"k":"c"}},{"type":"Feature","geometry":{"type":"Point","coordinates":[-2.22724,53.48685]},"properties":{"k":"c"}},{"type":"Feature","geometry":{"type":"Point","coordinates":[-2.42999,53.58093]},"properties":{"k":"c"}},{"type":"Feature","geometry":{"type":"Point","coordinates":[-2.16459,53.40224]},"properties":{"k":"c"}},{"type":"Feature","geometry":{"type":"Point","coordinates":[-2.60964,53.57308]},"properties":{"k":"c"}},{"type":"Feature","geometry":{"type":"Point","coordinates":[-2.63227,53.5489]},"properties":{"k":"c"}},{"type":"Feature","geometry":{"type":"Point","coordinates":[-2.4299,53.5785]},"properties":{"k":"c"}},{"type":"Feature","geometry":{"type":"Point","coordinates":[-2.14141,53.40604]},"properties":{"k":"c"}},{"type":"Feature","geometry":{"type":"Point","coordinates":[-2.28181,53.53978]},"properties":{"k":"c"}},{"type":"Feature","geometry":{"type":"Point","coordinates":[-2.15551,53.51312]},"properties":{"k":"c"}},{"type":"Feature","geometry":{"type":"Point","coordinates":[-2.23367,53.41813]},"properties":{"k":"c"}},{"type":"Feature","geometry":{"type":"Point","coordinates":[-2.57292,53.53657]},"properties":{"k":"c"}},{"type":"Feature","geometry":{"type":"Point","coordinates":[-2.21607,53.51013]},"properties":{"k":"c"}},{"type":"Feature","geometry":{"type":"Point","coordinates":[-2.22422,53.37172]},"properties":{"k":"c"}},{"type":"Feature","geometry":{"type":"Point","coordinates":[-2.0925,53.48779]},"properties":{"k":"c"}},{"type":"Feature","geometry":{"type":"Point","coordinates":[-2.38097,53.56169]},"properties":{"k":"c"}},{"type":"Feature","geometry":{"type":"Point","coordinates":[-2.34591,53.45505]},"properties":{"k":"c"}},{"type":"Feature","geometry":{"type":"Point","coordinates":[-2.22266,53.45299]},"properties":{"k":"c"}},{"type":"Feature","geometry":{"type":"Point","coordinates":[-2.16038,53.40995]},"properties":{"k":"c"}},{"type":"Feature","geometry":{"type":"Point","coordinates":[-2.38619,53.51723]},"properties":{"k":"c"}},{"type":"Feature","geometry":{"type":"Point","coordinates":[-2.3481,53.38905]},"properties":{"k":"c"}},{"type":"Feature","geometry":{"type":"Point","coordinates":[-2.29521,53.55226]},"properties":{"k":"c"}},{"type":"Feature","geometry":{"type":"Point","coordinates":[-2.4646,53.58821]},"properties":{"k":"c"}},{"type":"Feature","geometry":{"type":"Point","coordinates":[-2.23344,53.47215]},"properties":{"k":"c"}},{"type":"Feature","geometry":{"type":"Point","coordinates":[-2.4335,53.57129]},"properties":{"k":"c"}},{"type":"Feature","geometry":{"type":"Point","coordinates":[-2.00454,53.53553]},"properties":{"k":"c"}},{"type":"Feature","geometry":{"type":"Point","coordinates":[-2.11052,53.54112]},"properties":{"k":"c"}},{"type":"Feature","geometry":{"type":"Point","coordinates":[-2.23205,53.58574]},"properties":{"k":"c"}},{"type":"Feature","geometry":{"type":"Point","coordinates":[-2.36141,53.39832]},"properties":{"k":"c"}},{"type":"Feature","geometry":{"type":"Point","coordinates":[-2.38793,53.46972]},"properties":{"k":"c"}},{"type":"Feature","geometry":{"type":"Point","coordinates":[-2.4599,53.49966]},"properties":{"k":"c"}},{"type":"Feature","geometry":{"type":"Point","coordinates":[-2.63879,53.48802]},"properties":{"k":"f"}},{"type":"Feature","geometry":{"type":"Point","coordinates":[-2.29043,53.45656]},"properties":{"k":"c"}},{"type":"Feature","geometry":{"type":"Point","coordinates":[-2.52349,53.50125]},"properties":{"k":"c"}},{"type":"Feature","geometry":{"type":"Point","coordinates":[-2.25762,53.45325]},"properties":{"k":"f"}},{"type":"Feature","geometry":{"type":"Point","coordinates":[-2.62231,53.54562]},"properties":{"k":"c"}},{"type":"Feature","geometry":{"type":"Point","coordinates":[-2.23234,53.39503]},"properties":{"k":"c"}},{"type":"Feature","geometry":{"type":"Point","coordinates":[-2.27646,53.55161]},"properties":{"k":"c"}},{"type":"Feature","geometry":{"type":"Point","coordinates":[-2.23074,53.5677]},"properties":{"k":"c"}},{"type":"Feature","geometry":{"type":"Point","coordinates":[-2.22478,53.45432]},"properties":{"k":"c"}},{"type":"Feature","geometry":{"type":"Point","coordinates":[-2.11397,53.54004]},"properties":{"k":"f"}},{"type":"Feature","geometry":{"type":"Point","coordinates":[-2.15737,53.43425]},"properties":{"k":"c"}},{"type":"Feature","geometry":{"type":"Point","coordinates":[-2.23262,53.47815]},"properties":{"k":"c"}},{"type":"Feature","geometry":{"type":"Point","coordinates":[-2.30653,53.50198]},"properties":{"k":"c"}},{"type":"Feature","geometry":{"type":"Point","coordinates":[-2.2775,53.41147]},"properties":{"k":"c"}},{"type":"Feature","geometry":{"type":"Point","coordinates":[-2.15832,53.60997]},"properties":{"k":"c"}},{"type":"Feature","geometry":{"type":"Point","coordinates":[-2.23111,53.48375]},"properties":{"k":"c"}},{"type":"Feature","geometry":{"type":"Point","coordinates":[-2.19133,53.44547]},"properties":{"k":"c"}},{"type":"Feature","geometry":{"type":"Point","coordinates":[-2.24093,53.47844]},"properties":{"k":"f"}},{"type":"Feature","geometry":{"type":"Point","coordinates":[-2.11449,53.45556]},"properties":{"k":"c"}},{"type":"Feature","geometry":{"type":"Point","coordinates":[-2.25246,53.46001]},"properties":{"k":"c"}},{"type":"Feature","geometry":{"type":"Point","coordinates":[-2.63715,53.4878]},"properties":{"k":"c"}},{"type":"Feature","geometry":{"type":"Point","coordinates":[-2.16774,53.37386]},"properties":{"k":"c"}},{"type":"Feature","geometry":{"type":"Point","coordinates":[-2.36435,53.47878]},"properties":{"k":"c"}},{"type":"Feature","geometry":{"type":"Point","coordinates":[-2.29379,53.44172]},"properties":{"k":"c"}},{"type":"Feature","geometry":{"type":"Point","coordinates":[-2.17957,53.50207]},"properties":{"k":"c"}},{"type":"Feature","geometry":{"type":"Point","coordinates":[-2.27709,53.40491]},"properties":{"k":"c"}},{"type":"Feature","geometry":{"type":"Point","coordinates":[-2.09648,53.48667]},"properties":{"k":"c"}},{"type":"Feature","geometry":{"type":"Point","coordinates":[-2.35216,53.48289]},"properties":{"k":"f"}},{"type":"Feature","geometry":{"type":"Point","coordinates":[-2.46333,53.56787]},"properties":{"k":"c"}},{"type":"Feature","geometry":{"type":"Point","coordinates":[-2.15702,53.40313]},"properties":{"k":"c"}},{"type":"Feature","geometry":{"type":"Point","coordinates":[-2.4304,53.58082]},"properties":{"k":"c"}},{"type":"Feature","geometry":{"type":"Point","coordinates":[-2.23893,53.47187]},"properties":{"k":"c"}},{"type":"Feature","geometry":{"type":"Point","coordinates":[-2.57569,53.51485]},"properties":{"k":"c"}},{"type":"Feature","geometry":{"type":"Point","coordinates":[-2.23519,53.488]},"properties":{"k":"c"}},{"type":"Feature","geometry":{"type":"Point","coordinates":[-2.31506,53.48572]},"properties":{"k":"c"}},{"type":"Feature","geometry":{"type":"Point","coordinates":[-2.23382,53.46675]},"properties":{"k":"c"}},{"type":"Feature","geometry":{"type":"Point","coordinates":[-2.22767,53.46013]},"properties":{"k":"c"}},{"type":"Feature","geometry":{"type":"Point","coordinates":[-2.34123,53.51306]},"properties":{"k":"c"}},{"type":"Feature","geometry":{"type":"Point","coordinates":[-2.18614,53.44521]},"properties":{"k":"c"}},{"type":"Feature","geometry":{"type":"Point","coordinates":[-2.18889,53.37642]},"properties":{"k":"c"}},{"type":"Feature","geometry":{"type":"Point","coordinates":[-2.26649,53.52953]},"properties":{"k":"c"}},{"type":"Feature","geometry":{"type":"Point","coordinates":[-2.24075,53.48423]},"properties":{"k":"c"}},{"type":"Feature","geometry":{"type":"Point","coordinates":[-2.07383,53.44575]},"properties":{"k":"c"}},{"type":"Feature","geometry":{"type":"Point","coordinates":[-2.02922,53.56966]},"properties":{"k":"c"}},{"type":"Feature","geometry":{"type":"Point","coordinates":[-2.227,53.45768]},"properties":{"k":"c"}},{"type":"Feature","geometry":{"type":"Point","coordinates":[-2.10199,53.49636]},"properties":{"k":"c"}},{"type":"Feature","geometry":{"type":"Point","coordinates":[-2.11201,53.54175]},"properties":{"k":"c"}},{"type":"Feature","geometry":{"type":"Point","coordinates":[-2.08991,53.54709]},"properties":{"k":"c"}},{"type":"Feature","geometry":{"type":"Point","coordinates":[-2.43824,53.57047]},"properties":{"k":"c"}},{"type":"Feature","geometry":{"type":"Point","coordinates":[-2.63658,53.48746]},"properties":{"k":"c"}},{"type":"Feature","geometry":{"type":"Point","coordinates":[-2.05405,53.53744]},"properties":{"k":"c"}},{"type":"Feature","geometry":{"type":"Point","coordinates":[-2.22178,53.534]},"properties":{"k":"f"}},{"type":"Feature","geometry":{"type":"Point","coordinates":[-2.31697,53.46572]},"properties":{"k":"c"}},{"type":"Feature","geometry":{"type":"Point","coordinates":[-2.04071,53.4511]},"properties":{"k":"c"}},{"type":"Feature","geometry":{"type":"Point","coordinates":[-2.29983,53.57068]},"properties":{"k":"c"}},{"type":"Feature","geometry":{"type":"Point","coordinates":[-2.63066,53.54634]},"properties":{"k":"c"}},{"type":"Feature","geometry":{"type":"Point","coordinates":[-2.59835,53.47303]},"properties":{"k":"c"}},{"type":"Feature","geometry":{"type":"Point","coordinates":[-2.12084,53.61516]},"properties":{"k":"c"}},{"type":"Feature","geometry":{"type":"Point","coordinates":[-2.15523,53.61711]},"properties":{"k":"c"}},{"type":"Feature","geometry":{"type":"Point","coordinates":[-2.39624,53.60518]},"properties":{"k":"c"}},{"type":"Feature","geometry":{"type":"Point","coordinates":[-2.14569,53.47835]},"properties":{"k":"c"}},{"type":"Feature","geometry":{"type":"Point","coordinates":[-2.25039,53.47637]},"properties":{"k":"c"}},{"type":"Feature","geometry":{"type":"Point","coordinates":[-2.1758,53.59737]},"properties":{"k":"c"}},{"type":"Feature","geometry":{"type":"Point","coordinates":[-2.0808,53.48394]},"properties":{"k":"c"}},{"type":"Feature","geometry":{"type":"Point","coordinates":[-2.24852,53.46758]},"properties":{"k":"c"}},{"type":"Feature","geometry":{"type":"Point","coordinates":[-2.22476,53.45419]},"properties":{"k":"f"}},{"type":"Feature","geometry":{"type":"Point","coordinates":[-2.20966,53.4275]},"properties":{"k":"c"}},{"type":"Feature","geometry":{"type":"Point","coordinates":[-2.5011,53.48094]},"properties":{"k":"c"}},{"type":"Feature","geometry":{"type":"Point","coordinates":[-2.18046,53.50087]},"properties":{"k":"f"}},{"type":"Feature","geometry":{"type":"Point","coordinates":[-2.70633,53.57102]},"properties":{"k":"c"}},{"type":"Feature","geometry":{"type":"Point","coordinates":[-2.31835,53.64882]},"properties":{"k":"c"}},{"type":"Feature","geometry":{"type":"Point","coordinates":[-2.17107,53.61202]},"properties":{"k":"c"}},{"type":"Feature","geometry":{"type":"Point","coordinates":[-2.24889,53.48112]},"properties":{"k":"c"}},{"type":"Feature","geometry":{"type":"Point","coordinates":[-2.09439,53.63347]},"properties":{"k":"c"}},{"type":"Feature","geometry":{"type":"Point","coordinates":[-2.22137,53.47053]},"properties":{"k":"c"}},{"type":"Feature","geometry":{"type":"Point","coordinates":[-2.17209,53.56798]},"properties":{"k":"c"}},{"type":"Feature","geometry":{"type":"Point","coordinates":[-2.24852,53.46057]},"properties":{"k":"f"}},{"type":"Feature","geometry":{"type":"Point","coordinates":[-2.1568,53.41144]},"properties":{"k":"c"}},{"type":"Feature","geometry":{"type":"Point","coordinates":[-2.42949,53.58156]},"properties":{"k":"c"}},{"type":"Feature","geometry":{"type":"Point","coordinates":[-2.39974,53.52844]},"properties":{"k":"c"}},{"type":"Feature","geometry":{"type":"Point","coordinates":[-2.20562,53.35635]},"properties":{"k":"c"}},{"type":"Feature","geometry":{"type":"Point","coordinates":[-2.2429,53.44267]},"properties":{"k":"c"}},{"type":"Feature","geometry":{"type":"Point","coordinates":[-2.21937,53.62842]},"properties":{"k":"c"}},{"type":"Feature","geometry":{"type":"Point","coordinates":[-2.23932,53.48344]},"properties":{"k":"c"}},{"type":"Feature","geometry":{"type":"Point","coordinates":[-2.6343,53.544]},"properties":{"k":"c"}},{"type":"Feature","geometry":{"type":"Point","coordinates":[-2.16641,53.40187]},"properties":{"k":"c"}},{"type":"Feature","geometry":{"type":"Point","coordinates":[-2.16021,53.61558]},"properties":{"k":"c"}},{"type":"Feature","geometry":{"type":"Point","coordinates":[-2.31283,53.49753]},"properties":{"k":"c"}},{"type":"Feature","geometry":{"type":"Point","coordinates":[-2.42555,53.41761]},"properties":{"k":"c"}},{"type":"Feature","geometry":{"type":"Point","coordinates":[-2.23767,53.48028]},"properties":{"k":"c"}},{"type":"Feature","geometry":{"type":"Point","coordinates":[-2.64571,53.5595]},"properties":{"k":"c"}},{"type":"Feature","geometry":{"type":"Point","coordinates":[-2.16066,53.5956]},"properties":{"k":"c"}},{"type":"Feature","geometry":{"type":"Point","coordinates":[-2.32592,53.5592]},"properties":{"k":"c"}},{"type":"Feature","geometry":{"type":"Point","coordinates":[-2.44082,53.56812]},"properties":{"k":"f"}},{"type":"Feature","geometry":{"type":"Point","coordinates":[-2.26528,53.60009]},"properties":{"k":"c"}},{"type":"Feature","geometry":{"type":"Point","coordinates":[-2.21165,53.51088]},"properties":{"k":"c"}},{"type":"Feature","geometry":{"type":"Point","coordinates":[-2.31496,53.44072]},"properties":{"k":"c"}},{"type":"Feature","geometry":{"type":"Point","coordinates":[-2.14573,53.47884]},"properties":{"k":"c"}},{"type":"Feature","geometry":{"type":"Point","coordinates":[-2.12109,53.50132]},"properties":{"k":"c"}},{"type":"Feature","geometry":{"type":"Point","coordinates":[-2.28006,53.50408]},"properties":{"k":"c"}},{"type":"Feature","geometry":{"type":"Point","coordinates":[-2.15633,53.43229]},"properties":{"k":"f"}},{"type":"Feature","geometry":{"type":"Point","coordinates":[-2.2477,53.48745]},"properties":{"k":"c"}},{"type":"Feature","geometry":{"type":"Point","coordinates":[-2.14594,53.47896]},"properties":{"k":"c"}},{"type":"Feature","geometry":{"type":"Point","coordinates":[-2.23775,53.46979]},"properties":{"k":"c"}},{"type":"Feature","geometry":{"type":"Point","coordinates":[-2.35347,53.44049]},"properties":{"k":"c"}},{"type":"Feature","geometry":{"type":"Point","coordinates":[-2.58158,53.47464]},"properties":{"k":"c"}},{"type":"Feature","geometry":{"type":"Point","coordinates":[-2.39145,53.54376]},"properties":{"k":"c"}},{"type":"Feature","geometry":{"type":"Point","coordinates":[-2.2507,53.49398]},"properties":{"k":"c"}},{"type":"Feature","geometry":{"type":"Point","coordinates":[-2.00642,53.54737]},"properties":{"k":"c"}},{"type":"Feature","geometry":{"type":"Point","coordinates":[-2.25587,53.4072]},"properties":{"k":"c"}},{"type":"Feature","geometry":{"type":"Point","coordinates":[-2.13101,53.61103]},"properties":{"k":"c"}},{"type":"Feature","geometry":{"type":"Point","coordinates":[-2.0408,53.51402]},"properties":{"k":"c"}},{"type":"Feature","geometry":{"type":"Point","coordinates":[-2.17953,53.41115]},"properties":{"k":"c"}},{"type":"Feature","geometry":{"type":"Point","coordinates":[-2.48383,53.52916]},"properties":{"k":"c"}},{"type":"Feature","geometry":{"type":"Point","coordinates":[-2.22359,53.45364]},"properties":{"k":"f"}},{"type":"Feature","geometry":{"type":"Point","coordinates":[-2.23509,53.5845]},"properties":{"k":"c"}},{"type":"Feature","geometry":{"type":"Point","coordinates":[-2.34637,53.37731]},"properties":{"k":"c"}},{"type":"Feature","geometry":{"type":"Point","coordinates":[-2.43804,53.57251]},"properties":{"k":"c"}},{"type":"Feature","geometry":{"type":"Point","coordinates":[-2.23183,53.56824]},"properties":{"k":"c"}},{"type":"Feature","geometry":{"type":"Point","coordinates":[-2.33574,53.51231]},"properties":{"k":"c"}},{"type":"Feature","geometry":{"type":"Point","coordinates":[-2.23075,53.51867]},"properties":{"k":"c"}},{"type":"Feature","geometry":{"type":"Point","coordinates":[-2.30027,53.58634]},"properties":{"k":"f"}},{"type":"Feature","geometry":{"type":"Point","coordinates":[-2.24365,53.48412]},"properties":{"k":"c"}},{"type":"Feature","geometry":{"type":"Point","coordinates":[-2.23362,53.48438]},"properties":{"k":"c"}},{"type":"Feature","geometry":{"type":"Point","coordinates":[-2.24101,53.42843]},"properties":{"k":"c"}},{"type":"Feature","geometry":{"type":"Point","coordinates":[-2.41393,53.52652]},"properties":{"k":"c"}},{"type":"Feature","geometry":{"type":"Point","coordinates":[-2.32287,53.42753]},"properties":{"k":"c"}},{"type":"Feature","geometry":{"type":"Point","coordinates":[-2.3751,53.45138]},"properties":{"k":"c"}},{"type":"Feature","geometry":{"type":"Point","coordinates":[-2.55832,53.46995]},"properties":{"k":"c"}},{"type":"Feature","geometry":{"type":"Point","coordinates":[-2.09297,53.48959]},"properties":{"k":"c"}},{"type":"Feature","geometry":{"type":"Point","coordinates":[-2.10691,53.54271]},"properties":{"k":"c"}},{"type":"Feature","geometry":{"type":"Point","coordinates":[-2.25,53.3833]},"properties":{"k":"c"}},{"type":"Feature","geometry":{"type":"Point","coordinates":[-2.51316,53.49593]},"properties":{"k":"c"}},{"type":"Feature","geometry":{"type":"Point","coordinates":[-2.28856,53.54231]},"properties":{"k":"c"}},{"type":"Feature","geometry":{"type":"Point","coordinates":[-2.51922,53.49683]},"properties":{"k":"c"}},{"type":"Feature","geometry":{"type":"Point","coordinates":[-2.33486,53.4847]},"properties":{"k":"c"}},{"type":"Feature","geometry":{"type":"Point","coordinates":[-2.09249,53.54782]},"properties":{"k":"f"}},{"type":"Feature","geometry":{"type":"Point","coordinates":[-2.3216,53.56141]},"properties":{"k":"c"}},{"type":"Feature","geometry":{"type":"Point","coordinates":[-2.44909,53.49494]},"properties":{"k":"c"}},{"type":"Feature","geometry":{"type":"Point","coordinates":[-2.11428,53.53994]},"properties":{"k":"c"}},{"type":"Feature","geometry":{"type":"Point","coordinates":[-2.52673,53.5116]},"properties":{"k":"c"}},{"type":"Feature","geometry":{"type":"Point","coordinates":[-2.09375,53.48856]},"properties":{"k":"c"}},{"type":"Feature","geometry":{"type":"Point","coordinates":[-2.29881,53.48418]},"properties":{"k":"c"}},{"type":"Feature","geometry":{"type":"Point","coordinates":[-2.09011,53.48984]},"properties":{"k":"f"}},{"type":"Feature","geometry":{"type":"Point","coordinates":[-2.41664,53.54896]},"properties":{"k":"f"}},{"type":"Feature","geometry":{"type":"Point","coordinates":[-2.39859,53.52422]},"properties":{"k":"c"}},{"type":"Feature","geometry":{"type":"Point","coordinates":[-2.68167,53.54473]},"properties":{"k":"c"}},{"type":"Feature","geometry":{"type":"Point","coordinates":[-2.09359,53.57584]},"properties":{"k":"c"}},{"type":"Feature","geometry":{"type":"Point","coordinates":[-2.43243,53.433]},"properties":{"k":"c"}},{"type":"Feature","geometry":{"type":"Point","coordinates":[-2.24988,53.49347]},"properties":{"k":"c"}},{"type":"Feature","geometry":{"type":"Point","coordinates":[-2.40063,53.52787]},"properties":{"k":"c"}},{"type":"Feature","geometry":{"type":"Point","coordinates":[-2.19255,53.61219]},"properties":{"k":"c"}},{"type":"Feature","geometry":{"type":"Point","coordinates":[-2.09334,53.5775]},"properties":{"k":"c"}},{"type":"Feature","geometry":{"type":"Point","coordinates":[-2.38713,53.44113]},"properties":{"k":"c"}},{"type":"Feature","geometry":{"type":"Point","coordinates":[-2.28369,53.4829]},"properties":{"k":"c"}},{"type":"Feature","geometry":{"type":"Point","coordinates":[-2.22627,53.45741]},"properties":{"k":"c"}},{"type":"Feature","geometry":{"type":"Point","coordinates":[-2.2398,53.46811]},"properties":{"k":"c"}},{"type":"Feature","geometry":{"type":"Point","coordinates":[-2.43101,53.58241]},"properties":{"k":"c"}},{"type":"Feature","geometry":{"type":"Point","coordinates":[-2.18004,53.51898]},"properties":{"k":"c"}},{"type":"Feature","geometry":{"type":"Point","coordinates":[-2.2384,53.47951]},"properties":{"k":"c"}},{"type":"Feature","geometry":{"type":"Point","coordinates":[-2.24343,53.48093]},"properties":{"k":"c"}},{"type":"Feature","geometry":{"type":"Point","coordinates":[-2.07172,53.52961]},"properties":{"k":"c"}},{"type":"Feature","geometry":{"type":"Point","coordinates":[-2.1543,53.61178]},"properties":{"k":"c"}},{"type":"Feature","geometry":{"type":"Point","coordinates":[-2.0968,53.48259]},"properties":{"k":"c"}},{"type":"Feature","geometry":{"type":"Point","coordinates":[-2.18389,53.60156]},"properties":{"k":"f"}},{"type":"Feature","geometry":{"type":"Point","coordinates":[-2.22467,53.45529]},"properties":{"k":"c"}},{"type":"Feature","geometry":{"type":"Point","coordinates":[-2.46347,53.51419]},"properties":{"k":"c"}},{"type":"Feature","geometry":{"type":"Point","coordinates":[-2.18702,53.48329]},"properties":{"k":"f"}},{"type":"Feature","geometry":{"type":"Point","coordinates":[-2.39137,53.5456]},"properties":{"k":"c"}},{"type":"Feature","geometry":{"type":"Point","coordinates":[-2.25521,53.54852]},"properties":{"k":"c"}},{"type":"Feature","geometry":{"type":"Point","coordinates":[-2.53445,53.58976]},"properties":{"k":"c"}},{"type":"Feature","geometry":{"type":"Point","coordinates":[-2.15741,53.41043]},"properties":{"k":"c"}},{"type":"Feature","geometry":{"type":"Point","coordinates":[-2.32392,53.48787]},"properties":{"k":"c"}},{"type":"Feature","geometry":{"type":"Point","coordinates":[-2.07903,53.45051]},"properties":{"k":"f"}},{"type":"Feature","geometry":{"type":"Point","coordinates":[-2.22511,53.46075]},"properties":{"k":"c"}},{"type":"Feature","geometry":{"type":"Point","coordinates":[-2.18297,53.44336]},"properties":{"k":"c"}},{"type":"Feature","geometry":{"type":"Point","coordinates":[-2.31803,53.64824]},"properties":{"k":"c"}},{"type":"Feature","geometry":{"type":"Point","coordinates":[-2.08961,53.49008]},"properties":{"k":"c"}},{"type":"Feature","geometry":{"type":"Point","coordinates":[-2.21588,53.39437]},"properties":{"k":"c"}},{"type":"Feature","geometry":{"type":"Point","coordinates":[-2.25721,53.53856]},"properties":{"k":"c"}},{"type":"Feature","geometry":{"type":"Point","coordinates":[-2.17795,53.54348]},"properties":{"k":"c"}},{"type":"Feature","geometry":{"type":"Point","coordinates":[-2.29993,53.47231]},"properties":{"k":"c"}},{"type":"Feature","geometry":{"type":"Point","coordinates":[-2.15603,53.41137]},"properties":{"k":"c"}},{"type":"Feature","geometry":{"type":"Point","coordinates":[-2.11938,53.52521]},"properties":{"k":"c"}},{"type":"Feature","geometry":{"type":"Point","coordinates":[-2.69419,53.57123]},"properties":{"k":"c"}},{"type":"Feature","geometry":{"type":"Point","coordinates":[-2.24347,53.47575]},"properties":{"k":"c"}},{"type":"Feature","geometry":{"type":"Point","coordinates":[-2.21117,53.49165]},"properties":{"k":"c"}},{"type":"Feature","geometry":{"type":"Point","coordinates":[-2.05528,53.39552]},"properties":{"k":"c"}},{"type":"Feature","geometry":{"type":"Point","coordinates":[-2.26933,53.44595]},"properties":{"k":"c"}},{"type":"Feature","geometry":{"type":"Point","coordinates":[-2.49067,53.52372]},"properties":{"k":"c"}},{"type":"Feature","geometry":{"type":"Point","coordinates":[-2.25121,53.50633]},"properties":{"k":"f"}},{"type":"Feature","geometry":{"type":"Point","coordinates":[-2.40514,53.58037]},"properties":{"k":"c"}},{"type":"Feature","geometry":{"type":"Point","coordinates":[-2.23677,53.48302]},"properties":{"k":"c"}},{"type":"Feature","geometry":{"type":"Point","coordinates":[-2.47197,53.56258]},"properties":{"k":"c"}},{"type":"Feature","geometry":{"type":"Point","coordinates":[-2.12177,53.54611]},"properties":{"k":"c"}},{"type":"Feature","geometry":{"type":"Point","coordinates":[-2.13364,53.54328]},"properties":{"k":"c"}},{"type":"Feature","geometry":{"type":"Point","coordinates":[-2.09612,53.54302]},"properties":{"k":"c"}},{"type":"Feature","geometry":{"type":"Point","coordinates":[-2.39277,53.54813]},"properties":{"k":"c"}},{"type":"Feature","geometry":{"type":"Point","coordinates":[-2.21697,53.47189]},"properties":{"k":"c"}},{"type":"Feature","geometry":{"type":"Point","coordinates":[-2.38333,53.5]},"properties":{"k":"c"}},{"type":"Feature","geometry":{"type":"Point","coordinates":[-2.15747,53.61785]},"properties":{"k":"c"}},{"type":"Feature","geometry":{"type":"Point","coordinates":[-2.41216,53.5901]},"properties":{"k":"c"}},{"type":"Feature","geometry":{"type":"Point","coordinates":[-2.25759,53.45909]},"properties":{"k":"f"}},{"type":"Feature","geometry":{"type":"Point","coordinates":[-2.29661,53.47515]},"properties":{"k":"c"}},{"type":"Feature","geometry":{"type":"Point","coordinates":[-2.30316,53.40317]},"properties":{"k":"c"}},{"type":"Feature","geometry":{"type":"Point","coordinates":[-2.46687,53.51309]},"properties":{"k":"c"}},{"type":"Feature","geometry":{"type":"Point","coordinates":[-2.42746,53.60539]},"properties":{"k":"c"}},{"type":"Feature","geometry":{"type":"Point","coordinates":[-2.52853,53.50058]},"properties":{"k":"c"}},{"type":"Feature","geometry":{"type":"Point","coordinates":[-2.51609,53.4959]},"properties":{"k":"c"}},{"type":"Feature","geometry":{"type":"Point","coordinates":[-2.30032,53.58643]},"properties":{"k":"c"}},{"type":"Feature","geometry":{"type":"Point","coordinates":[-2.36154,53.5118]},"properties":{"k":"c"}},{"type":"Feature","geometry":{"type":"Point","coordinates":[-2.14587,53.47929]},"properties":{"k":"c"}},{"type":"Feature","geometry":{"type":"Point","coordinates":[-2.064,53.39381]},"properties":{"k":"c"}},{"type":"Feature","geometry":{"type":"Point","coordinates":[-2.26144,53.36453]},"properties":{"k":"c"}},{"type":"Feature","geometry":{"type":"Point","coordinates":[-2.15457,53.61997]},"properties":{"k":"c"}},{"type":"Feature","geometry":{"type":"Point","coordinates":[-2.29513,53.591]},"properties":{"k":"c"}},{"type":"Feature","geometry":{"type":"Point","coordinates":[-2.10965,53.52106]},"properties":{"k":"c"}},{"type":"Feature","geometry":{"type":"Point","coordinates":[-2.27528,53.46215]},"properties":{"k":"c"}},{"type":"Feature","geometry":{"type":"Point","coordinates":[-2.4465,53.50122]},"properties":{"k":"c"}},{"type":"Feature","geometry":{"type":"Point","coordinates":[-2.11731,53.46224]},"properties":{"k":"c"}},{"type":"Feature","geometry":{"type":"Point","coordinates":[-2.45146,53.58772]},"properties":{"k":"c"}},{"type":"Feature","geometry":{"type":"Point","coordinates":[-2.24199,53.479]},"properties":{"k":"c"}},{"type":"Feature","geometry":{"type":"Point","coordinates":[-2.12966,53.54017]},"properties":{"k":"c"}},{"type":"Feature","geometry":{"type":"Point","coordinates":[-2.23394,53.46676]},"properties":{"k":"c"}},{"type":"Feature","geometry":{"type":"Point","coordinates":[-2.23652,53.47027]},"properties":{"k":"c"}},{"type":"Feature","geometry":{"type":"Point","coordinates":[-2.42983,53.43706]},"properties":{"k":"f"}},{"type":"Feature","geometry":{"type":"Point","coordinates":[-2.41001,53.5991]},"properties":{"k":"c"}},{"type":"Feature","geometry":{"type":"Point","coordinates":[-2.31976,53.42461]},"properties":{"k":"c"}},{"type":"Feature","geometry":{"type":"Point","coordinates":[-2.16774,53.37386]},"properties":{"k":"c"}},{"type":"Feature","geometry":{"type":"Point","coordinates":[-2.1555,53.61585]},"properties":{"k":"c"}},{"type":"Feature","geometry":{"type":"Point","coordinates":[-2.41317,53.49997]},"properties":{"k":"c"}},{"type":"Feature","geometry":{"type":"Point","coordinates":[-2.42973,53.58037]},"properties":{"k":"c"}},{"type":"Feature","geometry":{"type":"Point","coordinates":[-2.41075,53.43065]},"properties":{"k":"c"}},{"type":"Feature","geometry":{"type":"Point","coordinates":[-2.24102,53.48238]},"properties":{"k":"c"}},{"type":"Feature","geometry":{"type":"Point","coordinates":[-2.32381,53.4878]},"properties":{"k":"c"}},{"type":"Feature","geometry":{"type":"Point","coordinates":[-2.55274,53.59705]},"properties":{"k":"c"}},{"type":"Feature","geometry":{"type":"Point","coordinates":[-2.24003,53.47862]},"properties":{"k":"c"}},{"type":"Feature","geometry":{"type":"Point","coordinates":[-2.52752,53.49975]},"properties":{"k":"c"}},{"type":"Feature","geometry":{"type":"Point","coordinates":[-2.16185,53.41151]},"properties":{"k":"c"}},{"type":"Feature","geometry":{"type":"Point","coordinates":[-2.52362,53.53911]},"properties":{"k":"c"}},{"type":"Feature","geometry":{"type":"Point","coordinates":[-2.11396,53.45588]},"properties":{"k":"c"}},{"type":"Feature","geometry":{"type":"Point","coordinates":[-2.25269,53.48146]},"properties":{"k":"c"}},{"type":"Feature","geometry":{"type":"Point","coordinates":[-2.21893,53.44069]},"properties":{"k":"c"}},{"type":"Feature","geometry":{"type":"Point","coordinates":[-2.14139,53.55447]},"properties":{"k":"c"}},{"type":"Feature","geometry":{"type":"Point","coordinates":[-2.19114,53.44941]},"properties":{"k":"c"}},{"type":"Feature","geometry":{"type":"Point","coordinates":[-2.07669,53.41469]},"properties":{"k":"c"}},{"type":"Feature","geometry":{"type":"Point","coordinates":[-2.32562,53.5585]},"properties":{"k":"c"}},{"type":"Feature","geometry":{"type":"Point","coordinates":[-2.71467,53.52459]},"properties":{"k":"c"}},{"type":"Feature","geometry":{"type":"Point","coordinates":[-2.3614,53.44828]},"properties":{"k":"c"}},{"type":"Feature","geometry":{"type":"Point","coordinates":[-2.09434,53.4478]},"properties":{"k":"c"}},{"type":"Feature","geometry":{"type":"Point","coordinates":[-2.0944,53.57808]},"properties":{"k":"f"}},{"type":"Feature","geometry":{"type":"Point","coordinates":[-2.25368,53.47917]},"properties":{"k":"c"}},{"type":"Feature","geometry":{"type":"Point","coordinates":[-2.22469,53.63061]},"properties":{"k":"c"}},{"type":"Feature","geometry":{"type":"Point","coordinates":[-2.51845,53.50094]},"properties":{"k":"c"}},{"type":"Feature","geometry":{"type":"Point","coordinates":[-2.33894,53.60239]},"properties":{"k":"c"}},{"type":"Feature","geometry":{"type":"Point","coordinates":[-2.11295,53.37514]},"properties":{"k":"f"}},{"type":"Feature","geometry":{"type":"Point","coordinates":[-2.15896,53.41204]},"properties":{"k":"c"}},{"type":"Feature","geometry":{"type":"Point","coordinates":[-2.20112,53.45733]},"properties":{"k":"f"}},{"type":"Feature","geometry":{"type":"Point","coordinates":[-2.60933,53.57338]},"properties":{"k":"c"}},{"type":"Feature","geometry":{"type":"Point","coordinates":[-2.22462,53.45379]},"properties":{"k":"c"}},{"type":"Feature","geometry":{"type":"Point","coordinates":[-1.92634,53.55309]},"properties":{"k":"c"}},{"type":"Feature","geometry":{"type":"Point","coordinates":[-2.32616,53.45457]},"properties":{"k":"c"}},{"type":"Feature","geometry":{"type":"Point","coordinates":[-2.22815,53.44359]},"properties":{"k":"c"}},{"type":"Feature","geometry":{"type":"Point","coordinates":[-2.25693,53.47952]},"properties":{"k":"c"}},{"type":"Feature","geometry":{"type":"Point","coordinates":[-2.23688,53.37016]},"properties":{"k":"c"}},{"type":"Feature","geometry":{"type":"Point","coordinates":[-2.08866,53.47594]},"properties":{"k":"c"}},{"type":"Feature","geometry":{"type":"Point","coordinates":[-2.21742,53.47151]},"properties":{"k":"f"}},{"type":"Feature","geometry":{"type":"Point","coordinates":[-2.09342,53.6431]},"properties":{"k":"c"}},{"type":"Feature","geometry":{"type":"Point","coordinates":[-2.27619,53.38003]},"properties":{"k":"c"}},{"type":"Feature","geometry":{"type":"Point","coordinates":[-2.42215,53.45467]},"properties":{"k":"c"}},{"type":"Feature","geometry":{"type":"Point","coordinates":[-2.24455,53.47999]},"properties":{"k":"c"}},{"type":"Feature","geometry":{"type":"Point","coordinates":[-2.15231,53.40925]},"properties":{"k":"c"}},{"type":"Feature","geometry":{"type":"Point","coordinates":[-2.00473,53.53583]},"properties":{"k":"c"}},{"type":"Feature","geometry":{"type":"Point","coordinates":[-2.18858,53.39005]},"properties":{"k":"c"}},{"type":"Feature","geometry":{"type":"Point","coordinates":[-2.23482,53.46452]},"properties":{"k":"c"}},{"type":"Feature","geometry":{"type":"Point","coordinates":[-2.22511,53.4536]},"properties":{"k":"c"}},{"type":"Feature","geometry":{"type":"Point","coordinates":[-2.09433,53.57811]},"properties":{"k":"f"}},{"type":"Feature","geometry":{"type":"Point","coordinates":[-2.35186,53.46662]},"properties":{"k":"c"}},{"type":"Feature","geometry":{"type":"Point","coordinates":[-2.42076,53.41908]},"properties":{"k":"c"}},{"type":"Feature","geometry":{"type":"Point","coordinates":[-2.22376,53.45346]},"properties":{"k":"c"}},{"type":"Feature","geometry":{"type":"Point","coordinates":[-2.04533,53.43948]},"properties":{"k":"c"}},{"type":"Feature","geometry":{"type":"Point","coordinates":[-2.06304,53.39555]},"properties":{"k":"c"}},{"type":"Feature","geometry":{"type":"Point","coordinates":[-2.35205,53.46664]},"properties":{"k":"c"}},{"type":"Feature","geometry":{"type":"Point","coordinates":[-2.0697,53.4517]},"properties":{"k":"c"}},{"type":"Feature","geometry":{"type":"Point","coordinates":[-2.38435,53.44441]},"properties":{"k":"c"}},{"type":"Feature","geometry":{"type":"Point","coordinates":[-2.13711,53.37768]},"properties":{"k":"c"}},{"type":"Feature","geometry":{"type":"Point","coordinates":[-2.25026,53.48095]},"properties":{"k":"c"}},{"type":"Feature","geometry":{"type":"Point","coordinates":[-2.18532,53.60538]},"properties":{"k":"c"}},{"type":"Feature","geometry":{"type":"Point","coordinates":[-2.17574,53.4015]},"properties":{"k":"c"}},{"type":"Feature","geometry":{"type":"Point","coordinates":[-2.63332,53.54752]},"properties":{"k":"c"}},{"type":"Feature","geometry":{"type":"Point","coordinates":[-2.19671,53.55121]},"properties":{"k":"c"}},{"type":"Feature","geometry":{"type":"Point","coordinates":[-2.0666,53.49841]},"properties":{"k":"c"}},{"type":"Feature","geometry":{"type":"Point","coordinates":[-2.54647,53.6]},"properties":{"k":"c"}},{"type":"Feature","geometry":{"type":"Point","coordinates":[-2.23674,53.47993]},"properties":{"k":"c"}},{"type":"Feature","geometry":{"type":"Point","coordinates":[-2.2417,53.47201]},"properties":{"k":"c"}},{"type":"Feature","geometry":{"type":"Point","coordinates":[-2.34783,53.46599]},"properties":{"k":"c"}},{"type":"Feature","geometry":{"type":"Point","coordinates":[-2.40455,53.58071]},"properties":{"k":"c"}},{"type":"Feature","geometry":{"type":"Point","coordinates":[-2.14852,53.51619]},"properties":{"k":"c"}},{"type":"Feature","geometry":{"type":"Point","coordinates":[-2.24159,53.48346]},"properties":{"k":"c"}},{"type":"Feature","geometry":{"type":"Point","coordinates":[-2.19574,53.53509]},"properties":{"k":"c"}},{"type":"Feature","geometry":{"type":"Point","coordinates":[-2.14211,53.54379]},"properties":{"k":"c"}},{"type":"Feature","geometry":{"type":"Point","coordinates":[-2.56953,53.4665]},"properties":{"k":"c"}},{"type":"Feature","geometry":{"type":"Point","coordinates":[-2.26239,53.48349]},"properties":{"k":"c"}},{"type":"Feature","geometry":{"type":"Point","coordinates":[-2.11489,53.45874]},"properties":{"k":"c"}},{"type":"Feature","geometry":{"type":"Point","coordinates":[-2.08956,53.45317]},"properties":{"k":"c"}},{"type":"Feature","geometry":{"type":"Point","coordinates":[-2.35738,53.40061]},"properties":{"k":"c"}},{"type":"Feature","geometry":{"type":"Point","coordinates":[-2.34484,53.46885]},"properties":{"k":"c"}},{"type":"Feature","geometry":{"type":"Point","coordinates":[-2.29273,53.54667]},"properties":{"k":"c"}},{"type":"Feature","geometry":{"type":"Point","coordinates":[-2.29403,53.59191]},"properties":{"k":"c"}},{"type":"Feature","geometry":{"type":"Point","coordinates":[-2.23763,53.4471]},"properties":{"k":"c"}},{"type":"Feature","geometry":{"type":"Point","coordinates":[-2.10094,53.48658]},"properties":{"k":"c"}},{"type":"Feature","geometry":{"type":"Point","coordinates":[-2.24649,53.47966]},"properties":{"k":"c"}},{"type":"Feature","geometry":{"type":"Point","coordinates":[-2.17444,53.51715]},"properties":{"k":"c"}},{"type":"Feature","geometry":{"type":"Point","coordinates":[-2.25207,53.51746]},"properties":{"k":"c"}},{"type":"Feature","geometry":{"type":"Point","coordinates":[-2.1624,53.41105]},"properties":{"k":"c"}},{"type":"Feature","geometry":{"type":"Point","coordinates":[-2.08418,53.4899]},"properties":{"k":"c"}},{"type":"Feature","geometry":{"type":"Point","coordinates":[-2.71325,53.54063]},"properties":{"k":"c"}},{"type":"Feature","geometry":{"type":"Point","coordinates":[-2.63483,53.5061]},"properties":{"k":"c"}},{"type":"Feature","geometry":{"type":"Point","coordinates":[-2.58243,53.57076]},"properties":{"k":"c"}},{"type":"Feature","geometry":{"type":"Point","coordinates":[-2.11091,53.58119]},"properties":{"k":"c"}},{"type":"Feature","geometry":{"type":"Point","coordinates":[-2.24955,53.48142]},"properties":{"k":"c"}},{"type":"Feature","geometry":{"type":"Point","coordinates":[-2.39326,53.5488]},"properties":{"k":"c"}},{"type":"Feature","geometry":{"type":"Point","coordinates":[-2.06667,53.4]},"properties":{"k":"c"}},{"type":"Feature","geometry":{"type":"Point","coordinates":[-2.27333,53.36314]},"properties":{"k":"c"}},{"type":"Feature","geometry":{"type":"Point","coordinates":[-2.11365,53.47587]},"properties":{"k":"c"}},{"type":"Feature","geometry":{"type":"Point","coordinates":[-2.15918,53.40924]},"properties":{"k":"c"}},{"type":"Feature","geometry":{"type":"Point","coordinates":[-2.2799,53.37662]},"properties":{"k":"c"}},{"type":"Feature","geometry":{"type":"Point","coordinates":[-2.29001,53.60199]},"properties":{"k":"f"}},{"type":"Feature","geometry":{"type":"Point","coordinates":[-2.20427,53.45557]},"properties":{"k":"f"}},{"type":"Feature","geometry":{"type":"Point","coordinates":[-2.24924,53.46377]},"properties":{"k":"c"}},{"type":"Feature","geometry":{"type":"Point","coordinates":[-2.25886,53.40704]},"properties":{"k":"c"}},{"type":"Feature","geometry":{"type":"Point","coordinates":[-2.11244,53.52742]},"properties":{"k":"c"}},{"type":"Feature","geometry":{"type":"Point","coordinates":[-2.2252,53.45886]},"properties":{"k":"c"}},{"type":"Feature","geometry":{"type":"Point","coordinates":[-2.29863,53.59203]},"properties":{"k":"c"}},{"type":"Feature","geometry":{"type":"Point","coordinates":[-2.15895,53.41561]},"properties":{"k":"c"}},{"type":"Feature","geometry":{"type":"Point","coordinates":[-2.28592,53.53331]},"properties":{"k":"c"}},{"type":"Feature","geometry":{"type":"Point","coordinates":[-2.25034,53.48542]},"properties":{"k":"c"}},{"type":"Feature","geometry":{"type":"Point","coordinates":[-2.17209,53.40772]},"properties":{"k":"c"}},{"type":"Feature","geometry":{"type":"Point","coordinates":[-2.09354,53.5447]},"properties":{"k":"c"}},{"type":"Feature","geometry":{"type":"Point","coordinates":[-2.26325,53.48349]},"properties":{"k":"c"}},{"type":"Feature","geometry":{"type":"Point","coordinates":[-2.44797,53.50712]},"properties":{"k":"c"}},{"type":"Feature","geometry":{"type":"Point","coordinates":[-2.18305,53.47369]},"properties":{"k":"c"}},{"type":"Feature","geometry":{"type":"Point","coordinates":[-2.33143,53.4614]},"properties":{"k":"c"}},{"type":"Feature","geometry":{"type":"Point","coordinates":[-2.60451,53.54314]},"properties":{"k":"c"}},{"type":"Feature","geometry":{"type":"Point","coordinates":[-2.14338,53.54612]},"properties":{"k":"c"}},{"type":"Feature","geometry":{"type":"Point","coordinates":[-2.39191,53.60419]},"properties":{"k":"c"}},{"type":"Feature","geometry":{"type":"Point","coordinates":[-2.33004,53.41358]},"properties":{"k":"c"}},{"type":"Feature","geometry":{"type":"Point","coordinates":[-2.15422,53.50859]},"properties":{"k":"c"}},{"type":"Feature","geometry":{"type":"Point","coordinates":[-2.43635,53.576]},"properties":{"k":"c"}},{"type":"Feature","geometry":{"type":"Point","coordinates":[-2.41983,53.57977]},"properties":{"k":"c"}},{"type":"Feature","geometry":{"type":"Point","coordinates":[-2.58885,53.56953]},"properties":{"k":"c"}},{"type":"Feature","geometry":{"type":"Point","coordinates":[-2.08175,53.49387]},"properties":{"k":"c"}},{"type":"Feature","geometry":{"type":"Point","coordinates":[-2.46522,53.51391]},"properties":{"k":"c"}},{"type":"Feature","geometry":{"type":"Point","coordinates":[-2.15908,53.34131]},"properties":{"k":"c"}},{"type":"Feature","geometry":{"type":"Point","coordinates":[-2.2976,53.59297]},"properties":{"k":"c"}},{"type":"Feature","geometry":{"type":"Point","coordinates":[-2.24149,53.47998]},"properties":{"k":"c"}},{"type":"Feature","geometry":{"type":"Point","coordinates":[-2.20353,53.38871]},"properties":{"k":"c"}},{"type":"Feature","geometry":{"type":"Point","coordinates":[-2.23067,53.4839]},"properties":{"k":"c"}},{"type":"Feature","geometry":{"type":"Point","coordinates":[-2.52021,53.54846]},"properties":{"k":"f"}},{"type":"Feature","geometry":{"type":"Point","coordinates":[-2.33544,53.484]},"properties":{"k":"c"}},{"type":"Feature","geometry":{"type":"Point","coordinates":[-2.22847,53.43132]},"properties":{"k":"c"}},{"type":"Feature","geometry":{"type":"Point","coordinates":[-2.27269,53.45072]},"properties":{"k":"c"}},{"type":"Feature","geometry":{"type":"Point","coordinates":[-2.02694,53.56302]},"properties":{"k":"c"}},{"type":"Feature","geometry":{"type":"Point","coordinates":[-2.18289,53.43242]},"properties":{"k":"f"}},{"type":"Feature","geometry":{"type":"Point","coordinates":[-2.09413,53.48028]},"properties":{"k":"c"}},{"type":"Feature","geometry":{"type":"Point","coordinates":[-2.24864,53.47803]},"properties":{"k":"f"}},{"type":"Feature","geometry":{"type":"Point","coordinates":[-2.31022,53.4513]},"properties":{"k":"c"}},{"type":"Feature","geometry":{"type":"Point","coordinates":[-2.11225,53.45353]},"properties":{"k":"c"}},{"type":"Feature","geometry":{"type":"Point","coordinates":[-2.08515,53.67113]},"properties":{"k":"c"}},{"type":"Feature","geometry":{"type":"Point","coordinates":[-2.45926,53.55871]},"properties":{"k":"c"}},{"type":"Feature","geometry":{"type":"Point","coordinates":[-2.63458,53.55553]},"properties":{"k":"c"}},{"type":"Feature","geometry":{"type":"Point","coordinates":[-2.15645,53.59388]},"properties":{"k":"c"}},{"type":"Feature","geometry":{"type":"Point","coordinates":[-2.35659,53.44843]},"properties":{"k":"c"}},{"type":"Feature","geometry":{"type":"Point","coordinates":[-2.63263,53.55044]},"properties":{"k":"c"}},{"type":"Feature","geometry":{"type":"Point","coordinates":[-2.07004,53.48799]},"properties":{"k":"c"}},{"type":"Feature","geometry":{"type":"Point","coordinates":[-2.2578,53.39691]},"properties":{"k":"f"}},{"type":"Feature","geometry":{"type":"Point","coordinates":[-2.28582,53.53286]},"properties":{"k":"c"}},{"type":"Feature","geometry":{"type":"Point","coordinates":[-2.25014,53.47973]},"properties":{"k":"c"}}]}